-- MySQL dump 10.13  Distrib 5.7.22, for Linux (x86_64)
--
-- Host: localhost    Database: logistix
-- ------------------------------------------------------
-- Server version	5.7.22-0ubuntu0.16.04.1

/*!40101 SET @OLD_CHARACTER_SET_CLIENT=@@CHARACTER_SET_CLIENT */;
/*!40101 SET @OLD_CHARACTER_SET_RESULTS=@@CHARACTER_SET_RESULTS */;
/*!40101 SET @OLD_COLLATION_CONNECTION=@@COLLATION_CONNECTION */;
/*!40101 SET NAMES utf8 */;
/*!40103 SET @OLD_TIME_ZONE=@@TIME_ZONE */;
/*!40103 SET TIME_ZONE='+00:00' */;
/*!40014 SET @OLD_UNIQUE_CHECKS=@@UNIQUE_CHECKS, UNIQUE_CHECKS=0 */;
/*!40014 SET @OLD_FOREIGN_KEY_CHECKS=@@FOREIGN_KEY_CHECKS, FOREIGN_KEY_CHECKS=0 */;
/*!40101 SET @OLD_SQL_MODE=@@SQL_MODE, SQL_MODE='NO_AUTO_VALUE_ON_ZERO' */;
/*!40111 SET @OLD_SQL_NOTES=@@SQL_NOTES, SQL_NOTES=0 */;

--
-- Table structure for table `alerts`
--

DROP TABLE IF EXISTS `alerts`;
/*!40101 SET @saved_cs_client     = @@character_set_client */;
/*!40101 SET character_set_client = utf8 */;
CREATE TABLE `alerts` (
  `id` bigint(20) NOT NULL AUTO_INCREMENT,
  `created_by` varchar(255) DEFAULT NULL,
  `created_date` datetime DEFAULT NULL,
  `last_update_date` datetime DEFAULT NULL,
  `updated_by` varchar(255) DEFAULT NULL,
  `version` int(11) NOT NULL,
  `event_type` varchar(255) DEFAULT NULL,
  `expiration` varchar(255) DEFAULT NULL,
  `first_reminder` datetime DEFAULT NULL,
  `second_reminder` datetime DEFAULT NULL,
  `state` varchar(255) DEFAULT NULL,
  `unit` varchar(255) DEFAULT NULL,
  `vehicle_id` bigint(20) DEFAULT NULL,
  PRIMARY KEY (`id`),
  KEY `FKna82xsregx7j8317e4957iaoo` (`vehicle_id`),
  CONSTRAINT `FKna82xsregx7j8317e4957iaoo` FOREIGN KEY (`vehicle_id`) REFERENCES `vehicles` (`id`)
) ENGINE=InnoDB AUTO_INCREMENT=308 DEFAULT CHARSET=latin1;
/*!40101 SET character_set_client = @saved_cs_client */;

--
-- Dumping data for table `alerts`
--

LOCK TABLES `alerts` WRITE;
/*!40000 ALTER TABLE `alerts` DISABLE KEYS */;
INSERT INTO `alerts` VALUES (1,'Anonymous','2018-05-09 08:10:01','2018-05-09 08:10:01','Anonymous',0,'RCA','14-11-2017',NULL,NULL,'UNRESOLVED','DAY',7),(2,'Anonymous','2018-05-09 08:10:01','2018-05-09 08:10:01','Anonymous',0,'RCA','22-11-2017',NULL,NULL,'UNRESOLVED','DAY',8),(3,'Anonymous','2018-05-09 08:10:02','2018-05-09 08:10:02','Anonymous',0,'RCA','22-11-2017',NULL,NULL,'UNRESOLVED','DAY',9),(4,'Anonymous','2018-05-09 08:10:02','2018-05-09 08:10:02','Anonymous',0,'RCA','22-12-2017',NULL,NULL,'UNRESOLVED','DAY',10),(5,'Anonymous','2018-05-09 08:10:03','2018-05-09 08:10:03','Anonymous',0,'RCA','22-12-2017',NULL,NULL,'UNRESOLVED','DAY',11),(6,'Anonymous','2018-05-09 08:10:03','2018-05-09 08:10:03','Anonymous',0,'RCA','22-12-2017',NULL,NULL,'UNRESOLVED','DAY',12),(7,'Anonymous','2018-05-09 08:10:04','2018-05-09 08:10:04','Anonymous',0,'RCA','22-12-2017',NULL,NULL,'UNRESOLVED','DAY',13),(8,'Anonymous','2018-05-09 08:10:04','2018-05-09 08:10:04','Anonymous',0,'RCA','22-12-2017',NULL,NULL,'UNRESOLVED','DAY',14),(9,'Anonymous','2018-05-09 08:10:05','2018-05-09 08:10:05','Anonymous',0,'RCA','22-12-2017',NULL,NULL,'UNRESOLVED','DAY',15),(10,'Anonymous','2018-05-09 08:10:05','2018-05-09 08:10:05','Anonymous',0,'RCA','22-10-2017',NULL,NULL,'UNRESOLVED','DAY',16),(11,'Anonymous','2018-05-09 08:10:06','2018-05-09 08:10:06','Anonymous',0,'RCA','22-11-2017',NULL,NULL,'UNRESOLVED','DAY',17),(12,'Anonymous','2018-05-09 08:10:06','2018-05-09 08:10:06','Anonymous',0,'RCA','22-11-2017',NULL,NULL,'UNRESOLVED','DAY',18),(13,'Anonymous','2018-05-09 08:10:07','2018-05-09 08:10:07','Anonymous',0,'RCA','22-11-2017',NULL,NULL,'UNRESOLVED','DAY',19),(14,'Anonymous','2018-05-09 08:10:07','2018-05-09 08:10:07','Anonymous',0,'RCA','22-12-2017',NULL,NULL,'UNRESOLVED','DAY',20),(15,'Anonymous','2018-05-09 08:10:08','2018-05-09 08:10:08','Anonymous',0,'RCA','22-12-2017',NULL,NULL,'UNRESOLVED','DAY',21),(16,'Anonymous','2018-05-09 08:10:08','2018-05-09 08:10:08','Anonymous',0,'RCA','21-10-2017',NULL,NULL,'UNRESOLVED','DAY',22),(17,'Anonymous','2018-05-09 08:10:09','2018-05-09 08:10:09','Anonymous',0,'RCA','22-11-2017',NULL,NULL,'UNRESOLVED','DAY',23),(18,'Anonymous','2018-05-09 08:10:10','2018-05-09 08:10:10','Anonymous',0,'RCA','22-11-2017',NULL,NULL,'UNRESOLVED','DAY',24),(19,'Anonymous','2018-05-09 08:10:10','2018-05-09 08:10:10','Anonymous',0,'RCA','22-11-2017',NULL,NULL,'UNRESOLVED','DAY',25),(20,'Anonymous','2018-05-09 08:10:10','2018-05-09 08:10:10','Anonymous',0,'RCA','22-12-2017',NULL,NULL,'UNRESOLVED','DAY',26),(21,'Anonymous','2018-05-09 08:10:11','2018-05-09 08:10:11','Anonymous',0,'RCA','23-10-2017',NULL,NULL,'UNRESOLVED','DAY',29),(22,'Anonymous','2018-05-09 08:10:11','2018-05-09 08:10:11','Anonymous',0,'RCA','22-11-2017',NULL,NULL,'UNRESOLVED','DAY',30),(23,'Anonymous','2018-05-09 08:10:12','2018-05-09 08:10:12','Anonymous',0,'RCA','22-11-2017',NULL,NULL,'UNRESOLVED','DAY',31),(24,'Anonymous','2018-05-09 08:10:12','2018-05-09 08:10:12','Anonymous',0,'RCA','22-12-2017',NULL,NULL,'UNRESOLVED','DAY',32),(25,'Anonymous','2018-05-09 08:10:13','2018-05-09 08:10:13','Anonymous',0,'RCA','22-12-2017',NULL,NULL,'UNRESOLVED','DAY',33),(26,'Anonymous','2018-05-09 08:10:13','2018-05-09 08:10:13','Anonymous',0,'RCA','22-12-2017',NULL,NULL,'UNRESOLVED','DAY',34),(27,'Anonymous','2018-05-09 08:10:14','2018-05-09 08:10:14','Anonymous',0,'RCA','22-12-2017',NULL,NULL,'UNRESOLVED','DAY',35),(28,'Anonymous','2018-05-09 08:10:14','2018-05-09 08:10:14','Anonymous',0,'RCA','22-12-2017',NULL,NULL,'UNRESOLVED','DAY',36),(29,'Anonymous','2018-05-09 08:10:15','2018-05-09 08:10:15','Anonymous',0,'RCA','22-12-2017',NULL,NULL,'UNRESOLVED','DAY',37),(30,'Anonymous','2018-05-09 08:10:15','2018-05-09 08:10:15','Anonymous',0,'RCA','22-12-2017',NULL,NULL,'UNRESOLVED','DAY',38),(31,'Anonymous','2018-05-09 08:10:16','2018-05-09 08:10:16','Anonymous',0,'RCA','24-02-2018',NULL,NULL,'UNRESOLVED','DAY',44),(32,'Anonymous','2018-05-09 08:10:17','2018-05-09 08:10:17','Anonymous',0,'RCA','28-10-2017',NULL,NULL,'UNRESOLVED','DAY',54),(33,'Anonymous','2018-05-09 08:10:19','2018-05-09 08:10:19','Anonymous',0,'RCA','27-10-2017',NULL,NULL,'UNRESOLVED','DAY',55),(34,'Anonymous','2018-05-09 08:10:21','2018-05-09 08:10:21','Anonymous',0,'RCA','27-12-2017',NULL,NULL,'UNRESOLVED','DAY',64),(35,'Anonymous','2018-05-09 08:10:22','2018-05-09 08:10:22','Anonymous',0,'RCA','06-11-2017',NULL,NULL,'UNRESOLVED','DAY',65),(36,'Anonymous','2018-05-09 08:10:24','2018-05-09 08:10:24','Anonymous',0,'RCA','30-10-2017',NULL,NULL,'UNRESOLVED','DAY',72),(37,'Anonymous','2018-05-09 08:10:25','2018-05-09 08:10:25','Anonymous',0,'RCA','06-12-2017',NULL,NULL,'UNRESOLVED','DAY',73),(38,'Anonymous','2018-05-09 08:10:27','2018-05-09 08:10:27','Anonymous',0,'RCA','25-10-2017',NULL,NULL,'UNRESOLVED','DAY',75),(39,'Anonymous','2018-05-09 08:10:28','2018-05-09 08:10:28','Anonymous',0,'RCA','22-10-2017',NULL,NULL,'UNRESOLVED','DAY',82),(40,'Anonymous','2018-05-09 08:10:28','2018-05-09 08:10:28','Anonymous',0,'RCA','24-10-2017',NULL,NULL,'UNRESOLVED','DAY',83),(41,'Anonymous','2018-05-09 08:10:29','2018-05-09 08:10:29','Anonymous',0,'RCA','27-10-2017',NULL,NULL,'UNRESOLVED','DAY',118),(42,'Anonymous','2018-05-09 08:10:30','2018-05-09 08:10:30','Anonymous',0,'RCA','22-11-2017',NULL,NULL,'UNRESOLVED','DAY',170),(44,'Anonymous','2018-05-09 08:10:31','2018-05-09 08:10:31','Anonymous',0,'CASCO','22-11-2017',NULL,NULL,'UNRESOLVED','DAY',7),(45,'Anonymous','2018-05-09 08:10:32','2018-05-09 08:10:32','Anonymous',0,'CASCO','22-11-2017',NULL,NULL,'UNRESOLVED','DAY',8),(46,'Anonymous','2018-05-09 08:10:32','2018-05-09 08:10:32','Anonymous',0,'CASCO','22-11-2017',NULL,NULL,'UNRESOLVED','DAY',9),(47,'Anonymous','2018-05-09 08:10:33','2018-05-09 08:10:33','Anonymous',0,'CASCO','22-12-2017',NULL,NULL,'UNRESOLVED','DAY',10),(48,'Anonymous','2018-05-09 08:10:33','2018-05-09 08:10:33','Anonymous',0,'CASCO','22-12-2017',NULL,NULL,'UNRESOLVED','DAY',11),(49,'Anonymous','2018-05-09 08:10:34','2018-05-09 08:10:34','Anonymous',0,'CASCO','22-12-2017',NULL,NULL,'UNRESOLVED','DAY',12),(50,'Anonymous','2018-05-09 08:10:35','2018-05-09 08:10:35','Anonymous',0,'CASCO','22-12-2017',NULL,NULL,'UNRESOLVED','DAY',13),(51,'Anonymous','2018-05-09 08:10:35','2018-05-09 08:10:35','Anonymous',0,'CASCO','22-12-2017',NULL,NULL,'UNRESOLVED','DAY',14),(52,'Anonymous','2018-05-09 08:10:36','2018-05-09 08:10:36','Anonymous',0,'CASCO','22-12-2017',NULL,NULL,'UNRESOLVED','DAY',15),(53,'Anonymous','2018-05-09 08:10:36','2018-05-09 08:10:36','Anonymous',0,'CASCO','22-10-2017',NULL,NULL,'UNRESOLVED','DAY',16),(54,'Anonymous','2018-05-09 08:10:37','2018-05-09 08:10:37','Anonymous',0,'CASCO','22-11-2017',NULL,NULL,'UNRESOLVED','DAY',17),(55,'Anonymous','2018-05-09 08:10:37','2018-05-09 08:10:37','Anonymous',0,'CASCO','22-11-2017',NULL,NULL,'UNRESOLVED','DAY',18),(56,'Anonymous','2018-05-09 08:10:38','2018-05-09 08:10:38','Anonymous',0,'CASCO','22-11-2017',NULL,NULL,'UNRESOLVED','DAY',19),(57,'Anonymous','2018-05-09 08:10:38','2018-05-09 08:10:38','Anonymous',0,'CASCO','22-12-2017',NULL,NULL,'UNRESOLVED','DAY',20),(58,'Anonymous','2018-05-09 08:10:39','2018-05-09 08:10:39','Anonymous',0,'CASCO','22-12-2017',NULL,NULL,'UNRESOLVED','DAY',21),(59,'Anonymous','2018-05-09 08:10:39','2018-05-09 08:10:39','Anonymous',0,'CASCO','21-10-2017',NULL,NULL,'UNRESOLVED','DAY',22),(60,'Anonymous','2018-05-09 08:10:40','2018-05-09 08:10:40','Anonymous',0,'CASCO','22-11-2017',NULL,NULL,'UNRESOLVED','DAY',23),(61,'Anonymous','2018-05-09 08:10:40','2018-05-09 08:10:40','Anonymous',0,'CASCO','22-11-2017',NULL,NULL,'UNRESOLVED','DAY',24),(62,'Anonymous','2018-05-09 08:10:41','2018-05-09 08:10:41','Anonymous',0,'CASCO','22-11-2017',NULL,NULL,'UNRESOLVED','DAY',25),(63,'Anonymous','2018-05-09 08:10:41','2018-05-09 08:10:41','Anonymous',0,'CASCO','22-12-2017',NULL,NULL,'UNRESOLVED','DAY',26),(64,'Anonymous','2018-05-09 08:10:41','2018-05-09 08:10:41','Anonymous',0,'CASCO','23-10-2017',NULL,NULL,'UNRESOLVED','DAY',29),(65,'Anonymous','2018-05-09 08:10:42','2018-05-09 08:10:42','Anonymous',0,'CASCO','22-11-2017',NULL,NULL,'UNRESOLVED','DAY',30),(66,'Anonymous','2018-05-09 08:10:42','2018-05-09 08:10:42','Anonymous',0,'CASCO','22-11-2017',NULL,NULL,'UNRESOLVED','DAY',31),(67,'Anonymous','2018-05-09 08:10:43','2018-05-09 08:10:43','Anonymous',0,'CASCO','22-12-2017',NULL,NULL,'UNRESOLVED','DAY',32),(68,'Anonymous','2018-05-09 08:10:43','2018-05-09 08:10:43','Anonymous',0,'CASCO','22-12-2017',NULL,NULL,'UNRESOLVED','DAY',33),(69,'Anonymous','2018-05-09 08:10:44','2018-05-09 08:10:44','Anonymous',0,'CASCO','22-12-2017',NULL,NULL,'UNRESOLVED','DAY',34),(70,'Anonymous','2018-05-09 08:10:44','2018-05-09 08:10:44','Anonymous',0,'CASCO','22-12-2017',NULL,NULL,'UNRESOLVED','DAY',35),(71,'Anonymous','2018-05-09 08:10:45','2018-05-09 08:10:45','Anonymous',0,'CASCO','22-12-2017',NULL,NULL,'UNRESOLVED','DAY',36),(72,'Anonymous','2018-05-09 08:10:45','2018-05-09 08:10:45','Anonymous',0,'CASCO','22-12-2017',NULL,NULL,'UNRESOLVED','DAY',37),(73,'Anonymous','2018-05-09 08:10:46','2018-05-09 08:10:46','Anonymous',0,'CASCO','22-12-2017',NULL,NULL,'UNRESOLVED','DAY',38),(74,'Anonymous','2018-05-09 08:10:46','2018-05-09 08:10:46','Anonymous',0,'CASCO','30-10-2017',NULL,NULL,'UNRESOLVED','DAY',54),(75,'Anonymous','2018-05-09 08:10:48','2018-05-09 08:10:48','Anonymous',0,'CASCO','26-10-2017',NULL,NULL,'UNRESOLVED','DAY',55),(76,'Anonymous','2018-05-09 08:10:50','2018-05-09 08:10:50','Anonymous',0,'CASCO','06-11-2017',NULL,NULL,'UNRESOLVED','DAY',64),(77,'Anonymous','2018-05-09 08:10:51','2018-05-09 08:10:51','Anonymous',0,'CASCO','01-11-2017',NULL,NULL,'UNRESOLVED','DAY',72),(78,'Anonymous','2018-05-09 08:10:53','2018-05-09 08:10:53','Anonymous',0,'CASCO','06-12-2017',NULL,NULL,'UNRESOLVED','DAY',73),(79,'Anonymous','2018-05-09 08:10:54','2018-05-09 08:10:54','Anonymous',0,'CASCO','27-10-2017',NULL,NULL,'UNRESOLVED','DAY',75),(80,'Anonymous','2018-05-09 08:10:56','2018-05-09 08:10:56','Anonymous',0,'CASCO','22-10-2017',NULL,NULL,'UNRESOLVED','DAY',82),(81,'Anonymous','2018-05-09 08:10:56','2018-05-09 08:10:56','Anonymous',0,'CASCO','04-11-2017',NULL,NULL,'UNRESOLVED','DAY',83),(82,'Anonymous','2018-05-09 08:10:56','2018-05-09 08:10:56','Anonymous',0,'CASCO','28-10-2017',NULL,NULL,'UNRESOLVED','DAY',118),(83,'Anonymous','2018-05-09 08:10:57','2018-05-09 08:10:57','Anonymous',0,'CASCO','22-11-2017',NULL,NULL,'UNRESOLVED','DAY',170),(85,'Anonymous','2018-05-09 08:10:59','2018-05-09 08:10:59','Anonymous',0,'CMR','23-10-2017',NULL,NULL,'UNRESOLVED','DAY',29),(86,'Anonymous','2018-05-09 08:10:59','2018-05-09 08:10:59','Anonymous',0,'CMR','22-11-2017',NULL,NULL,'UNRESOLVED','DAY',30),(87,'Anonymous','2018-05-09 08:11:00','2018-05-09 08:11:00','Anonymous',0,'CMR','22-11-2017',NULL,NULL,'UNRESOLVED','DAY',31),(88,'Anonymous','2018-05-09 08:11:00','2018-05-09 08:11:00','Anonymous',0,'CMR','22-12-2017',NULL,NULL,'UNRESOLVED','DAY',32),(89,'Anonymous','2018-05-09 08:11:01','2018-05-09 08:11:01','Anonymous',0,'CMR','22-12-2017',NULL,NULL,'UNRESOLVED','DAY',33),(90,'Anonymous','2018-05-09 08:11:01','2018-05-09 08:11:01','Anonymous',0,'CMR','22-12-2017',NULL,NULL,'UNRESOLVED','DAY',34),(91,'Anonymous','2018-05-09 08:11:02','2018-05-09 08:11:02','Anonymous',0,'CMR','22-12-2017',NULL,NULL,'UNRESOLVED','DAY',35),(92,'Anonymous','2018-05-09 08:11:02','2018-05-09 08:11:02','Anonymous',0,'CMR','22-12-2017',NULL,NULL,'UNRESOLVED','DAY',36),(93,'Anonymous','2018-05-09 08:11:03','2018-05-09 08:11:03','Anonymous',0,'CMR','22-12-2017',NULL,NULL,'UNRESOLVED','DAY',37),(94,'Anonymous','2018-05-09 08:11:03','2018-05-09 08:11:03','Anonymous',0,'CMR','22-12-2017',NULL,NULL,'UNRESOLVED','DAY',38),(95,'Anonymous','2018-05-09 08:11:04','2018-05-09 08:11:04','Anonymous',0,'REVISION','16001',NULL,NULL,'UNRESOLVED','KM',6),(96,'Anonymous','2018-05-09 08:11:05','2018-05-09 08:11:05','Anonymous',0,'REVISION','3000',NULL,NULL,'UNRESOLVED','KM',7),(97,'Anonymous','2018-05-09 08:11:05','2018-05-09 08:11:05','Anonymous',0,'REVISION','3000',NULL,NULL,'UNRESOLVED','KM',8),(98,'Anonymous','2018-05-09 08:11:06','2018-05-09 08:11:06','Anonymous',0,'REVISION','-8000',NULL,NULL,'UNRESOLVED','KM',9),(99,'Anonymous','2018-05-09 08:11:06','2018-05-09 10:00:12','Anonymous',0,'REVISION','8000','2018-05-09 10:00:12',NULL,'UNRESOLVED','KM',10),(100,'Anonymous','2018-05-09 08:11:07','2018-05-09 10:00:12','Anonymous',0,'REVISION','8000','2018-05-09 10:00:12',NULL,'UNRESOLVED','KM',11),(101,'Anonymous','2018-05-09 08:11:07','2018-05-09 10:00:13','Anonymous',0,'REVISION','8000','2018-05-09 10:00:13',NULL,'UNRESOLVED','KM',12),(102,'Anonymous','2018-05-09 08:11:08','2018-05-09 10:00:13','Anonymous',0,'REVISION','8000','2018-05-09 10:00:13',NULL,'UNRESOLVED','KM',13),(103,'Anonymous','2018-05-09 08:11:08','2018-05-09 10:00:14','Anonymous',0,'REVISION','8000','2018-05-09 10:00:14',NULL,'UNRESOLVED','KM',14),(104,'Anonymous','2018-05-09 08:11:09','2018-05-09 08:11:09','Anonymous',0,'REVISION','5000',NULL,NULL,'UNRESOLVED','KM',15),(105,'Anonymous','2018-05-09 08:11:09','2018-05-09 08:11:09','Anonymous',0,'REVISION','-7000',NULL,NULL,'UNRESOLVED','KM',16),(106,'Anonymous','2018-05-09 08:11:10','2018-05-09 08:11:10','Anonymous',0,'REVISION','-7000',NULL,NULL,'UNRESOLVED','KM',17),(107,'Anonymous','2018-05-09 08:11:10','2018-05-09 08:11:10','Anonymous',0,'REVISION','-7000',NULL,NULL,'UNRESOLVED','KM',18),(108,'Anonymous','2018-05-09 08:11:11','2018-05-09 08:11:11','Anonymous',0,'REVISION','-7000',NULL,NULL,'UNRESOLVED','KM',19),(109,'Anonymous','2018-05-09 08:11:11','2018-05-09 08:11:11','Anonymous',0,'REVISION','-2000',NULL,NULL,'UNRESOLVED','KM',20),(110,'Anonymous','2018-05-09 08:11:12','2018-05-09 08:11:12','Anonymous',0,'REVISION','-3000',NULL,NULL,'UNRESOLVED','KM',21),(111,'Anonymous','2018-05-09 08:11:12','2018-05-09 08:11:12','Anonymous',0,'REVISION','-17000',NULL,NULL,'UNRESOLVED','KM',22),(112,'Anonymous','2018-05-09 08:11:13','2018-05-09 08:11:13','Anonymous',0,'REVISION','-8000',NULL,NULL,'UNRESOLVED','KM',23),(113,'Anonymous','2018-05-09 08:11:13','2018-05-09 08:11:13','Anonymous',0,'REVISION','-17000',NULL,NULL,'UNRESOLVED','KM',24),(114,'Anonymous','2018-05-09 08:11:14','2018-05-09 08:11:14','Anonymous',0,'REVISION','-5000',NULL,NULL,'UNRESOLVED','KM',25),(115,'Anonymous','2018-05-09 08:11:14','2018-05-09 08:11:14','Anonymous',0,'REVISION','-13000',NULL,NULL,'UNRESOLVED','KM',26),(116,'Anonymous','2018-05-09 08:11:14','2018-05-09 08:11:14','Anonymous',0,'REVISION','19800',NULL,NULL,'UNRESOLVED','KM',29),(117,'Anonymous','2018-05-09 08:11:15','2018-05-09 08:11:15','Anonymous',0,'REVISION','15000',NULL,NULL,'UNRESOLVED','KM',30),(118,'Anonymous','2018-05-09 08:11:16','2018-05-09 08:11:16','Anonymous',0,'REVISION','15000',NULL,NULL,'UNRESOLVED','KM',31),(119,'Anonymous','2018-05-09 08:11:16','2018-05-09 08:11:16','Anonymous',0,'REVISION','20000',NULL,NULL,'UNRESOLVED','KM',32),(120,'Anonymous','2018-05-09 08:11:17','2018-05-09 08:11:17','Anonymous',0,'REVISION','20000',NULL,NULL,'UNRESOLVED','KM',33),(121,'Anonymous','2018-05-09 08:11:17','2018-05-09 08:11:17','Anonymous',0,'REVISION','20000',NULL,NULL,'UNRESOLVED','KM',34),(122,'Anonymous','2018-05-09 08:11:18','2018-05-09 08:11:18','Anonymous',0,'REVISION','20000',NULL,NULL,'UNRESOLVED','KM',35),(123,'Anonymous','2018-05-09 08:11:18','2018-05-09 08:11:18','Anonymous',0,'REVISION','20000',NULL,NULL,'UNRESOLVED','KM',36),(124,'Anonymous','2018-05-09 08:11:19','2018-05-09 08:11:19','Anonymous',0,'REVISION','20000',NULL,NULL,'UNRESOLVED','KM',37),(125,'Anonymous','2018-05-09 08:11:19','2018-05-09 08:11:19','Anonymous',0,'REVISION','20000',NULL,NULL,'UNRESOLVED','KM',38),(126,'Anonymous','2018-05-09 08:11:20','2018-05-09 10:00:26','Anonymous',0,'REVISION','9000','2018-05-09 10:00:26',NULL,'UNRESOLVED','KM',65),(127,'Anonymous','2018-05-09 08:11:21','2018-05-09 08:11:21','Anonymous',0,'REVISION','15000',NULL,NULL,'UNRESOLVED','KM',71),(128,'Anonymous','2018-05-09 08:11:23','2018-05-09 10:00:27','Anonymous',0,'REVISION','10000','2018-05-09 10:00:27',NULL,'UNRESOLVED','KM',73),(129,'Anonymous','2018-05-09 08:11:24','2018-05-09 10:00:29','Anonymous',0,'REVISION','8000','2018-05-09 10:00:29',NULL,'UNRESOLVED','KM',74),(130,'Anonymous','2018-05-09 08:11:26','2018-05-09 10:00:31','Anonymous',0,'REVISION','10000','2018-05-09 10:00:31',NULL,'UNRESOLVED','KM',75),(131,'Anonymous','2018-05-09 08:11:27','2018-05-09 08:11:27','Anonymous',0,'REVISION','500',NULL,NULL,'UNRESOLVED','KM',82),(132,'Anonymous','2018-05-09 08:11:27','2018-05-09 10:00:32','Anonymous',0,'REVISION','6000','2018-05-09 10:00:32',NULL,'UNRESOLVED','KM',83),(133,'Anonymous','2018-05-09 08:11:28','2018-05-09 08:11:28','Anonymous',0,'REVISION','999',NULL,NULL,'UNRESOLVED','KM',85),(134,'Anonymous','2018-05-09 08:11:28','2018-05-09 08:11:28','Anonymous',0,'REVISION','1000',NULL,NULL,'UNRESOLVED','KM',88),(135,'Anonymous','2018-05-09 08:11:28','2018-05-09 08:11:28','Anonymous',0,'REVISION','4000',NULL,NULL,'UNRESOLVED','KM',89),(136,'Anonymous','2018-05-09 08:11:28','2018-05-09 10:00:34','Anonymous',0,'REVISION','5500','2018-05-09 10:00:34',NULL,'UNRESOLVED','KM',90),(137,'Anonymous','2018-05-09 08:11:29','2018-05-09 08:11:29','Anonymous',0,'REVISION','-7000',NULL,NULL,'UNRESOLVED','KM',91),(138,'Anonymous','2018-05-09 08:11:29','2018-05-09 08:11:29','Anonymous',0,'REVISION','-6000',NULL,NULL,'UNRESOLVED','KM',98),(139,'Anonymous','2018-05-09 08:11:30','2018-05-09 08:11:30','Anonymous',0,'REVISION','3999',NULL,NULL,'UNRESOLVED','KM',99),(140,'Anonymous','2018-05-09 08:11:31','2018-05-09 08:11:31','Anonymous',0,'REVISION','0',NULL,NULL,'UNRESOLVED','KM',168),(141,'Anonymous','2018-05-09 08:11:31','2018-05-09 08:11:31','Anonymous',0,'REVISION','-6000',NULL,NULL,'UNRESOLVED','KM',170),(142,'Anonymous','2018-05-09 08:11:32','2018-05-09 08:11:32','Anonymous',0,'REVISION','4400',NULL,NULL,'UNRESOLVED','KM',179),(143,'Anonymous','2018-05-09 08:11:33','2018-05-23 06:14:24','otto',0,'REVISION','2500',NULL,NULL,'RESOLVED','KM',180),(144,'Anonymous','2018-05-09 08:11:33','2018-05-09 08:11:33','Anonymous',0,'REVISION','3700',NULL,NULL,'UNRESOLVED','KM',181),(145,'Anonymous','2018-05-09 08:11:34','2018-05-09 08:11:34','Anonymous',0,'REVISION','4700',NULL,NULL,'UNRESOLVED','KM',182),(146,'Anonymous','2018-05-09 08:11:35','2018-05-09 10:00:46','Anonymous',0,'REVISION','7100','2018-05-09 10:00:46',NULL,'UNRESOLVED','KM',183),(147,'Anonymous','2018-05-09 08:11:35','2018-05-09 08:11:35','Anonymous',0,'REVISION','15000',NULL,NULL,'UNRESOLVED','KM',185),(148,'Anonymous','2018-05-09 08:11:36','2018-05-09 08:11:36','Anonymous',0,'TACHOGRAPH','22-11-2017',NULL,NULL,'UNRESOLVED','DAY',8),(149,'Anonymous','2018-05-09 08:11:36','2018-05-09 08:11:36','Anonymous',0,'TACHOGRAPH','22-11-2017',NULL,NULL,'UNRESOLVED','DAY',9),(150,'Anonymous','2018-05-09 08:11:37','2018-05-09 08:11:37','Anonymous',0,'TACHOGRAPH','22-12-2017',NULL,NULL,'UNRESOLVED','DAY',10),(151,'Anonymous','2018-05-09 08:11:37','2018-05-09 08:11:37','Anonymous',0,'TACHOGRAPH','22-12-2017',NULL,NULL,'UNRESOLVED','DAY',11),(152,'Anonymous','2018-05-09 08:11:38','2018-05-09 08:11:38','Anonymous',0,'TACHOGRAPH','22-12-2017',NULL,NULL,'UNRESOLVED','DAY',12),(153,'Anonymous','2018-05-09 08:11:38','2018-05-09 08:11:38','Anonymous',0,'TACHOGRAPH','22-12-2017',NULL,NULL,'UNRESOLVED','DAY',13),(154,'Anonymous','2018-05-09 08:11:39','2018-05-09 08:11:39','Anonymous',0,'TACHOGRAPH','22-12-2017',NULL,NULL,'UNRESOLVED','DAY',14),(155,'Anonymous','2018-05-09 08:11:39','2018-05-09 08:11:39','Anonymous',0,'TACHOGRAPH','22-12-2017',NULL,NULL,'UNRESOLVED','DAY',15),(156,'Anonymous','2018-05-09 08:11:40','2018-05-09 08:11:40','Anonymous',0,'TACHOGRAPH','22-10-2017',NULL,NULL,'UNRESOLVED','DAY',16),(157,'Anonymous','2018-05-09 08:11:41','2018-05-09 08:11:41','Anonymous',0,'TACHOGRAPH','22-11-2017',NULL,NULL,'UNRESOLVED','DAY',17),(158,'Anonymous','2018-05-09 08:11:41','2018-05-09 08:11:41','Anonymous',0,'TACHOGRAPH','22-11-2017',NULL,NULL,'UNRESOLVED','DAY',18),(159,'Anonymous','2018-05-09 08:11:42','2018-05-09 08:11:42','Anonymous',0,'TACHOGRAPH','22-11-2017',NULL,NULL,'UNRESOLVED','DAY',19),(160,'Anonymous','2018-05-09 08:11:42','2018-05-09 08:11:42','Anonymous',0,'TACHOGRAPH','22-12-2017',NULL,NULL,'UNRESOLVED','DAY',20),(161,'Anonymous','2018-05-09 08:11:43','2018-05-09 08:11:43','Anonymous',0,'TACHOGRAPH','22-12-2017',NULL,NULL,'UNRESOLVED','DAY',21),(162,'Anonymous','2018-05-09 08:11:43','2018-05-09 08:11:43','Anonymous',0,'TACHOGRAPH','21-10-2017',NULL,NULL,'UNRESOLVED','DAY',22),(163,'Anonymous','2018-05-09 08:11:44','2018-05-09 08:11:44','Anonymous',0,'TACHOGRAPH','22-11-2017',NULL,NULL,'UNRESOLVED','DAY',23),(164,'Anonymous','2018-05-09 08:11:44','2018-05-09 08:11:44','Anonymous',0,'TACHOGRAPH','22-11-2017',NULL,NULL,'UNRESOLVED','DAY',24),(165,'Anonymous','2018-05-09 08:11:45','2018-05-09 08:11:45','Anonymous',0,'TACHOGRAPH','22-11-2017',NULL,NULL,'UNRESOLVED','DAY',25),(166,'Anonymous','2018-05-09 08:11:45','2018-05-09 08:11:45','Anonymous',0,'TACHOGRAPH','22-12-2017',NULL,NULL,'UNRESOLVED','DAY',26),(167,'Anonymous','2018-05-09 08:11:45','2018-05-09 08:11:45','Anonymous',0,'TACHOGRAPH','23-10-2017',NULL,NULL,'UNRESOLVED','DAY',29),(168,'Anonymous','2018-05-09 08:11:46','2018-05-09 08:11:46','Anonymous',0,'TACHOGRAPH','22-11-2017',NULL,NULL,'UNRESOLVED','DAY',30),(169,'Anonymous','2018-05-09 08:11:46','2018-05-09 08:11:46','Anonymous',0,'TACHOGRAPH','22-11-2017',NULL,NULL,'UNRESOLVED','DAY',31),(170,'Anonymous','2018-05-09 08:11:47','2018-05-09 08:11:47','Anonymous',0,'TACHOGRAPH','22-12-2017',NULL,NULL,'UNRESOLVED','DAY',32),(171,'Anonymous','2018-05-09 08:11:47','2018-05-09 08:11:47','Anonymous',0,'TACHOGRAPH','22-12-2017',NULL,NULL,'UNRESOLVED','DAY',33),(172,'Anonymous','2018-05-09 08:11:48','2018-05-09 08:11:48','Anonymous',0,'TACHOGRAPH','22-12-2017',NULL,NULL,'UNRESOLVED','DAY',34),(173,'Anonymous','2018-05-09 08:11:48','2018-05-09 08:11:48','Anonymous',0,'TACHOGRAPH','22-12-2017',NULL,NULL,'UNRESOLVED','DAY',35),(174,'Anonymous','2018-05-09 08:11:49','2018-05-09 08:11:49','Anonymous',0,'TACHOGRAPH','22-12-2017',NULL,NULL,'UNRESOLVED','DAY',36),(175,'Anonymous','2018-05-09 08:11:49','2018-05-09 08:11:49','Anonymous',0,'TACHOGRAPH','22-12-2017',NULL,NULL,'UNRESOLVED','DAY',37),(176,'Anonymous','2018-05-09 08:11:50','2018-05-09 08:11:50','Anonymous',0,'TACHOGRAPH','22-12-2017',NULL,NULL,'UNRESOLVED','DAY',38),(177,'Anonymous','2018-05-09 08:11:50','2018-05-09 08:11:50','Anonymous',0,'TACHOGRAPH','10-02-2018',NULL,NULL,'UNRESOLVED','DAY',44),(178,'Anonymous','2018-05-09 08:11:52','2018-05-09 08:11:52','Anonymous',0,'TACHOGRAPH','08-11-2017',NULL,NULL,'UNRESOLVED','DAY',64),(179,'Anonymous','2018-05-09 08:11:53','2018-05-09 08:11:53','Anonymous',0,'TACHOGRAPH','13-10-2017',NULL,NULL,'UNRESOLVED','DAY',65),(180,'Anonymous','2018-05-09 08:11:55','2018-05-09 08:11:55','Anonymous',0,'TACHOGRAPH','06-12-2017',NULL,NULL,'UNRESOLVED','DAY',73),(181,'Anonymous','2018-05-09 08:11:57','2018-05-09 08:11:57','Anonymous',0,'TACHOGRAPH','29-10-2017',NULL,NULL,'UNRESOLVED','DAY',75),(182,'Anonymous','2018-05-09 08:11:58','2018-05-09 08:11:58','Anonymous',0,'TACHOGRAPH','22-10-2017',NULL,NULL,'UNRESOLVED','DAY',82),(184,'Anonymous','2018-05-09 08:11:59','2018-05-09 08:11:59','Anonymous',0,'TACHOGRAPH','29-10-2017',NULL,NULL,'UNRESOLVED','DAY',118),(185,'Anonymous','2018-05-09 08:11:59','2018-05-09 08:11:59','Anonymous',0,'TACHOGRAPH','22-11-2017',NULL,NULL,'UNRESOLVED','DAY',170),(192,'Anonymous','2018-05-09 08:12:04','2018-05-09 08:12:04','Anonymous',0,'ADR_FRC','22-11-2017',NULL,NULL,'UNRESOLVED','DAY',8),(193,'Anonymous','2018-05-09 08:12:04','2018-05-09 08:12:04','Anonymous',0,'ADR_FRC','22-11-2017',NULL,NULL,'UNRESOLVED','DAY',9),(194,'Anonymous','2018-05-09 08:12:05','2018-05-09 08:12:05','Anonymous',0,'ADR_FRC','22-12-2017',NULL,NULL,'UNRESOLVED','DAY',10),(195,'Anonymous','2018-05-09 08:12:05','2018-05-09 08:12:05','Anonymous',0,'ADR_FRC','22-12-2017',NULL,NULL,'UNRESOLVED','DAY',11),(196,'Anonymous','2018-05-09 08:12:06','2018-05-09 08:12:06','Anonymous',0,'ADR_FRC','22-12-2017',NULL,NULL,'UNRESOLVED','DAY',12),(197,'Anonymous','2018-05-09 08:12:06','2018-05-09 08:12:06','Anonymous',0,'ADR_FRC','22-12-2017',NULL,NULL,'UNRESOLVED','DAY',13),(198,'Anonymous','2018-05-09 08:12:07','2018-05-09 08:12:07','Anonymous',0,'ADR_FRC','22-12-2017',NULL,NULL,'UNRESOLVED','DAY',14),(199,'Anonymous','2018-05-09 08:12:08','2018-05-09 08:12:08','Anonymous',0,'ADR_FRC','22-12-2017',NULL,NULL,'UNRESOLVED','DAY',15),(200,'Anonymous','2018-05-09 08:12:08','2018-05-09 08:12:08','Anonymous',0,'ADR_FRC','22-10-2017',NULL,NULL,'UNRESOLVED','DAY',16),(201,'Anonymous','2018-05-09 08:12:09','2018-05-09 08:12:09','Anonymous',0,'ADR_FRC','22-11-2017',NULL,NULL,'UNRESOLVED','DAY',17),(202,'Anonymous','2018-05-09 08:12:09','2018-05-09 08:12:09','Anonymous',0,'ADR_FRC','22-11-2017',NULL,NULL,'UNRESOLVED','DAY',18),(203,'Anonymous','2018-05-09 08:12:10','2018-05-09 08:12:10','Anonymous',0,'ADR_FRC','22-11-2017',NULL,NULL,'UNRESOLVED','DAY',19),(204,'Anonymous','2018-05-09 08:12:10','2018-05-09 08:12:10','Anonymous',0,'ADR_FRC','22-12-2017',NULL,NULL,'UNRESOLVED','DAY',20),(205,'Anonymous','2018-05-09 08:12:11','2018-05-09 08:12:11','Anonymous',0,'ADR_FRC','22-12-2017',NULL,NULL,'UNRESOLVED','DAY',21),(206,'Anonymous','2018-05-09 08:12:11','2018-05-09 08:12:11','Anonymous',0,'ADR_FRC','21-10-2017',NULL,NULL,'UNRESOLVED','DAY',22),(207,'Anonymous','2018-05-09 08:12:12','2018-05-09 08:12:12','Anonymous',0,'ADR_FRC','22-11-2017',NULL,NULL,'UNRESOLVED','DAY',23),(208,'Anonymous','2018-05-09 08:12:12','2018-05-09 08:12:12','Anonymous',0,'ADR_FRC','22-11-2017',NULL,NULL,'UNRESOLVED','DAY',24),(209,'Anonymous','2018-05-09 08:12:13','2018-05-09 08:12:13','Anonymous',0,'ADR_FRC','22-11-2017',NULL,NULL,'UNRESOLVED','DAY',25),(210,'Anonymous','2018-05-09 08:12:13','2018-05-09 08:12:13','Anonymous',0,'ADR_FRC','22-12-2017',NULL,NULL,'UNRESOLVED','DAY',26),(211,'Anonymous','2018-05-09 08:12:13','2018-05-09 08:12:13','Anonymous',0,'ADR_FRC','23-10-2017',NULL,NULL,'UNRESOLVED','DAY',29),(212,'Anonymous','2018-05-09 08:12:14','2018-05-09 08:12:14','Anonymous',0,'ADR_FRC','22-11-2017',NULL,NULL,'UNRESOLVED','DAY',30),(213,'Anonymous','2018-05-09 08:12:14','2018-05-09 08:12:14','Anonymous',0,'ADR_FRC','22-11-2017',NULL,NULL,'UNRESOLVED','DAY',31),(214,'Anonymous','2018-05-09 08:12:15','2018-05-09 08:12:15','Anonymous',0,'ADR_FRC','22-12-2017',NULL,NULL,'UNRESOLVED','DAY',32),(215,'Anonymous','2018-05-09 08:12:15','2018-05-09 08:12:15','Anonymous',0,'ADR_FRC','22-12-2017',NULL,NULL,'UNRESOLVED','DAY',33),(216,'Anonymous','2018-05-09 08:12:16','2018-05-09 08:12:16','Anonymous',0,'ADR_FRC','22-12-2017',NULL,NULL,'UNRESOLVED','DAY',34),(217,'Anonymous','2018-05-09 08:12:16','2018-05-09 08:12:16','Anonymous',0,'ADR_FRC','22-12-2017',NULL,NULL,'UNRESOLVED','DAY',35),(218,'Anonymous','2018-05-09 08:12:17','2018-05-09 08:12:17','Anonymous',0,'ADR_FRC','22-12-2017',NULL,NULL,'UNRESOLVED','DAY',36),(219,'Anonymous','2018-05-09 08:12:17','2018-05-09 08:12:17','Anonymous',0,'ADR_FRC','22-12-2017',NULL,NULL,'UNRESOLVED','DAY',37),(220,'Anonymous','2018-05-09 08:12:18','2018-05-09 08:12:18','Anonymous',0,'ADR_FRC','22-12-2017',NULL,NULL,'UNRESOLVED','DAY',38),(221,'Anonymous','2018-05-09 08:12:18','2018-05-09 08:12:18','Anonymous',0,'ADR_FRC','22-02-2018',NULL,NULL,'UNRESOLVED','DAY',44),(222,'Anonymous','2018-05-09 08:12:20','2018-05-09 08:12:20','Anonymous',0,'ADR_FRC','08-11-2017',NULL,NULL,'UNRESOLVED','DAY',64),(223,'Anonymous','2018-05-09 08:12:21','2018-05-09 08:12:21','Anonymous',0,'ADR_FRC','04-11-2017',NULL,NULL,'UNRESOLVED','DAY',65),(224,'Anonymous','2018-05-09 08:12:23','2018-05-09 08:12:23','Anonymous',0,'ADR_FRC','06-12-2017',NULL,NULL,'UNRESOLVED','DAY',73),(225,'Anonymous','2018-05-09 08:12:24','2018-05-09 08:12:24','Anonymous',0,'ADR_FRC','31-10-2017',NULL,NULL,'UNRESOLVED','DAY',75),(226,'Anonymous','2018-05-09 08:12:26','2018-05-09 08:12:26','Anonymous',0,'ADR_FRC','22-10-2017',NULL,NULL,'UNRESOLVED','DAY',82),(227,'Anonymous','2018-05-09 08:12:26','2018-05-09 08:12:26','Anonymous',0,'ADR_FRC','04-11-2017',NULL,NULL,'UNRESOLVED','DAY',83),(228,'Anonymous','2018-05-09 08:12:27','2018-05-09 08:12:27','Anonymous',0,'ADR_FRC','22-11-2017',NULL,NULL,'UNRESOLVED','DAY',170),(233,'Anonymous','2018-05-09 08:13:27','2018-05-09 08:13:27','Anonymous',0,'ITP','22-11-2017',NULL,NULL,'UNRESOLVED','DAY',7),(234,'Anonymous','2018-05-09 08:13:27','2018-05-09 08:13:27','Anonymous',0,'ITP','22-11-2017',NULL,NULL,'UNRESOLVED','DAY',8),(235,'Anonymous','2018-05-09 08:13:28','2018-05-09 08:13:28','Anonymous',0,'ITP','22-11-2017',NULL,NULL,'UNRESOLVED','DAY',9),(236,'Anonymous','2018-05-09 08:13:28','2018-05-09 08:13:28','Anonymous',0,'ITP','22-12-2017',NULL,NULL,'UNRESOLVED','DAY',10),(237,'Anonymous','2018-05-09 08:13:29','2018-05-09 08:13:29','Anonymous',0,'ITP','22-12-2017',NULL,NULL,'UNRESOLVED','DAY',11),(238,'Anonymous','2018-05-09 08:13:29','2018-05-09 08:13:29','Anonymous',0,'ITP','22-12-2017',NULL,NULL,'UNRESOLVED','DAY',12),(239,'Anonymous','2018-05-09 08:13:30','2018-05-09 08:13:30','Anonymous',0,'ITP','22-12-2017',NULL,NULL,'UNRESOLVED','DAY',13),(240,'Anonymous','2018-05-09 08:13:30','2018-05-09 08:13:30','Anonymous',0,'ITP','22-12-2017',NULL,NULL,'UNRESOLVED','DAY',14),(241,'Anonymous','2018-05-09 08:13:31','2018-05-09 08:13:31','Anonymous',0,'ITP','22-12-2017',NULL,NULL,'UNRESOLVED','DAY',15),(242,'Anonymous','2018-05-09 08:13:31','2018-05-09 08:13:31','Anonymous',0,'ITP','22-10-2017',NULL,NULL,'UNRESOLVED','DAY',16),(243,'Anonymous','2018-05-09 08:13:32','2018-05-09 08:13:32','Anonymous',0,'ITP','22-11-2017',NULL,NULL,'UNRESOLVED','DAY',17),(244,'Anonymous','2018-05-09 08:13:32','2018-05-09 08:13:32','Anonymous',0,'ITP','22-11-2017',NULL,NULL,'UNRESOLVED','DAY',18),(245,'Anonymous','2018-05-09 08:13:33','2018-05-09 08:13:33','Anonymous',0,'ITP','22-11-2017',NULL,NULL,'UNRESOLVED','DAY',19),(246,'Anonymous','2018-05-09 08:13:33','2018-05-09 08:13:33','Anonymous',0,'ITP','22-12-2017',NULL,NULL,'UNRESOLVED','DAY',20),(247,'Anonymous','2018-05-09 08:13:34','2018-05-09 08:13:34','Anonymous',0,'ITP','22-12-2017',NULL,NULL,'UNRESOLVED','DAY',21),(248,'Anonymous','2018-05-09 08:13:34','2018-05-09 08:13:34','Anonymous',0,'ITP','21-10-2017',NULL,NULL,'UNRESOLVED','DAY',22),(249,'Anonymous','2018-05-09 08:13:35','2018-05-09 08:13:35','Anonymous',0,'ITP','22-11-2017',NULL,NULL,'UNRESOLVED','DAY',23),(250,'Anonymous','2018-05-09 08:13:35','2018-05-09 08:13:35','Anonymous',0,'ITP','22-11-2017',NULL,NULL,'UNRESOLVED','DAY',24),(251,'Anonymous','2018-05-09 08:13:36','2018-05-09 08:13:36','Anonymous',0,'ITP','22-11-2017',NULL,NULL,'UNRESOLVED','DAY',25),(252,'Anonymous','2018-05-09 08:13:36','2018-05-09 08:13:36','Anonymous',0,'ITP','22-12-2017',NULL,NULL,'UNRESOLVED','DAY',26),(253,'Anonymous','2018-05-09 08:13:36','2018-05-09 08:13:36','Anonymous',0,'ITP','23-10-2017',NULL,NULL,'UNRESOLVED','DAY',29),(254,'Anonymous','2018-05-09 08:13:37','2018-05-09 08:13:37','Anonymous',0,'ITP','22-11-2017',NULL,NULL,'UNRESOLVED','DAY',30),(255,'Anonymous','2018-05-09 08:13:37','2018-05-09 08:13:37','Anonymous',0,'ITP','22-11-2017',NULL,NULL,'UNRESOLVED','DAY',31),(256,'Anonymous','2018-05-09 08:13:38','2018-05-09 08:13:38','Anonymous',0,'ITP','22-12-2017',NULL,NULL,'UNRESOLVED','DAY',32),(257,'Anonymous','2018-05-09 08:13:38','2018-05-09 08:13:38','Anonymous',0,'ITP','22-12-2017',NULL,NULL,'UNRESOLVED','DAY',33),(258,'Anonymous','2018-05-09 08:13:39','2018-05-09 08:13:39','Anonymous',0,'ITP','22-12-2017',NULL,NULL,'UNRESOLVED','DAY',34),(259,'Anonymous','2018-05-09 08:13:40','2018-05-09 08:13:40','Anonymous',0,'ITP','22-12-2017',NULL,NULL,'UNRESOLVED','DAY',35),(260,'Anonymous','2018-05-09 08:13:40','2018-05-09 08:13:40','Anonymous',0,'ITP','22-12-2017',NULL,NULL,'UNRESOLVED','DAY',36),(261,'Anonymous','2018-05-09 08:13:41','2018-05-09 08:13:41','Anonymous',0,'ITP','22-12-2017',NULL,NULL,'UNRESOLVED','DAY',37),(262,'Anonymous','2018-05-09 08:13:41','2018-05-09 08:13:41','Anonymous',0,'ITP','22-12-2017',NULL,NULL,'UNRESOLVED','DAY',38),(264,'Anonymous','2018-05-09 08:13:43','2018-05-09 08:13:43','Anonymous',0,'ITP','01-11-2017',NULL,NULL,'UNRESOLVED','DAY',53),(265,'Anonymous','2018-05-09 08:13:45','2018-05-09 08:13:45','Anonymous',0,'ITP','26-10-2017',NULL,NULL,'UNRESOLVED','DAY',54),(266,'Anonymous','2018-05-09 08:13:46','2018-05-09 08:13:46','Anonymous',0,'ITP','29-10-2017',NULL,NULL,'UNRESOLVED','DAY',55),(267,'Anonymous','2018-05-09 08:13:48','2018-05-09 08:13:48','Anonymous',0,'ITP','03-01-2018',NULL,NULL,'UNRESOLVED','DAY',62),(268,'Anonymous','2018-05-09 08:13:49','2018-05-09 08:13:49','Anonymous',0,'ITP','07-02-2018',NULL,NULL,'UNRESOLVED','DAY',63),(269,'Anonymous','2018-05-09 08:13:51','2018-05-09 08:13:51','Anonymous',0,'ITP','27-12-2017',NULL,NULL,'UNRESOLVED','DAY',64),(270,'Anonymous','2018-05-09 08:13:52','2018-05-09 08:13:52','Anonymous',0,'ITP','04-11-2017',NULL,NULL,'UNRESOLVED','DAY',65),(271,'Anonymous','2018-05-09 08:13:54','2018-05-09 08:13:54','Anonymous',0,'ITP','02-11-2017',NULL,NULL,'UNRESOLVED','DAY',70),(272,'Anonymous','2018-05-09 08:13:55','2018-05-09 08:13:55','Anonymous',0,'ITP','26-10-2017',NULL,NULL,'UNRESOLVED','DAY',72),(273,'Anonymous','2018-05-09 08:13:57','2018-05-09 08:13:57','Anonymous',0,'ITP','06-12-2017',NULL,NULL,'UNRESOLVED','DAY',73),(274,'Anonymous','2018-05-09 08:13:58','2018-05-09 08:13:58','Anonymous',0,'ITP','31-10-2017',NULL,NULL,'UNRESOLVED','DAY',75),(275,'Anonymous','2018-05-09 08:14:00','2018-05-09 08:14:00','Anonymous',0,'ITP','12-12-2017',NULL,NULL,'UNRESOLVED','DAY',88),(276,'Anonymous','2018-05-09 08:14:01','2018-05-09 08:14:01','Anonymous',0,'ITP','10-12-2017',NULL,NULL,'UNRESOLVED','DAY',89),(277,'Anonymous','2018-05-09 08:14:01','2018-05-09 08:14:01','Anonymous',0,'ITP','28-11-2017',NULL,NULL,'UNRESOLVED','DAY',93),(278,'Anonymous','2018-05-09 08:14:01','2018-05-09 08:14:01','Anonymous',0,'ITP','06-01-2018',NULL,NULL,'UNRESOLVED','DAY',95),(279,'Anonymous','2018-05-09 08:14:01','2018-05-09 08:14:01','Anonymous',0,'ITP','04-11-2017',NULL,NULL,'UNRESOLVED','DAY',99),(280,'Anonymous','2018-05-09 08:14:02','2018-05-09 08:14:02','Anonymous',0,'ITP','22-11-2017',NULL,NULL,'UNRESOLVED','DAY',170),(290,'Anonymous','2018-05-10 08:00:01','2018-05-11 12:19:48','otto',0,'CASCO','02-06-2018',NULL,NULL,'RESOLVED','DAY',184),(291,'Anonymous','2018-05-10 08:00:31','2018-05-10 08:00:31','Anonymous',0,'REVISION','14800',NULL,NULL,'UNRESOLVED','KM',184),(292,'Anonymous','2018-05-10 08:00:32','2018-05-23 06:14:57','otto',0,'REVISION','-642000',NULL,NULL,'RESOLVED','KM',186),(293,'Anonymous','2018-05-10 08:00:33','2018-05-10 08:00:33','Anonymous',0,'REVISION','17000',NULL,NULL,'UNRESOLVED','KM',187),(294,'Anonymous','2018-05-10 08:00:34','2018-05-11 08:00:32','Anonymous',0,'REVISION','10000','2018-05-11 08:00:32',NULL,'UNRESOLVED','KM',188),(295,'Anonymous','2018-05-10 08:00:36','2018-05-11 12:18:40','otto',0,'ITP','12-06-2018',NULL,NULL,'RESOLVED','DAY',184),(296,'Anonymous','2018-05-10 08:00:37','2018-05-11 12:21:45','otto',0,'ITP','23-05-2018',NULL,NULL,'RESOLVED','DAY',188),(297,'Anonymous','2018-05-10 08:00:39','2018-05-10 08:00:39','Anonymous',0,'TACHOGRAPH','04-11-2017',NULL,NULL,'UNRESOLVED','DAY',83),(298,'Anonymous','2018-05-10 08:00:40','2018-05-11 12:19:57','otto',0,'RCA','09-06-2018',NULL,NULL,'RESOLVED','DAY',179),(299,'Anonymous','2018-05-10 08:00:41','2018-05-11 12:20:56','otto',0,'RCA','01-06-2018',NULL,NULL,'RESOLVED','DAY',186),(300,'Anonymous','2018-05-10 08:00:42','2018-05-11 12:21:33','otto',0,'RCA','01-06-2018',NULL,NULL,'RESOLVED','DAY',187),(301,'Anonymous','2018-05-10 08:00:43','2018-05-11 12:21:17','otto',0,'ADR_FRC','23-05-2018',NULL,NULL,'RESOLVED','DAY',186),(302,'Anonymous','2018-05-21 08:00:30','2018-05-21 08:03:31','otto',0,'CASCO','20-06-2018',NULL,NULL,'RESOLVED','DAY',186),(303,'Anonymous','2018-05-21 08:00:32','2018-05-23 06:14:41','otto',0,'RCA','20-06-2018',NULL,NULL,'RESOLVED','DAY',188),(304,'Anonymous','2018-05-23 08:00:27','2018-05-23 08:00:27','Anonymous',0,'REVISION','18000',NULL,NULL,'UNRESOLVED','KM',186),(305,'Anonymous','2018-06-01 08:00:01','2018-06-16 08:00:36','Anonymous',0,'CASCO','01-07-2018','2018-06-16 08:00:36',NULL,'UNRESOLVED','DAY',187),(306,'Anonymous','2018-06-01 08:00:04','2018-06-16 08:00:02','Anonymous',0,'RCA','01-07-2018','2018-06-16 08:00:01',NULL,'UNRESOLVED','DAY',184),(307,'Anonymous','2018-06-16 08:00:37','2018-06-16 08:00:37','Anonymous',0,'CASCO','16-07-2018',NULL,NULL,'UNRESOLVED','DAY',188);
/*!40000 ALTER TABLE `alerts` ENABLE KEYS */;
UNLOCK TABLES;

--
-- Table structure for table `app_user`
--

DROP TABLE IF EXISTS `app_user`;
/*!40101 SET @saved_cs_client     = @@character_set_client */;
/*!40101 SET character_set_client = utf8 */;
CREATE TABLE `app_user` (
  `id` bigint(20) NOT NULL AUTO_INCREMENT,
  `created_by` varchar(255) DEFAULT NULL,
  `created_date` datetime DEFAULT NULL,
  `last_update_date` datetime DEFAULT NULL,
  `updated_by` varchar(255) DEFAULT NULL,
  `version` int(11) NOT NULL,
  `access_financial` bit(1) DEFAULT NULL,
  `active` bit(1) DEFAULT NULL,
  `deleted` bit(1) NOT NULL,
  `email` varchar(30) NOT NULL,
  `first_name` varchar(30) NOT NULL,
  `last_login` datetime DEFAULT NULL,
  `last_name` varchar(30) NOT NULL,
  `notified` bit(1) DEFAULT NULL,
  `password` varchar(255) DEFAULT NULL,
  `phone` varchar(30) NOT NULL,
  `username` varchar(30) NOT NULL,
  `customer_id` bigint(20) DEFAULT NULL,
  PRIMARY KEY (`id`),
  KEY `FKgyxnedp73hp3vqsm6mrehie0t` (`customer_id`),
  CONSTRAINT `FKgyxnedp73hp3vqsm6mrehie0t` FOREIGN KEY (`customer_id`) REFERENCES `customers` (`id`)
) ENGINE=InnoDB AUTO_INCREMENT=20 DEFAULT CHARSET=latin1;
/*!40101 SET character_set_client = @saved_cs_client */;

--
-- Dumping data for table `app_user`
--

LOCK TABLES `app_user` WRITE;
/*!40000 ALTER TABLE `app_user` DISABLE KEYS */;
INSERT INTO `app_user` VALUES (7,'Anonymous','2017-10-11 07:06:01','2018-06-25 08:15:05','Anonymous',0,'','','\0','dan.pop@dma-tech.com','Dan','2018-06-25 08:15:05','Pop','','$2a$10$EWNgikb6g0kKlSLR4kHQQuY7Rd8BDccy/1Tcn.KtQuEilTc8k2lxW','1234','logistix',5),(12,'Anonymous','2017-10-30 09:48:05','2017-10-30 10:08:20','emiliau',0,'','','\0','emilia.ungur@icloud.com','Emilia','2017-10-30 09:48:22','Ungur','','$2a$10$mjxrvA1KaZ7xExeem5DdHuQ/LRqyva2q45Nnddfuodd9x0jmICORq','0741508591','emiliau',8),(13,'Anonymous','2018-01-23 17:01:36','2018-01-23 17:01:52','Anonymous',0,'\0','','\0','dan@ghb-software.com','Principal','2018-01-23 17:01:52','Uilizator','\0','$2a$10$yWht4CWk6bPV81zm41QuouwOED3lkKUM9OSgYg5y8ZHuxTs6aTZ4m','0774026231','Utilizator Principal',9),(14,'Anonymous','2018-01-24 11:36:57','2018-01-24 11:37:03','Anonymous',0,'\0','','\0','sebastian.pantea@gmail.com','Sebi','2018-01-24 11:37:03','Pantea','\0','$2a$10$kSBiKG75gZK8lMldamBgNedxZKAkGMfUEERK/GRtpyaixApdcKgFC','0743883406','seba',10),(15,'Anonymous','2018-02-01 15:23:44','2018-02-03 19:55:48','Anonymous',0,'\0','','\0','iulian@cazzo.com','Negru','2018-02-03 19:55:48','Iulian','\0','$2a$10$l5F8EbjC0d4WAjckgW89dOFPXyD5TnqVinC9r7pXPEa3dCWbIeYF6','0734555555','iulian',11),(16,'logistix','2018-02-06 20:41:18','2018-04-17 12:22:25','logistix',0,'','','\0','ion.popescu@logistix-cloud.com','Ion','2018-02-06 20:41:26','Popescu','\0','$2a$10$xe0PuUnHNulnWjMPvd9u9.xOhmoWmZen4Ib9db1LW8kqTTtCsACcy','0744789899','angajat',5),(17,'logistix','2018-02-15 13:25:08','2018-02-15 13:28:09','Anonymous',0,'\0','','\0','dardenlogistic@gmail.com','Marius','2018-02-15 13:28:09','Chisbora','\0','$2a$10$Gva2ORYODywA0dcqq0Mlg.6RdJNJ0dL3ykdVBCmgxonr2SqmYXMFa','0757649607','Darden',12),(18,'logistix','2018-02-15 13:33:12','2018-02-15 13:44:35','Anonymous',0,'\0','','\0',' livium26@gmail.com','Liviu','2018-02-15 13:44:35','Moldovan','\0','$2a$10$mH8GGXg7uSnY6P3M0oHF...byTB/MfC8ZweIviybMubmiQeEVm8d2','0784381681 ','Liviu Moldovan',13),(19,'logistix','2018-04-12 13:40:42','2018-06-13 07:18:20','Anonymous',0,'','','\0','otto.kanduth@ghb-software.com','Otto','2018-06-13 07:18:20','Kanduth','','$2a$10$.wGF8ik0.k5IrRFaCgEoS.RdrDuE43F1RMsu2UWi3gBmtZg87rZS6','0740751075','otto',14);
/*!40000 ALTER TABLE `app_user` ENABLE KEYS */;
UNLOCK TABLES;

--
-- Table structure for table `blacklist`
--

DROP TABLE IF EXISTS `blacklist`;
/*!40101 SET @saved_cs_client     = @@character_set_client */;
/*!40101 SET character_set_client = utf8 */;
CREATE TABLE `blacklist` (
  `id` bigint(20) NOT NULL AUTO_INCREMENT,
  `created_by` varchar(255) DEFAULT NULL,
  `created_date` datetime DEFAULT NULL,
  `last_update_date` datetime DEFAULT NULL,
  `updated_by` varchar(255) DEFAULT NULL,
  `version` int(11) NOT NULL,
  `address` varchar(255) DEFAULT NULL,
  `cif` varchar(255) DEFAULT NULL,
  `city` varchar(255) DEFAULT NULL,
  `comments` varchar(255) DEFAULT NULL,
  `country` varchar(255) DEFAULT NULL,
  `deleted` bit(1) NOT NULL,
  `email` varchar(255) DEFAULT NULL,
  `name` varchar(255) DEFAULT NULL,
  `person` varchar(255) DEFAULT NULL,
  `phone` varchar(255) DEFAULT NULL,
  `zip` varchar(255) DEFAULT NULL,
  `customer_id` bigint(20) DEFAULT NULL,
  PRIMARY KEY (`id`),
  KEY `FKdxfxue7s8wcd5bhr2uq4168co` (`customer_id`),
  CONSTRAINT `FKdxfxue7s8wcd5bhr2uq4168co` FOREIGN KEY (`customer_id`) REFERENCES `customers` (`id`)
) ENGINE=InnoDB AUTO_INCREMENT=30 DEFAULT CHARSET=latin1;
/*!40101 SET character_set_client = @saved_cs_client */;

--
-- Dumping data for table `blacklist`
--

LOCK TABLES `blacklist` WRITE;
/*!40000 ALTER TABLE `blacklist` DISABLE KEYS */;
INSERT INTO `blacklist` VALUES (1,'Daniel','2017-10-11 08:29:00','2017-10-11 10:01:57','Daniel',0,'Cuza Voda','6754659','Galati','Nesatisfacerea conditiilor cerute.',NULL,'','arcelormittal@yahoo.com','ArcelorMittal','Arpad Paszkany','0762876543','1030',2),(2,'Daniel','2017-10-11 09:55:44','2017-10-11 12:48:24','Daniel',0,'Brosului 19','35532','Oradea','','Romania','','dudu@trans.ro','Popan Impex SRL','Dudu Georgescu','0733212455','432234',2),(3,'Daniel','2017-10-11 09:56:15','2017-10-11 09:56:19','Daniel',0,'Ilfovului nr.1','167543','Calarasi','','Romania','','speedtrans@yahoo.com','2M fast & Speed Trans SRL','Marius Briste','0756923401','1600',2),(4,'Daniel','2017-10-11 10:02:04','2017-10-11 12:47:50','Daniel',0,'Cuza Voda','6754659','Galati','','Romania','','arcelormittal@yahoo.com','ArcelorMittal','Arpad Paszkany','0762876543','1030',2),(5,'Daniel','2017-10-11 12:48:07','2017-10-11 12:48:07','Daniel',0,'Cuza Voda','6754659','Galati','Tepari indieni','Romania','\0','arcelormittal@yahoo.com','ArcelorMittal','Arpad Paszkany','0762876543','1030',2),(6,'Daniel','2017-10-11 12:48:53','2017-10-11 12:49:04','Daniel',0,'Brosului 19','35532','Oradea','mihai eminescu luceafarul . a fost o incantatoare poveste de dragoste in care ','Romania','','dudu@trans.ro','Popan Impex SRL','Dudu Georgescu','0733212455','432234',2),(7,'Daniel','2017-10-11 12:49:10','2017-10-11 12:49:10','Daniel',0,'Brosului 19','35532','Oradea','','Romania','\0','dudu@trans.ro','Popan Impex SRL','Dudu Georgescu','0733212455','432234',2),(8,'adi','2017-10-18 06:38:59','2017-10-18 06:39:06','adi',0,'Calea Borsului nr 17','19382813','Oradea','Cai mai tepari dintre tepari','Romania','','george@faist.com','Faist Mekatronic','George Georgescu','038584857','28372737',5),(9,'adi','2017-10-18 06:39:17','2017-10-19 13:57:43','adi',0,'Calea Borsului nr 17','19382813','Oradea','Mega ultra super tepari','Romania','','george@faist.com','Faist Mekatronic','George Georgescu','038584857','28372737',5),(10,'adi','2017-10-18 06:39:30','2017-10-19 13:57:39','adi',0,'Principala 1','34873748374','Sauaieu','Hering','Romania','','hering.cristian@yahoo.com','HerisTrans','Cristian George Hering','2','1',5),(11,'aditest','2017-10-19 13:26:38','2017-10-19 13:27:39','aditest',0,'Borsului 56','324232432','Iasi','','Romania','','marcel.i@rgu.ro','SC Ragu Prod Impex','Marcel Iures','0239437284','5848483843',6),(12,'aditest','2017-10-19 13:27:22','2017-10-19 13:27:28','aditest',0,'Strada Tuberozelor nr 7','2321231213','Suceava','','Romania','','john_ulm@yahoo.com','Bunexim','Ion Ulmeanu','4923858302','9494754704',6),(13,'aditest','2017-10-19 13:39:01','2017-10-19 13:39:01','aditest',0,'Borsului 56','324232432','Iasi','','Romania','\0','marcel.i@rgu.ro','SC Ragu Prod Impex','Marcel Iures','0239437284','5848483843',6),(14,'aditest','2017-10-19 13:41:33','2017-10-19 13:41:41','aditest',0,'1231313','3213131','323123','','Romania','','aaa@aaa.com','AAA','123','32131','13123',6),(15,'aditest','2017-10-19 13:42:08','2017-10-19 13:43:15','aditest',0,'1231313','3213131','323123','','Romania','','aaa@aaa.com','AAA','123','32131','13123',6),(16,'adi','2017-10-19 13:58:01','2017-10-19 13:59:30','adi',0,'Calea Borsului nr 17','19382813','Oradea','','Romania','','george@faist.com','Faist Mekatronic','George Georgescu','038584857','28372737',5),(17,'adi','2017-10-19 13:58:04','2017-10-19 13:59:35','adi',0,'Calea Bucuresti','59834905839083','Pitesti','','Romania','','ion@gmail.com','C&G G&C Computers','Ion Ionescu','1','94939483',5),(18,'adi','2017-10-19 14:00:11','2017-10-19 14:00:18','adi',0,'Calea Zalaului nr 45','847584387','Cluj-Napoca','','Romania','','ion@rigolo.ro','Rigolo Impex','Ion Neculce','9483758373','3949837482',5),(19,'adi','2017-10-19 14:01:15','2017-10-19 14:01:25','adi',0,'Calea Bucuresti','59834905839083','Pitesti','','Romania','','ion@gmail.com','C&G G&C Computers','Ion Ionescu','1','94939483',5),(20,'adi','2017-10-19 14:01:19','2017-10-19 14:01:23','adi',0,'Calea Zalaului nr 45','847584387','Cluj-Napoca','','Romania','','ion@rigolo.ro','Rigolo Impex','Ion Neculce','9483758373','3949837482',5),(21,'adi','2017-10-19 14:02:11','2017-10-19 14:02:21','adi',0,'Calea Bucuresti','59834905839083','Pitesti','','Romania','','ion@gmail.com','C&G G&C Computers','Ion Ionescu','1','94939483',5),(22,'adi','2017-10-19 14:02:16','2017-10-19 14:02:19','adi',0,'Calea Zalaului nr 45','847584387','Cluj-Napoca','','Romania','','ion@rigolo.ro','Rigolo Impex','Ion Neculce','9483758373','3949837482',5),(23,'aditest','2017-10-19 14:44:19','2017-10-23 07:17:44','aditest',0,'1','1','1','','Romania','','1@1.com','ClientTest','11','11111','1',6),(24,'logistix','2018-01-25 10:06:42','2018-02-09 13:12:09','logistix',0,'Calea Clujului nr.9','19753453','Cluj-Napoca','Nu s-au respectat conditiile impuse.','Romania','','dan.popescu@gmail.com','Woodworth and Company Inc.','Dan Popescu','0745657896','4200',5),(25,'logistix','2018-01-25 10:07:10','2018-02-09 13:10:14','logistix',0,'Calea Republicii nr.7','19734875','Deva','Ineficienta.','Romania','','daniel.siguteanu@gmail.com','Superior Carriers Inc.','Daniel Siguteanu','0756874534','2400',5),(26,'logistix','2018-02-09 13:12:35','2018-02-09 13:12:35','logistix',0,'Strada Abatorului nr.1','17658723','Brasov','R?u platnic\n','Romania','\0','alexandru.brasoveanu@gmail.com','Select Build LLC','Alexandru Brasoveanu','0744874517','3200',5),(27,'otto','2018-04-15 16:41:58','2018-04-16 11:07:37','otto',0,'bulevardul decebal 1','12345678','Oradea','rau platnic','Romania','','luciantorjoc@gmail.com','client 2','Lucian Torjoc','0740341514','410339',14),(28,'otto','2018-04-16 11:22:59','2018-04-16 11:22:59','otto',0,'brasovului 1','918273','Brasov','rau platnic','Romania','\0','client3@clienti.ro','client 4','Adi Brasoveanu','0751234567','',14),(29,'otto','2018-04-19 08:27:43','2018-05-21 12:42:10','otto',0,'FABRICII DE ZAHAR 10 B','16470203','Cluj Napoca','rau platnic','Romania','','darius@autorec.ro','AUTO RECOVERY SRL','Darius Popa ','0746987315','168264',14);
/*!40000 ALTER TABLE `blacklist` ENABLE KEYS */;
UNLOCK TABLES;

--
-- Table structure for table `carriers`
--

DROP TABLE IF EXISTS `carriers`;
/*!40101 SET @saved_cs_client     = @@character_set_client */;
/*!40101 SET character_set_client = utf8 */;
CREATE TABLE `carriers` (
  `id` bigint(20) NOT NULL AUTO_INCREMENT,
  `created_by` varchar(255) DEFAULT NULL,
  `created_date` datetime DEFAULT NULL,
  `last_update_date` datetime DEFAULT NULL,
  `updated_by` varchar(255) DEFAULT NULL,
  `version` int(11) NOT NULL,
  `address` varchar(255) DEFAULT NULL,
  `cif` varchar(255) DEFAULT NULL,
  `city` varchar(255) DEFAULT NULL,
  `comments` varchar(255) DEFAULT NULL,
  `country` varchar(255) DEFAULT NULL,
  `deleted` bit(1) NOT NULL,
  `email` varchar(255) DEFAULT NULL,
  `name` varchar(255) DEFAULT NULL,
  `person` varchar(255) DEFAULT NULL,
  `phone` varchar(255) DEFAULT NULL,
  `reg_com` varchar(255) DEFAULT NULL,
  `zip` varchar(255) DEFAULT NULL,
  `customer_id` bigint(20) DEFAULT NULL,
  `order_id` bigint(20) DEFAULT NULL,
  PRIMARY KEY (`id`),
  KEY `FKprq4g0lyqtl3kviadeaiu8v0d` (`customer_id`),
  KEY `FK96rtbfiuhae5oxg2nysesqvpe` (`order_id`),
  CONSTRAINT `FK96rtbfiuhae5oxg2nysesqvpe` FOREIGN KEY (`order_id`) REFERENCES `customers` (`id`),
  CONSTRAINT `FKprq4g0lyqtl3kviadeaiu8v0d` FOREIGN KEY (`customer_id`) REFERENCES `customers` (`id`)
) ENGINE=InnoDB AUTO_INCREMENT=130 DEFAULT CHARSET=latin1;
/*!40101 SET character_set_client = @saved_cs_client */;

--
-- Dumping data for table `carriers`
--

LOCK TABLES `carriers` WRITE;
/*!40000 ALTER TABLE `carriers` DISABLE KEYS */;
INSERT INTO `carriers` VALUES (114,'logistix','2018-01-25 09:53:49','2018-01-25 10:03:03','logistix',0,'Calea Republicii nr.7','19734875','Deva','','Romania','\0','daniel.siguteanu@gmail.com','Superior Carriers Inc.','Daniel Siguteanu','0756874534','2','2400',5,NULL),(115,'logistix','2018-01-25 09:59:28','2018-02-09 13:13:15','logistix',0,'Str. Seleusului nr.9','19874598','Oradea','','Romania','\0','lucian.vlad@gmail.com','Compass Transport LLC','Lucian Vlad','0754679812','3','1300',5,NULL),(116,'logistix','2018-01-25 10:01:28','2018-01-25 10:01:28','logistix',0,'Aleea Baraganului nr.5','18765243','Craiova','','Romania','\0','vlad.dima@gmail.com','Sound Transportation','Vlad Dima','0754875675','2','2600',5,NULL),(117,'logistix','2018-01-25 10:02:52','2018-01-25 10:02:52','logistix',0,'Strada Aida nr.8','18765433','Timisoara','','Romania','\0','mirel.palut@gmail.com','Palletized Trucking Inc.','Mirel Palut','0745875644','3','2300',5,NULL),(118,'logistix','2018-01-25 10:05:17','2018-01-25 10:05:17','logistix',0,'Str. Artelor nr.7','18765453','Cluj-Napoca','','Romania','\0','stefan.sarca@gmail.com','Pride Transport Inc.','Stefan Sarca','0724764576','2','2800',5,NULL),(119,'otto','2018-04-14 12:09:16','2018-04-20 05:43:56','otto',0,'Dacia Blvd nr.33','19843654','Oradea','','Romania','\0','transportator1@transportatori.ro','RHENUS LOGISTICS SRL','Transportator 1','0740123456','J05/101/2010','410464',14,NULL),(120,'otto','2018-04-15 16:32:05','2018-04-20 05:44:09','otto',0,'calea victoriei 1','123456789','bucuresti','','Romania','\0','transportator2@transportatori.ro','CARGOSUD SRL','Andrei Bucuresteanu','0740123457','J05/102/2010','123456',14,NULL),(121,'otto','2018-04-16 11:04:25','2018-04-20 05:44:28','otto',0,'eroilor 7','112233','Cluj Napoca','','Romania','\0','andreiescu@transportatori.ro','WEST EUROTRANS SRL','Andrei Escu','0750123456','j5/110/2017','',14,NULL),(122,'otto','2018-04-16 11:06:09','2018-04-20 05:44:42','otto',0,'calea timisoara 1','102938','Timisoara','','Romania','\0','aditimisoreanu@transportatori.ro','FROGEX SRL','Adi Timisoreanu','0750132465','j5/111/2017','',14,NULL),(123,'otto','2018-04-16 11:07:25','2018-04-20 05:44:53','otto',0,'mihai viteazul 1','654321','sibiu','','Romania','\0','transportator5@transportatori.ro','TRANSMAT SRL','Adi Sibianu','0751123456','j5/112/2017','',14,NULL),(124,'otto','2018-04-19 08:17:30','2018-04-19 08:17:30','otto',0,'UZINELOR 60','17013145','Oradea','','Romania','\0','razvan@PANKARPATHIA.ro','PANKARPATHIA SRL','Razvan Alexandrescu','07469532632','J05/2264/2004 ','410464',14,NULL),(125,'otto','2018-04-19 08:19:50','2018-04-19 08:19:50','otto',0,'LACUL URSULUI 18 C ','22983122','OTOPENI','','Romania','\0','Marius@transexpress.ro','TRANS EXPRESS SRL','Marius Cret','0746332564','J23/3504/2007 ','489663',14,NULL),(126,'otto','2018-04-19 08:22:25','2018-04-19 08:22:25','otto',0,'DROPIEI 10','29922904','Galati','','Romania','\0','Alex@exped.ro','EXPENED 2000 SRL','Alex Marinescu','0746956224','J17/301/2012 ','647991',14,NULL),(127,'otto','2018-04-19 08:26:08','2018-04-19 08:26:08','otto',0,'POLONA 5 C','13000860','TIMISOARA','','Romania','\0','Gabi@gabytrans.ro','GABYTRANS SRL','Gabriel Maghiar','0264-229476','J35/393/2000 ','469852',14,NULL),(128,'otto','2018-04-19 08:27:08','2018-04-19 08:27:08','otto',0,'NOUA 62 C','24660020','arad','','Romania','\0','razvan@bravia.ro','BRAVIA LOGISTICS SRL','Razvan Bungau','0746988311','J02/1899/2008 ','467988',14,NULL),(129,'otto','2018-05-16 09:13:40','2018-05-16 09:13:40','otto',0,'Santion 35','142733','Oradea','','Romania','\0','sebi@tramos.ro','Tramos','Mos Sebastian','0722938444','J05/977/1993','410422',14,NULL);
/*!40000 ALTER TABLE `carriers` ENABLE KEYS */;
UNLOCK TABLES;

--
-- Table structure for table `certificates`
--

DROP TABLE IF EXISTS `certificates`;
/*!40101 SET @saved_cs_client     = @@character_set_client */;
/*!40101 SET character_set_client = utf8 */;
CREATE TABLE `certificates` (
  `id` bigint(20) NOT NULL AUTO_INCREMENT,
  `name` varchar(255) DEFAULT NULL,
  PRIMARY KEY (`id`)
) ENGINE=InnoDB AUTO_INCREMENT=10 DEFAULT CHARSET=latin1;
/*!40101 SET character_set_client = @saved_cs_client */;

--
-- Dumping data for table `certificates`
--

LOCK TABLES `certificates` WRITE;
/*!40000 ALTER TABLE `certificates` DISABLE KEYS */;
INSERT INTO `certificates` VALUES (1,'Carte de identitate'),(2,'Permis de conducere'),(3,'Medicina muncii'),(4,'Aviz medical'),(5,'Aviz psihologic'),(6,'Marfa-CPC'),(7,'ADR-Colete'),(8,'Agabaritice'),(9,'ADR-Colete+Cisterne');
/*!40000 ALTER TABLE `certificates` ENABLE KEYS */;
UNLOCK TABLES;

--
-- Table structure for table `clients`
--

DROP TABLE IF EXISTS `clients`;
/*!40101 SET @saved_cs_client     = @@character_set_client */;
/*!40101 SET character_set_client = utf8 */;
CREATE TABLE `clients` (
  `id` bigint(20) NOT NULL AUTO_INCREMENT,
  `created_by` varchar(255) DEFAULT NULL,
  `created_date` datetime DEFAULT NULL,
  `last_update_date` datetime DEFAULT NULL,
  `updated_by` varchar(255) DEFAULT NULL,
  `version` int(11) NOT NULL,
  `address` varchar(255) DEFAULT NULL,
  `cif` varchar(255) DEFAULT NULL,
  `city` varchar(255) DEFAULT NULL,
  `comments` varchar(255) DEFAULT NULL,
  `deleted` bit(1) NOT NULL,
  `email` varchar(255) DEFAULT NULL,
  `name` varchar(255) DEFAULT NULL,
  `person` varchar(255) DEFAULT NULL,
  `phone` varchar(255) DEFAULT NULL,
  `reg_com` varchar(255) DEFAULT NULL,
  `zip` varchar(255) DEFAULT NULL,
  `country_id` bigint(20) DEFAULT NULL,
  `customer_id` bigint(20) DEFAULT NULL,
  `order_id` bigint(20) DEFAULT NULL,
  PRIMARY KEY (`id`),
  KEY `FKqpt2ac5ymf73c4xha5mbhouoj` (`country_id`),
  KEY `FKo4e47eig6va3r3a8rk040brlt` (`customer_id`),
  KEY `FK9gg12w2oncosf1842oq3srvwr` (`order_id`),
  CONSTRAINT `FK9gg12w2oncosf1842oq3srvwr` FOREIGN KEY (`order_id`) REFERENCES `customers` (`id`),
  CONSTRAINT `FKo4e47eig6va3r3a8rk040brlt` FOREIGN KEY (`customer_id`) REFERENCES `customers` (`id`),
  CONSTRAINT `FKqpt2ac5ymf73c4xha5mbhouoj` FOREIGN KEY (`country_id`) REFERENCES `countries` (`id`)
) ENGINE=InnoDB AUTO_INCREMENT=89 DEFAULT CHARSET=latin1;
/*!40101 SET character_set_client = @saved_cs_client */;

--
-- Dumping data for table `clients`
--

LOCK TABLES `clients` WRITE;
/*!40000 ALTER TABLE `clients` DISABLE KEYS */;
INSERT INTO `clients` VALUES (61,'logistix','2018-01-25 09:29:29','2018-01-25 09:29:29','logistix',0,'Calea Clujului nr.9','19753453','Cluj-Napoca','','\0','dan.popescu@gmail.com','Woodworth and Company Inc.','Dan Popescu','0745657896','1','4200',1,5,NULL),(62,'logistix','2018-01-25 09:31:31','2018-01-25 09:56:20','logistix',0,'Strada Abatorului nr.1','17658723','Brasov','-','\0','alexandru.brasoveanu@gmail.com','Select Build LLC','Alexandru Brasoveanu','0744874517','2','3200',1,5,NULL),(63,'logistix','2018-01-25 09:36:49','2018-01-25 09:57:28','logistix',0,'Str. Gheorghe Mardarescu nr.11','15684392','Bihor','','\0','lucian.vasilescu@gmail.com','Hallco Inc','Lucian Vasilescu','0745874598','2','2400',1,5,NULL),(64,'logistix','2018-01-25 09:38:49','2018-01-25 09:55:36','logistix',0,'Strada Balata  nr.1','19437698','Deva','','\0','sergiu.vancea@gmail.com','Drycon LLC','Sergiu Vancea','0743769821','3','2400',1,5,NULL),(65,'logistix','2018-01-25 09:40:41','2018-01-25 09:56:32','logistix',0,'Strada Avram Iancu nr.4','19229865','Craiova','','\0','horia.avramescu@gmail.com','Bask Enterprises Trans','Horia Avramescu','0742875498','2','2100',1,5,NULL),(66,'logistix','2018-01-25 09:42:26','2018-01-25 09:49:53','logistix',0,'Calea Sagului nr.4','19659812','Timisoara','','\0','daniel.andromescu@gmail.com','Joy Trans','Daniel Andromescu','0745658512','2','2500',1,5,NULL),(67,'logistix','2018-01-25 09:44:03','2018-01-25 09:57:22','logistix',0,'Strada Bucegi nr.9','19658797','Arad','','\0','sebastian.vlad@gmail.com','Graham Group Trans','Sebastian Vlad','0745982345','1','3200',1,5,NULL),(68,'logistix','2018-01-25 09:45:23','2018-01-25 09:57:10','logistix',0,'Strada Brates nr.7','19652456','Sibiu','','\0','mihai.dan@gmail.com','Eco-Sense Trans','Mihai Dan','0758238756','2','2400',1,5,NULL),(69,'logistix','2018-01-25 09:47:35','2018-01-25 09:56:56','logistix',0,'Aleea Bucura nr.12','1963657497','Satu-Mare','','\0','stefan.ianov@gmail.com','Better Ways Inc','Stefan Ianov','0754981965','2','2000',1,5,NULL),(70,'logistix','2018-01-25 09:49:42','2018-01-25 09:55:31','logistix',0,'Calea Moldovei nr.13','19228745','Bistrita-Nasaud','','\0','vasile.diaconu@gmail.com','Dovetail Trans','Vasile Diaconu','0745658756','2','2400',1,5,NULL),(71,'iulian','2018-02-03 14:09:33','2018-02-03 14:09:33','iulian',0,'Ruhrallee 7, 46395 Bocholt, Germany','121002914','Bocholt','','\0','mstratmann@duvenbeck.de','Duvenbeck Kraftverkehr gmbh','Matthias Stratmann','+49 2871 21920','','46395',85,11,NULL),(72,'logistix','2018-02-04 08:40:37','2018-02-04 19:21:21','logistix',0,'Rude de monde','320003','Paris','','\0','p@lolo.com','Duvenbevk GmbH & Co.','Pierre','0234499234','j9/2013','2321312',78,5,NULL),(73,'logistix','2018-02-04 19:20:29','2018-02-07 13:25:02','logistix',0,'Splaiu Bucium','423234','Brasov','','\0','alexandru.gheboianu@gmail.com','B & B','Alex Stanga','0532423','J06/2018','',1,5,NULL),(74,'logistix','2018-02-06 18:55:46','2018-02-06 18:56:07','logistix',0,'RURHALLE 7','121002914','BOCHOLT','cel mai important client','\0','GHIURI@gmail.com','duvenbeck kraftverkehr gmbh & co. spedition kg','GHIURI','293412331240032','','46395',85,5,NULL),(75,'logistix','2018-02-06 18:57:14','2018-02-06 18:57:14','logistix',0,'Dorobanti 11','325235235','Bucuresti','Invechiti','\0','mihai@romtrans.ro','Romtrans','Mihai','03243234','J02/242/1990','32r423424',1,5,NULL),(76,'otto','2018-04-14 12:07:57','2018-04-20 05:42:04','otto',0,'Gen. Gheorghe Mardarescu, 7','13466584','bucuresti','','\0','kandutho@yahoo.com','RESITEX GROUP SRL','Kanduth Otto','0740751075','J05/100/2010','410605',1,14,NULL),(77,'otto','2018-04-15 16:29:52','2018-04-20 05:42:29','otto',0,'bulevardul decebal 1','12345678','Oradea','','\0','luciantorjoc@gmail.com','JMT GROUP SRL','Lucian Torjoc','0740341514','ro5/234/2017','410339',1,14,NULL),(78,'otto','2018-04-16 10:59:27','2018-04-20 05:42:44','otto',0,'stefan cel mare 1','987654','Satu Mare','','\0','client3@client.ro','M SYSTEM SRL','Adi Satmarean','0741234567','j5/101/2017','',1,14,NULL),(79,'otto','2018-04-16 11:00:44','2018-04-20 05:43:00','otto',0,'brasovului 1','918273','Brasov','','\0','client3@clienti.ro','WALTER SRL','Adi Brasoveanu','0751234567','j5/102/2017','',1,14,NULL),(80,'otto','2018-04-16 11:02:27','2018-04-20 05:43:36','otto',0,'bulevardul dacia 16','987123','iasi','','\0','client5@clienti.ro','CONDMARI SRL','Adi Moldoveanu','0747112233','j5/104/2017','',1,14,NULL),(81,'otto','2018-04-19 07:49:01','2018-05-11 11:27:32','otto',0,'STR. BARAJULUI 12 C ','30668304','RAMNICU VALCEA','','\0','macmacspedition@macmacspedition.ro','Performarket SRL','Marius Popa','0740194681','J38/459/2012 ','410339',1,14,NULL),(82,'otto','2018-04-19 07:51:01','2018-04-20 05:45:22','otto',0,'CONSTANTIN BRANCOVEANU 15 A','22116694','Cluj Napoca','','\0','Paul@sese.ro','AMELI PROD SRL ','Paul Ianc','0737-553.265','J12/3139/2007 ','410464',1,14,NULL),(83,'otto','2018-04-19 07:53:21','2018-04-20 05:45:30','otto',0,'CONULUI 5','2698644','Ploiesti','','\0','adi@mainfreight.ro','ROLEST SRL ','Adrian Chis','0788176428','	J29/3431/1992 ','492286',1,14,NULL),(84,'otto','2018-04-19 07:54:33','2018-04-19 07:54:33','otto',0,'FABRICII DE ZAHAR 10 B','16470203','Cluj Napoca','','\0','darius@autorec.ro','AUTO RECOVERY SRL','Darius Popa ','0746987315','J12/2054/2004 ','168264',1,14,NULL),(85,'otto','2018-04-19 08:12:33','2018-04-20 05:45:54','otto',0,'DEALUL BUCIUM 26 C','32775730','Iasi','','\0','htrsped@spedition.ro','TECHNOCHIM SRL','Daniel Cura','0746183324','J22/227/2014 ','647512',1,14,NULL),(86,'otto','2018-04-19 08:15:43','2018-04-20 05:45:45','otto',0,'JUSTITIEI 1A','7891513','CONSTANTA','','\0','socum@trans.ro','SOCUM EXIM SRL','Ciprian Hodisan','0746849764','J13/2852/1995 ','410605',1,14,NULL),(87,'otto','2018-05-11 11:25:03','2018-05-11 11:25:03','otto',0,'Borsului 371','6191728','Oradea','','\0','grosmetal@gmail.com','Grosmetal','Andrei Fieraru','0740123432','j5/104/2016','410464',1,14,NULL),(88,'otto','2018-05-23 06:09:13','2018-05-23 06:09:13','otto',0,'Strada Mica 24','31920032','Brasov','','\0','office@transgex.ro','TransGex ','Marian Simut','0749900301','j5/200/2000','491200',1,14,NULL);
/*!40000 ALTER TABLE `clients` ENABLE KEYS */;
UNLOCK TABLES;

--
-- Table structure for table `countries`
--

DROP TABLE IF EXISTS `countries`;
/*!40101 SET @saved_cs_client     = @@character_set_client */;
/*!40101 SET character_set_client = utf8 */;
CREATE TABLE `countries` (
  `id` bigint(20) NOT NULL AUTO_INCREMENT,
  `name` varchar(50) NOT NULL,
  `symb2l` varchar(50) NOT NULL,
  `symb3l` varchar(50) NOT NULL,
  PRIMARY KEY (`id`)
) ENGINE=InnoDB AUTO_INCREMENT=252 DEFAULT CHARSET=latin1;
/*!40101 SET character_set_client = @saved_cs_client */;

--
-- Dumping data for table `countries`
--

LOCK TABLES `countries` WRITE;
/*!40000 ALTER TABLE `countries` DISABLE KEYS */;
INSERT INTO `countries` VALUES (1,'Romania','RO','ROU'),(2,'Afghanistan','AF','AFG'),(3,'Aland Islands','AX','ALA'),(4,'Albania','AL','ALB'),(5,'Algeria','DZ','DZA'),(6,'American Samoa','AS','ASM'),(7,'Andorra','AD','AND'),(8,'Angola','AO','AGO'),(9,'Anguilla','AI','AIA'),(10,'Antarctica','AQ','ATA'),(11,'Antigua and Barbuda','AG','ATG'),(12,'Argentina','AR','ARG'),(13,'Armenia','AM','ARM'),(14,'Aruba','AW','ABW'),(15,'Australia','AU','AUS'),(16,'Austria','AT','AUT'),(17,'Azerbaijan','AZ','AZE'),(18,'Bahamas','BS','BHS'),(19,'Bahrain','BH','BHR'),(20,'Bangladesh','BD','BGD'),(21,'Barbados','BB','BRB'),(22,'Belarus','BY','BLR'),(23,'Belgium','BE','BEL'),(24,'Benelux','BX','BNX'),(25,'Belize','BZ','BLZ'),(26,'Benin','BJ','BEN'),(27,'Bermuda','BM','BMU'),(28,'Bhutan','BT','BTN'),(29,'Bolivia','BO','BOL'),(30,'Bonaire, Sint Eustatius and Saba','BQ','BES'),(31,'Bosnia and Herzegovina','BA','BIH'),(32,'Botswana','BW','BWA'),(33,'Bouvet Island','BV','BVT'),(34,'Brazil','BR','BRA'),(35,'British Indian Ocean Territory','IO','IOT'),(36,'Brunei','BN','BRN'),(37,'Bulgaria','BG','BGR'),(38,'Burkina Faso','BF','BFA'),(39,'Burundi','BI','BDI'),(40,'Cambodia','KH','KHM'),(41,'Cameroon','CM','CMR'),(42,'Canada','CA','CAN'),(43,'Cape Verde','CV','CPV'),(44,'Cayman Islands','KY','CYM'),(45,'Central African Republic','CF','CAF'),(46,'Chad','TD','TCD'),(47,'Chile','CL','CHL'),(48,'China','CN','CHN'),(49,'Christmas Island','CX','CXR'),(50,'Cocos (Keeling) Islands','CC','CCK'),(51,'Colombia','CO','COL'),(52,'Comoros','KM','COM'),(53,'Congo','CG','COG'),(54,'Cook Islands','CK','COK'),(55,'Costa Rica','CR','CRI'),(56,'Ivory Coast','CI','CIV'),(57,'Croatia','HR','HRV'),(58,'Cuba','CU','CUB'),(59,'Curacao','CW','CUW'),(60,'Cyprus','CY','CYP'),(61,'Czech Republic','CZ','CZE'),(62,'Democratic Republic of the Congo','CD','COD'),(63,'Denmark','DK','DNK'),(64,'Djibouti','DJ','DJI'),(65,'Dominica','DM','DMA'),(66,'Dominican Republic','DO','DOM'),(67,'Ecuador','EC','ECU'),(68,'Egypt','EG','EGY'),(69,'El Salvador','SV','SLV'),(70,'Equatorial Guinea','GQ','GNQ'),(71,'Eritrea','ER','ERI'),(72,'Estonia','EE','EST'),(73,'Ethiopia','ET','ETH'),(74,'Falkland Islands (Malvinas)','FK','FLK'),(75,'Faroe Islands','FO','FRO'),(76,'Fiji','FJ','FJI'),(77,'Finland','FI','FIN'),(78,'France','FR','FRA'),(79,'French Guiana','GF','GUF'),(80,'French Polynesia','PF','PYF'),(81,'French Southern Territories','TF','ATF'),(82,'Gabon','GA','GAB'),(83,'Gambia','GM','GMB'),(84,'Georgia','GE','GEO'),(85,'Germany','DE','DEU'),(86,'Ghana','GH','GHA'),(87,'Gibraltar','GI','GIB'),(88,'Greece','GR','GRC'),(89,'Greenland','GL','GRL'),(90,'Grenada','GD','GRD'),(91,'Guadaloupe','GP','GLP'),(92,'Guam','GU','GUM'),(93,'Guatemala','GT','GTM'),(94,'Guernsey','GG','GGY'),(95,'Guinea','GN','GIN'),(96,'Guinea-Bissau','GW','GNB'),(97,'Guyana','GY','GUY'),(98,'Haiti','HT','HTI'),(99,'Heard Island and McDonald Islands','HM','HMD'),(100,'Honduras','HN','HND'),(101,'Hong Kong','HK','HKG'),(102,'Hungary','HU','HUN'),(103,'Iceland','IS','ISL'),(104,'India','IN','IND'),(105,'Indonesia','ID','IDN'),(106,'Iran','IR','IRN'),(107,'Iraq','IQ','IRQ'),(108,'Ireland','IE','IRL'),(109,'Isle of Man','IM','IMN'),(110,'Israel','IL','ISR'),(111,'Italy','IT','ITA'),(112,'Jamaica','JM','JAM'),(113,'Japan','JP','JPN'),(114,'Jersey','JE','JEY'),(115,'Jordan','JO','JOR'),(116,'Kazakhstan','KZ','KAZ'),(117,'Kenya','KE','KEN'),(118,'Kiribati','KI','KIR'),(119,'Kosovo','XK','---'),(120,'Kuwait','KW','KWT'),(121,'Kyrgyzstan','KG','KGZ'),(122,'Laos','LA','LAO'),(123,'Latvia','LV','LVA'),(124,'Lebanon','LB','LBN'),(125,'Lesotho','LS','LSO'),(126,'Liberia','LR','LBR'),(127,'Libya','LY','LBY'),(128,'Liechtenstein','LI','LIE'),(129,'Lithuania','LT','LTU'),(130,'Luxembourg','LU','LUX'),(131,'Macao','MO','MAC'),(132,'Macedonia','MK','MKD'),(133,'Madagascar','MG','MDG'),(134,'Malawi','MW','MWI'),(135,'Malaysia','MY','MYS'),(136,'Maldives','MV','MDV'),(137,'Mali','ML','MLI'),(138,'Malta','MT','MLT'),(139,'Marshall Islands','MH','MHL'),(140,'Martinique','MQ','MTQ'),(141,'Mauritania','MR','MRT'),(142,'Mauritius','MU','MUS'),(143,'Mayotte','YT','MYT'),(144,'Mexico','MX','MEX'),(145,'Micronesia','FM','FSM'),(146,'Moldava','MD','MDA'),(147,'Monaco','MC','MCO'),(148,'Mongolia','MN','MNG'),(149,'Montenegro','ME','MNE'),(150,'Montserrat','MS','MSR'),(151,'Morocco','MA','MAR'),(152,'Mozambique','MZ','MOZ'),(153,'Myanmar (Burma)','MM','MMR'),(154,'Namibia','NA','NAM'),(155,'Nauru','NR','NRU'),(156,'Nepal','NP','NPL'),(157,'Netherlands','NL','NLD'),(158,'New Caledonia','NC','NCL'),(159,'New Zealand','NZ','NZL'),(160,'Nicaragua','NI','NIC'),(161,'Niger','NE','NER'),(162,'Nigeria','NG','NGA'),(163,'Niue','NU','NIU'),(164,'Norfolk Island','NF','NFK'),(165,'North Korea','KP','PRK'),(166,'Northern Mariana Islands','MP','MNP'),(167,'Norway','NO','NOR'),(168,'Oman','OM','OMN'),(169,'Pakistan','PK','PAK'),(170,'Palau','PW','PLW'),(171,'Palestine','PS','PSE'),(172,'Panama','PA','PAN'),(173,'Papua New Guinea','PG','PNG'),(174,'Paraguay','PY','PRY'),(175,'Peru','PE','PER'),(176,'Phillipines','PH','PHL'),(177,'Pitcairn','PN','PCN'),(178,'Poland','PL','POL'),(179,'Portugal','PT','PRT'),(180,'Puerto Rico','PR','PRI'),(181,'Qatar','QA','QAT'),(182,'Reunion','RE','REU'),(183,'Russia','RU','RUS'),(184,'Rwanda','RW','RWA'),(185,'Saint Barthelemy','BL','BLM'),(186,'Saint Helena','SH','SHN'),(187,'Saint Kitts and Nevis','KN','KNA'),(188,'Saint Lucia','LC','LCA'),(189,'Saint Martin','MF','MAF'),(190,'Saint Pierre and Miquelon','PM','SPM'),(191,'Saint Vincent and the Grenadines','VC','VCT'),(192,'Samoa','WS','WSM'),(193,'San Marino','SM','SMR'),(194,'Sao Tome and Principe','ST','STP'),(195,'Saudi Arabia','SA','SAU'),(196,'Senegal','SN','SEN'),(197,'Serbia','RS','SRB'),(198,'Seychelles','SC','SYC'),(199,'Sierra Leone','SL','SLE'),(200,'Singapore','SG','SGP'),(201,'Sint Maarten','SX','SXM'),(202,'Slovakia','SK','SVK'),(203,'Slovenia','SI','SVN'),(204,'Solomon Islands','SB','SLB'),(205,'Somalia','SO','SOM'),(206,'South Africa','ZA','ZAF'),(207,'South Georgia and the South Sandwich Islands','GS','SGS'),(208,'South Korea','KR','KOR'),(209,'South Sudan','SS','SSD'),(210,'Spain','ES','ESP'),(211,'Sri Lanka','LK','LKA'),(212,'Sudan','SD','SDN'),(213,'Suriname','SR','SUR'),(214,'Svalbard and Jan Mayen','SJ','SJM'),(215,'Swaziland','SZ','SWZ'),(216,'Sweden','SE','SWE'),(217,'Switzerland','CH','CHE'),(218,'Syria','SY','SYR'),(219,'Taiwan','TW','TWN'),(220,'Tajikistan','TJ','TJK'),(221,'Tanzania','TZ','TZA'),(222,'Thailand','TH','THA'),(223,'Timor-Leste (East Timor)','TL','TLS'),(224,'Togo','TG','TGO'),(225,'Tokelau','TK','TKL'),(226,'Tonga','TO','TON'),(227,'Trinidad and Tobago','TT','TTO'),(228,'Tunisia','TN','TUN'),(229,'Turkey','TR','TUR'),(230,'Turkmenistan','TM','TKM'),(231,'Turks and Caicos Islands','TC','TCA'),(232,'Tuvalu','TV','TUV'),(233,'Uganda','UG','UGA'),(234,'Ukraine','UA','UKR'),(235,'United Arab Emirates','AE','ARE'),(236,'United Kingdom','GB','GBR'),(237,'United States','US','USA'),(238,'United States Minor Outlying Islands','UM','UMI'),(239,'Uruguay','UY','URY'),(240,'Uzbekistan','UZ','UZB'),(241,'Vanuatu','VU','VUT'),(242,'Vatican City','VA','VAT'),(243,'Venezuela','VE','VEN'),(244,'Vietnam','VN','VNM'),(245,'Virgin Islands, British','VG','VGB'),(246,'Virgin Islands, US','VI','VIR'),(247,'Wallis and Futuna','WF','WLF'),(248,'Western Sahara','EH','ESH'),(249,'Yemen','YE','YEM'),(250,'Zambia','ZM','ZMB'),(251,'Zimbabwe','ZW','ZWE');
/*!40000 ALTER TABLE `countries` ENABLE KEYS */;
UNLOCK TABLES;

--
-- Table structure for table `currency`
--

DROP TABLE IF EXISTS `currency`;
/*!40101 SET @saved_cs_client     = @@character_set_client */;
/*!40101 SET character_set_client = utf8 */;
CREATE TABLE `currency` (
  `id` bigint(20) NOT NULL AUTO_INCREMENT,
  `code` varchar(255) DEFAULT NULL,
  `ron_parity` float NOT NULL,
  `customer_id` bigint(20) DEFAULT NULL,
  `currency_date` varchar(255) DEFAULT NULL,
  `date` datetime DEFAULT NULL,
  PRIMARY KEY (`id`),
  KEY `FK91bmvxfm5l8pu233p78wj9wq7` (`customer_id`),
  CONSTRAINT `FK91bmvxfm5l8pu233p78wj9wq7` FOREIGN KEY (`customer_id`) REFERENCES `customers` (`id`)
) ENGINE=InnoDB AUTO_INCREMENT=259 DEFAULT CHARSET=latin1;
/*!40101 SET character_set_client = @saved_cs_client */;

--
-- Dumping data for table `currency`
--

LOCK TABLES `currency` WRITE;
/*!40000 ALTER TABLE `currency` DISABLE KEYS */;
INSERT INTO `currency` VALUES (1,'EUR',4.5,NULL,NULL,NULL),(7,'EUR',4.5889,NULL,'2017-10-13','2017-10-15 01:00:03'),(8,'EUR',4.5889,NULL,'2017-10-13','2017-10-16 01:00:27'),(9,'EUR',4.5854,NULL,'2017-10-16','2017-10-17 01:00:04'),(10,'EUR',4.5802,NULL,'2017-10-17','2017-10-18 01:00:01'),(11,'EUR',4.5841,NULL,'2017-10-18','2017-10-19 01:00:00'),(12,'EUR',4.5921,NULL,'2017-10-19','2017-10-20 01:00:00'),(13,'EUR',4.5975,NULL,'2017-10-20','2017-10-21 01:00:00'),(14,'EUR',4.5975,NULL,'2017-10-20','2017-10-22 01:00:00'),(15,'EUR',4.5975,NULL,'2017-10-20','2017-10-23 01:00:00'),(16,'EUR',4.5988,NULL,'2017-10-23','2017-10-24 01:00:00'),(17,'EUR',4.5978,NULL,'2017-10-24','2017-10-25 01:00:01'),(18,'EUR',4.5976,NULL,'2017-10-25','2017-10-26 01:00:00'),(19,'EUR',4.5975,NULL,'2017-10-26','2017-10-27 01:00:00'),(20,'EUR',4.598,NULL,'2017-10-27','2017-10-28 01:00:00'),(21,'EUR',4.598,NULL,'2017-10-27','2017-10-29 01:00:00'),(22,'EUR',4.598,NULL,'2017-10-27','2017-10-30 01:00:00'),(23,'EUR',4.5974,NULL,'2017-10-30','2017-10-31 01:00:01'),(24,'EUR',4.5985,NULL,'2017-10-31','2017-11-01 01:00:00'),(25,'EUR',4.5984,NULL,'2017-11-01','2017-11-02 01:00:00'),(26,'EUR',4.5981,NULL,'2017-11-02','2017-11-03 01:00:00'),(27,'EUR',4.5942,NULL,'2017-11-03','2017-11-04 01:00:00'),(28,'EUR',4.5942,NULL,'2017-11-03','2017-11-05 01:00:00'),(29,'EUR',4.5942,NULL,'2017-11-03','2017-11-06 01:00:00'),(30,'EUR',4.592,NULL,'2017-11-06','2017-11-07 01:00:00'),(31,'EUR',4.5968,NULL,'2017-11-07','2017-11-08 01:00:00'),(32,'EUR',4.6198,NULL,'2017-11-08','2017-11-09 01:00:00'),(33,'EUR',4.6279,NULL,'2017-11-09','2017-11-10 01:00:00'),(34,'EUR',4.639,NULL,'2017-11-10','2017-11-11 01:00:00'),(35,'EUR',4.639,NULL,'2017-11-10','2017-11-12 01:00:00'),(36,'EUR',4.639,NULL,'2017-11-10','2017-11-13 01:00:00'),(37,'EUR',4.6495,NULL,'2017-11-13','2017-11-14 01:00:01'),(38,'EUR',4.6482,NULL,'2017-11-14','2017-11-15 01:00:00'),(39,'EUR',4.6306,NULL,'2017-11-15','2017-11-16 01:00:00'),(40,'EUR',4.6387,NULL,'2017-11-16','2017-11-17 01:00:00'),(41,'EUR',4.64,NULL,'2017-11-17','2017-11-18 01:00:00'),(42,'EUR',4.64,NULL,'2017-11-17','2017-11-19 01:00:00'),(43,'EUR',4.64,NULL,'2017-11-17','2017-11-20 01:00:00'),(44,'EUR',4.6469,NULL,'2017-11-20','2017-11-21 01:00:00'),(45,'EUR',4.6551,NULL,'2017-11-21','2017-11-22 01:00:00'),(46,'EUR',4.6497,NULL,'2017-11-22','2017-11-23 01:00:00'),(47,'EUR',4.6546,NULL,'2017-11-23','2017-11-24 01:00:00'),(48,'EUR',4.6536,NULL,'2017-11-24','2017-11-25 01:00:00'),(49,'EUR',4.6536,NULL,'2017-11-24','2017-11-26 01:00:00'),(50,'EUR',4.6536,NULL,'2017-11-24','2017-11-27 01:00:00'),(51,'EUR',4.6431,NULL,'2017-11-27','2017-11-28 01:00:01'),(52,'EUR',4.6416,NULL,'2017-11-28','2017-11-29 01:00:00'),(53,'EUR',4.6422,NULL,'2017-11-29','2017-11-30 01:00:00'),(54,'EUR',4.6422,NULL,'2017-11-29','2017-12-01 01:00:00'),(55,'EUR',4.6422,NULL,'2017-11-29','2017-12-02 01:00:00'),(56,'EUR',4.6422,NULL,'2017-11-29','2017-12-03 01:00:00'),(57,'EUR',4.6422,NULL,'2017-11-29','2017-12-04 01:00:00'),(58,'EUR',4.6334,NULL,'2017-12-04','2017-12-05 01:00:00'),(59,'EUR',4.6344,NULL,'2017-12-05','2017-12-06 01:00:00'),(60,'EUR',4.6321,NULL,'2017-12-06','2017-12-07 01:00:00'),(61,'EUR',4.6327,NULL,'2017-12-07','2017-12-08 01:00:00'),(62,'EUR',4.6315,NULL,'2017-12-08','2017-12-09 01:00:00'),(63,'EUR',4.6315,NULL,'2017-12-08','2017-12-10 01:00:00'),(64,'EUR',4.6315,NULL,'2017-12-08','2017-12-11 01:00:00'),(65,'EUR',4.6332,NULL,'2017-12-11','2017-12-12 01:00:00'),(66,'EUR',4.6362,NULL,'2017-12-12','2017-12-13 01:00:00'),(67,'EUR',4.6327,NULL,'2017-12-13','2017-12-14 01:00:00'),(68,'EUR',4.6332,NULL,'2017-12-14','2017-12-15 01:00:00'),(69,'EUR',4.6346,NULL,'2017-12-15','2017-12-16 01:00:00'),(70,'EUR',4.6346,NULL,'2017-12-15','2017-12-17 01:00:00'),(71,'EUR',4.6346,NULL,'2017-12-15','2017-12-18 01:00:00'),(72,'EUR',4.626,NULL,'2017-12-18','2017-12-19 01:00:00'),(73,'EUR',4.621,NULL,'2017-12-19','2017-12-20 01:00:00'),(74,'EUR',4.6276,NULL,'2017-12-20','2017-12-21 01:00:00'),(75,'EUR',4.6363,NULL,'2017-12-21','2017-12-22 01:00:00'),(76,'EUR',4.6401,NULL,'2017-12-22','2017-12-23 01:00:00'),(77,'EUR',4.6401,NULL,'2017-12-22','2017-12-24 01:00:00'),(78,'EUR',4.6401,NULL,'2017-12-22','2017-12-25 01:00:00'),(79,'EUR',4.6401,NULL,'2017-12-22','2017-12-26 01:00:00'),(80,'EUR',4.6401,NULL,'2017-12-22','2017-12-27 01:00:00'),(81,'EUR',4.6515,NULL,'2017-12-27','2017-12-28 01:00:00'),(82,'EUR',4.6507,NULL,'2017-12-28','2017-12-29 01:00:00'),(83,'EUR',4.6597,NULL,'2017-12-29','2017-12-30 01:00:00'),(84,'EUR',4.6597,NULL,'2017-12-29','2017-12-31 01:00:00'),(85,'EUR',4.6597,NULL,'2017-12-29','2018-01-01 01:00:00'),(86,'EUR',4.6597,NULL,'2017-12-29','2018-01-02 01:00:00'),(87,'EUR',4.6597,NULL,'2017-12-29','2018-01-03 01:00:00'),(88,'EUR',4.6412,NULL,'2018-01-03','2018-01-04 01:00:00'),(89,'EUR',4.6304,NULL,'2018-01-04','2018-01-05 01:00:00'),(90,'EUR',4.6365,NULL,'2018-01-05','2018-01-06 01:00:00'),(91,'EUR',4.6365,NULL,'2018-01-05','2018-01-07 01:00:00'),(92,'EUR',4.6365,NULL,'2018-01-05','2018-01-08 01:00:00'),(93,'EUR',4.6348,NULL,'2018-01-08','2018-01-09 01:00:00'),(94,'EUR',4.6571,NULL,'2018-01-09','2018-01-10 01:00:00'),(95,'EUR',4.6434,NULL,'2018-01-10','2018-01-11 01:00:00'),(96,'EUR',4.6374,NULL,'2018-01-11','2018-01-12 01:00:00'),(97,'EUR',4.6377,NULL,'2018-01-12','2018-01-13 01:00:00'),(98,'EUR',4.6377,NULL,'2018-01-12','2018-01-14 01:00:00'),(99,'EUR',4.6377,NULL,'2018-01-12','2018-01-15 01:00:00'),(100,'EUR',4.6256,NULL,'2018-01-15','2018-01-16 01:00:00'),(101,'EUR',4.6599,NULL,'2018-01-16','2018-01-17 01:00:00'),(102,'EUR',4.6573,NULL,'2018-01-17','2018-01-18 01:00:00'),(103,'EUR',4.6514,NULL,'2018-01-18','2018-01-19 01:00:00'),(104,'EUR',4.6614,NULL,'2018-01-19','2018-01-20 01:00:00'),(105,'EUR',4.6614,NULL,'2018-01-19','2018-01-21 01:00:00'),(106,'EUR',4.6614,NULL,'2018-01-19','2018-01-22 01:00:00'),(107,'EUR',4.6656,NULL,'2018-01-22','2018-01-23 01:00:00'),(108,'EUR',4.6679,NULL,'2018-01-23','2018-01-24 01:00:01'),(109,'EUR',4.6679,NULL,'2018-01-23','2018-01-25 01:00:00'),(110,'EUR',4.6665,NULL,'2018-01-25','2018-01-26 01:00:01'),(111,'EUR',4.6658,NULL,'2018-01-26','2018-01-27 01:00:01'),(112,'EUR',4.6658,NULL,'2018-01-26','2018-01-28 01:00:00'),(113,'EUR',4.6658,NULL,'2018-01-26','2018-01-29 01:00:00'),(114,'EUR',4.654,NULL,'2018-01-29','2018-01-30 01:00:00'),(115,'EUR',4.6474,NULL,'2018-01-30','2018-01-31 01:00:00'),(116,'EUR',4.6582,NULL,'2018-01-31','2018-02-01 01:00:00'),(117,'EUR',4.6551,NULL,'2018-02-01','2018-02-02 01:00:00'),(118,'EUR',4.6526,NULL,'2018-02-02','2018-02-03 01:00:00'),(119,'EUR',4.6526,NULL,'2018-02-02','2018-02-04 01:00:00'),(120,'EUR',4.6347,NULL,'2018-02-05','2018-02-06 01:00:00'),(121,'EUR',4.6423,NULL,'2018-02-06','2018-02-07 01:00:01'),(122,'EUR',4.6538,NULL,'2018-02-07','2018-02-08 01:00:00'),(123,'EUR',4.6533,NULL,'2018-02-08','2018-02-09 01:00:00'),(124,'EUR',4.6561,NULL,'2018-02-09','2018-02-10 01:00:00'),(125,'EUR',4.6561,NULL,'2018-02-09','2018-02-11 01:00:00'),(126,'EUR',4.6561,NULL,'2018-02-09','2018-02-12 01:00:00'),(127,'EUR',4.6534,NULL,'2018-02-12','2018-02-13 01:00:00'),(128,'EUR',4.6572,NULL,'2018-02-13','2018-02-14 01:00:00'),(129,'EUR',4.6588,NULL,'2018-02-14','2018-02-15 01:00:00'),(130,'EUR',4.6598,NULL,'2018-02-15','2018-02-16 01:00:00'),(131,'EUR',4.6595,NULL,'2018-02-16','2018-02-17 01:00:00'),(132,'EUR',4.6595,NULL,'2018-02-16','2018-02-18 01:00:00'),(133,'EUR',4.6595,NULL,'2018-02-16','2018-02-19 01:00:00'),(134,'EUR',4.6609,NULL,'2018-02-19','2018-02-20 01:00:00'),(135,'EUR',4.6623,NULL,'2018-02-20','2018-02-21 01:00:00'),(136,'EUR',4.6606,NULL,'2018-02-21','2018-02-22 01:00:00'),(137,'EUR',4.6539,NULL,'2018-02-22','2018-02-23 01:00:00'),(138,'EUR',4.6552,NULL,'2018-02-23','2018-02-24 01:00:00'),(139,'EUR',4.6552,NULL,'2018-02-23','2018-02-25 01:00:00'),(140,'EUR',4.6552,NULL,'2018-02-23','2018-02-26 01:00:00'),(141,'EUR',4.6613,NULL,'2018-02-26','2018-02-27 01:00:00'),(142,'EUR',4.6564,NULL,'2018-02-27','2018-02-28 01:00:00'),(143,'EUR',4.6625,NULL,'2018-02-28','2018-03-01 01:00:00'),(144,'EUR',4.6581,NULL,'2018-03-01','2018-03-02 01:00:00'),(145,'EUR',4.659,NULL,'2018-03-02','2018-03-03 01:00:00'),(146,'EUR',4.659,NULL,'2018-03-02','2018-03-04 01:00:00'),(147,'EUR',4.659,NULL,'2018-03-02','2018-03-05 01:00:00'),(148,'EUR',4.6598,NULL,'2018-03-05','2018-03-06 01:00:00'),(149,'EUR',4.6596,NULL,'2018-03-06','2018-03-07 01:00:00'),(150,'EUR',4.6597,NULL,'2018-03-07','2018-03-08 01:00:00'),(151,'EUR',4.6592,NULL,'2018-03-08','2018-03-09 01:00:00'),(152,'EUR',4.657,NULL,'2018-03-09','2018-03-10 01:00:00'),(153,'EUR',4.657,NULL,'2018-03-09','2018-03-11 01:00:00'),(154,'EUR',4.657,NULL,'2018-03-09','2018-03-12 01:00:00'),(155,'EUR',4.6616,NULL,'2018-03-12','2018-03-13 01:00:00'),(156,'EUR',4.6607,NULL,'2018-03-13','2018-03-14 01:00:00'),(157,'EUR',4.6622,NULL,'2018-03-14','2018-03-15 01:00:00'),(158,'EUR',4.662,NULL,'2018-03-15','2018-03-16 01:00:00'),(159,'EUR',4.6646,NULL,'2018-03-16','2018-03-17 01:00:00'),(160,'EUR',4.6646,NULL,'2018-03-16','2018-03-18 01:00:00'),(161,'EUR',4.6646,NULL,'2018-03-16','2018-03-19 01:00:00'),(162,'EUR',4.665,NULL,'2018-03-19','2018-03-20 01:00:00'),(163,'EUR',4.6655,NULL,'2018-03-20','2018-03-21 01:00:00'),(164,'EUR',4.6651,NULL,'2018-03-21','2018-03-22 01:00:00'),(165,'EUR',4.6659,NULL,'2018-03-22','2018-03-23 01:00:00'),(166,'EUR',4.6651,NULL,'2018-03-23','2018-03-24 01:00:00'),(167,'EUR',4.6651,NULL,'2018-03-23','2018-03-25 01:00:00'),(168,'EUR',4.6651,NULL,'2018-03-23','2018-03-26 01:00:00'),(169,'EUR',4.6594,NULL,'2018-03-26','2018-03-27 01:00:00'),(170,'EUR',4.6502,NULL,'2018-03-27','2018-03-28 01:00:00'),(171,'EUR',4.6557,NULL,'2018-03-28','2018-03-29 01:00:00'),(172,'EUR',4.6569,NULL,'2018-03-29','2018-03-30 01:00:00'),(173,'EUR',4.6576,NULL,'2018-03-30','2018-03-31 01:00:00'),(174,'EUR',4.6576,NULL,'2018-03-30','2018-04-01 01:00:00'),(175,'EUR',4.6576,NULL,'2018-03-30','2018-04-02 01:00:00'),(176,'EUR',4.6548,NULL,'2018-04-02','2018-04-03 01:00:00'),(177,'EUR',4.6585,NULL,'2018-04-03','2018-04-04 01:00:01'),(178,'EUR',4.6598,NULL,'2018-04-04','2018-04-05 01:00:00'),(179,'EUR',4.6615,NULL,'2018-04-05','2018-04-06 01:00:00'),(180,'EUR',4.6615,NULL,'2018-04-05','2018-04-07 01:00:00'),(181,'EUR',4.6615,NULL,'2018-04-05','2018-04-08 01:00:00'),(182,'EUR',4.6615,NULL,'2018-04-05','2018-04-09 01:00:00'),(183,'EUR',4.6615,NULL,'2018-04-05','2018-04-10 01:00:00'),(184,'EUR',4.6605,NULL,'2018-04-10','2018-04-11 01:00:01'),(185,'EUR',4.66,NULL,'2018-04-11','2018-04-12 01:00:00'),(186,'EUR',4.6617,NULL,'2018-04-12','2018-04-13 01:00:00'),(187,'EUR',4.6611,NULL,'2018-04-13','2018-04-14 01:00:07'),(188,'EUR',4.6611,NULL,'2018-04-13','2018-04-15 01:00:00'),(189,'EUR',4.6611,NULL,'2018-04-13','2018-04-16 01:00:00'),(190,'EUR',4.6507,NULL,'2018-04-16','2018-04-17 01:00:00'),(191,'EUR',4.6485,NULL,'2018-04-17','2018-04-18 01:00:00'),(192,'EUR',4.653,NULL,'2018-04-18','2018-04-19 01:00:00'),(193,'EUR',4.6579,NULL,'2018-04-19','2018-04-20 01:00:00'),(194,'EUR',4.6606,NULL,'2018-04-20','2018-04-21 01:00:00'),(195,'EUR',4.6606,NULL,'2018-04-20','2018-04-22 01:00:00'),(196,'EUR',4.6606,NULL,'2018-04-20','2018-04-23 01:00:00'),(197,'EUR',4.6563,NULL,'2018-04-23','2018-04-24 01:00:00'),(198,'EUR',4.6474,NULL,'2018-04-25','2018-04-26 01:00:01'),(199,'EUR',4.649,NULL,'2018-04-26','2018-04-27 01:00:00'),(200,'EUR',4.6618,NULL,'2018-04-27','2018-04-28 01:00:01'),(201,'EUR',4.6618,NULL,'2018-04-27','2018-04-29 01:00:00'),(202,'EUR',4.6618,NULL,'2018-04-27','2018-04-30 01:00:00'),(203,'EUR',4.6589,NULL,'2018-04-30','2018-05-01 01:00:01'),(204,'EUR',4.6589,NULL,'2018-04-30','2018-05-02 01:00:00'),(205,'EUR',4.663,NULL,'2018-05-02','2018-05-03 01:00:00'),(206,'EUR',4.6618,NULL,'2018-05-03','2018-05-04 01:00:01'),(207,'EUR',4.6569,NULL,'2018-05-04','2018-05-05 01:00:01'),(208,'EUR',4.6569,NULL,'2018-05-04','2018-05-06 01:00:00'),(209,'EUR',4.6569,NULL,'2018-05-04','2018-05-07 01:00:00'),(210,'EUR',4.6542,NULL,'2018-05-07','2018-05-08 01:00:00'),(211,'EUR',4.6496,NULL,'2018-05-08','2018-05-09 01:00:01'),(212,'EUR',4.6454,NULL,'2018-05-09','2018-05-10 01:00:01'),(213,'EUR',4.6397,NULL,'2018-05-10','2018-05-11 01:00:00'),(214,'EUR',4.6348,NULL,'2018-05-11','2018-05-12 01:00:00'),(215,'EUR',4.6348,NULL,'2018-05-11','2018-05-13 01:00:00'),(216,'EUR',4.6348,NULL,'2018-05-11','2018-05-14 01:00:00'),(217,'EUR',4.6289,NULL,'2018-05-14','2018-05-15 01:00:00'),(218,'EUR',4.6283,NULL,'2018-05-15','2018-05-16 01:00:00'),(219,'EUR',4.6338,NULL,'2018-05-16','2018-05-17 01:00:00'),(220,'EUR',4.6296,NULL,'2018-05-17','2018-05-18 01:00:00'),(221,'EUR',4.6303,NULL,'2018-05-18','2018-05-19 01:00:00'),(222,'EUR',4.6303,NULL,'2018-05-18','2018-05-20 01:00:00'),(223,'EUR',4.6303,NULL,'2018-05-18','2018-05-21 01:00:00'),(224,'EUR',4.6228,NULL,'2018-05-21','2018-05-22 01:00:00'),(225,'EUR',4.6225,NULL,'2018-05-22','2018-05-23 01:00:00'),(226,'EUR',4.6292,NULL,'2018-05-23','2018-05-24 01:00:00'),(227,'EUR',4.6243,NULL,'2018-05-24','2018-05-25 01:00:00'),(228,'EUR',4.6288,NULL,'2018-05-25','2018-05-26 01:00:00'),(229,'EUR',4.6288,NULL,'2018-05-25','2018-05-27 01:00:00'),(230,'EUR',4.6288,NULL,'2018-05-25','2018-05-28 01:00:00'),(231,'EUR',4.6288,NULL,'2018-05-25','2018-05-29 01:00:00'),(232,'EUR',4.6397,NULL,'2018-05-29','2018-05-30 01:00:00'),(233,'EUR',4.6399,NULL,'2018-05-30','2018-05-31 01:00:00'),(234,'EUR',4.6485,NULL,'2018-05-31','2018-06-01 01:00:00'),(235,'EUR',4.6485,NULL,'2018-05-31','2018-06-02 01:00:00'),(236,'EUR',4.6485,NULL,'2018-05-31','2018-06-03 01:00:00'),(237,'EUR',4.6485,NULL,'2018-05-31','2018-06-04 01:00:00'),(238,'EUR',4.6566,NULL,'2018-06-04','2018-06-05 01:00:00'),(239,'EUR',4.6531,NULL,'2018-06-05','2018-06-06 01:00:01'),(240,'EUR',4.6513,NULL,'2018-06-06','2018-06-07 01:00:00'),(241,'EUR',4.6564,NULL,'2018-06-07','2018-06-08 01:00:00'),(242,'EUR',4.6582,NULL,'2018-06-08','2018-06-09 01:00:00'),(243,'EUR',4.6582,NULL,'2018-06-08','2018-06-10 01:00:00'),(244,'EUR',4.6582,NULL,'2018-06-08','2018-06-11 01:00:00'),(245,'EUR',4.6586,NULL,'2018-06-11','2018-06-12 01:00:00'),(246,'EUR',4.6587,NULL,'2018-06-12','2018-06-13 01:00:00'),(247,'EUR',4.6647,NULL,'2018-06-13','2018-06-14 01:00:00'),(248,'EUR',4.6656,NULL,'2018-06-14','2018-06-15 01:00:00'),(249,'EUR',4.6618,NULL,'2018-06-15','2018-06-16 01:00:00'),(250,'EUR',4.6618,NULL,'2018-06-15','2018-06-17 01:00:00'),(251,'EUR',4.6618,NULL,'2018-06-15','2018-06-18 01:00:00'),(252,'EUR',4.6662,NULL,'2018-06-18','2018-06-19 01:00:00'),(253,'EUR',4.6663,NULL,'2018-06-19','2018-06-20 01:00:00'),(254,'EUR',4.666,NULL,'2018-06-20','2018-06-21 01:00:00'),(255,'EUR',4.6695,NULL,'2018-06-21','2018-06-22 01:00:00'),(256,'EUR',4.6686,NULL,'2018-06-22','2018-06-23 01:00:00'),(257,'EUR',4.6686,NULL,'2018-06-22','2018-06-24 01:00:00'),(258,'EUR',4.6686,NULL,'2018-06-22','2018-06-25 01:00:00');
/*!40000 ALTER TABLE `currency` ENABLE KEYS */;
UNLOCK TABLES;

--
-- Table structure for table `customer_licenses`
--

DROP TABLE IF EXISTS `customer_licenses`;
/*!40101 SET @saved_cs_client     = @@character_set_client */;
/*!40101 SET character_set_client = utf8 */;
CREATE TABLE `customer_licenses` (
  `id` bigint(20) NOT NULL AUTO_INCREMENT,
  `created_by` varchar(255) DEFAULT NULL,
  `created_date` datetime DEFAULT NULL,
  `last_update_date` datetime DEFAULT NULL,
  `updated_by` varchar(255) DEFAULT NULL,
  `version` int(11) NOT NULL,
  `currency` varchar(255) DEFAULT NULL,
  `price` int(11) DEFAULT NULL,
  `customer_id` bigint(20) DEFAULT NULL,
  `license_id` bigint(20) DEFAULT NULL,
  PRIMARY KEY (`id`),
  KEY `FKms6bu2o1svjjhdkr8dnv59sgl` (`customer_id`),
  KEY `FKjg20y6qsrhjn5a7rjys3x04qh` (`license_id`),
  CONSTRAINT `FKjg20y6qsrhjn5a7rjys3x04qh` FOREIGN KEY (`license_id`) REFERENCES `licenses` (`id`),
  CONSTRAINT `FKms6bu2o1svjjhdkr8dnv59sgl` FOREIGN KEY (`customer_id`) REFERENCES `customers` (`id`)
) ENGINE=InnoDB AUTO_INCREMENT=40 DEFAULT CHARSET=latin1;
/*!40101 SET character_set_client = @saved_cs_client */;

--
-- Dumping data for table `customer_licenses`
--

LOCK TABLES `customer_licenses` WRITE;
/*!40000 ALTER TABLE `customer_licenses` DISABLE KEYS */;
INSERT INTO `customer_licenses` VALUES (1,'Anonymous','2017-10-10 12:51:13','2017-10-10 12:51:13','Anonymous',0,NULL,NULL,2,1),(2,'Anonymous','2017-10-10 12:51:13','2017-10-10 12:51:13','Anonymous',0,NULL,NULL,2,2),(3,'Anonymous','2017-10-10 12:51:13','2017-10-10 12:51:13','Anonymous',0,NULL,NULL,2,3),(4,'Anonymous','2017-10-10 12:53:09','2017-10-10 12:53:09','Anonymous',0,NULL,NULL,3,1),(5,'Anonymous','2017-10-10 12:53:09','2017-10-10 12:53:09','Anonymous',0,NULL,NULL,3,2),(6,'Anonymous','2017-10-10 12:53:09','2017-10-10 12:53:09','Anonymous',0,NULL,NULL,3,3),(7,'Anonymous','2017-10-10 12:57:47','2017-10-10 12:57:47','Anonymous',0,NULL,NULL,4,1),(8,'Anonymous','2017-10-10 12:57:47','2017-10-10 12:57:47','Anonymous',0,NULL,NULL,4,2),(9,'Anonymous','2017-10-10 12:57:47','2017-10-10 12:57:47','Anonymous',0,NULL,NULL,4,3),(10,'Anonymous','2017-10-11 07:06:01','2017-10-11 07:06:01','Anonymous',0,NULL,NULL,5,1),(11,'Anonymous','2017-10-11 07:06:01','2017-10-11 07:06:01','Anonymous',0,NULL,NULL,5,2),(12,'Anonymous','2017-10-11 07:06:01','2017-10-11 07:06:01','Anonymous',0,NULL,NULL,5,3),(13,'Anonymous','2017-10-13 09:41:14','2017-10-13 09:41:14','Anonymous',0,NULL,NULL,6,1),(14,'Anonymous','2017-10-13 09:41:14','2017-10-13 09:41:14','Anonymous',0,NULL,NULL,6,2),(15,'Anonymous','2017-10-13 09:41:14','2017-10-13 09:41:14','Anonymous',0,NULL,NULL,6,3),(16,'Anonymous','2017-10-14 19:28:54','2017-10-14 19:28:54','Anonymous',0,NULL,NULL,7,1),(17,'Anonymous','2017-10-14 19:28:54','2017-10-14 19:28:54','Anonymous',0,NULL,NULL,7,2),(18,'Anonymous','2017-10-14 19:28:54','2017-10-14 19:28:54','Anonymous',0,NULL,NULL,7,3),(19,'Anonymous','2017-10-30 09:48:05','2017-10-30 09:48:05','Anonymous',0,NULL,NULL,8,1),(20,'Anonymous','2017-10-30 09:48:05','2017-10-30 09:48:05','Anonymous',0,NULL,NULL,8,2),(21,'Anonymous','2017-10-30 09:48:05','2017-10-30 09:48:05','Anonymous',0,NULL,NULL,8,3),(22,'Anonymous','2018-01-23 17:01:36','2018-01-23 17:01:36','Anonymous',0,NULL,NULL,9,1),(23,'Anonymous','2018-01-23 17:01:36','2018-01-23 17:01:36','Anonymous',0,NULL,NULL,9,2),(24,'Anonymous','2018-01-23 17:01:36','2018-01-23 17:01:36','Anonymous',0,NULL,NULL,9,3),(25,'Anonymous','2018-01-24 11:36:57','2018-01-24 11:36:57','Anonymous',0,NULL,NULL,10,1),(26,'Anonymous','2018-01-24 11:36:57','2018-01-24 11:36:57','Anonymous',0,NULL,NULL,10,2),(27,'Anonymous','2018-01-24 11:36:57','2018-01-24 11:36:57','Anonymous',0,NULL,NULL,10,3),(28,'Anonymous','2018-02-01 15:23:44','2018-02-01 15:23:44','Anonymous',0,NULL,NULL,11,1),(29,'Anonymous','2018-02-01 15:23:44','2018-02-01 15:23:44','Anonymous',0,NULL,NULL,11,2),(30,'Anonymous','2018-02-01 15:23:44','2018-02-01 15:23:44','Anonymous',0,NULL,NULL,11,3),(31,'logistix','2018-02-15 13:25:08','2018-02-15 13:25:08','logistix',0,NULL,NULL,12,1),(32,'logistix','2018-02-15 13:25:08','2018-02-15 13:25:08','logistix',0,NULL,NULL,12,2),(33,'logistix','2018-02-15 13:25:08','2018-02-15 13:25:08','logistix',0,NULL,NULL,12,3),(34,'logistix','2018-02-15 13:33:12','2018-02-15 13:33:12','logistix',0,NULL,NULL,13,1),(35,'logistix','2018-02-15 13:33:12','2018-02-15 13:33:12','logistix',0,NULL,NULL,13,2),(36,'logistix','2018-02-15 13:33:12','2018-02-15 13:33:12','logistix',0,NULL,NULL,13,3),(37,'logistix','2018-04-12 13:40:42','2018-04-12 13:40:42','logistix',0,NULL,NULL,14,1),(38,'logistix','2018-04-12 13:40:42','2018-04-12 13:40:42','logistix',0,NULL,NULL,14,2),(39,'logistix','2018-04-12 13:40:42','2018-04-12 13:40:42','logistix',0,NULL,NULL,14,3);
/*!40000 ALTER TABLE `customer_licenses` ENABLE KEYS */;
UNLOCK TABLES;

--
-- Table structure for table `customers`
--

DROP TABLE IF EXISTS `customers`;
/*!40101 SET @saved_cs_client     = @@character_set_client */;
/*!40101 SET character_set_client = utf8 */;
CREATE TABLE `customers` (
  `id` bigint(20) NOT NULL AUTO_INCREMENT,
  `created_by` varchar(255) DEFAULT NULL,
  `created_date` datetime DEFAULT NULL,
  `last_update_date` datetime DEFAULT NULL,
  `updated_by` varchar(255) DEFAULT NULL,
  `version` int(11) NOT NULL,
  `active` bit(1) DEFAULT NULL,
  `address` varchar(255) DEFAULT NULL,
  `cif` varchar(255) DEFAULT NULL,
  `city` varchar(255) DEFAULT NULL,
  `county` varchar(255) DEFAULT NULL,
  `deleted` bit(1) NOT NULL,
  `name` varchar(255) DEFAULT NULL,
  `order_number` int(11) DEFAULT NULL,
  `reg_com` varchar(255) DEFAULT NULL,
  `supervisor_id` bigint(20) DEFAULT NULL,
  PRIMARY KEY (`id`)
) ENGINE=InnoDB AUTO_INCREMENT=15 DEFAULT CHARSET=latin1;
/*!40101 SET character_set_client = @saved_cs_client */;

--
-- Dumping data for table `customers`
--

LOCK TABLES `customers` WRITE;
/*!40000 ALTER TABLE `customers` DISABLE KEYS */;
INSERT INTO `customers` VALUES (2,'Anonymous','2017-10-10 12:51:13','2018-02-06 20:59:27','logistix',0,'\0',NULL,'123456789',NULL,NULL,'\0','AhmedVirginulTrans',NULL,NULL,2),(3,'Anonymous','2017-10-10 12:53:09','2018-02-06 20:59:29','logistix',0,'\0',NULL,'1234567890',NULL,NULL,'\0','AhmedVirginulTrans',NULL,NULL,3),(4,'Anonymous','2017-10-10 12:57:47','2017-10-30 10:30:59','adi',0,'',NULL,'123123123',NULL,NULL,'\0','XYZ',NULL,NULL,4),(5,'Anonymous','2017-10-11 07:06:01','2017-10-30 10:31:09','adi',0,'\0',NULL,'12345456789',NULL,NULL,'\0','SC Adi SRL',NULL,NULL,7),(6,'Anonymous','2017-10-13 09:41:14','2017-10-30 10:31:11','adi',0,'\0',NULL,'12345',NULL,NULL,'\0','AdiTest',NULL,NULL,9),(7,'Anonymous','2017-10-14 19:28:53','2017-10-30 10:31:03','adi',0,'',NULL,'123456',NULL,NULL,'\0','Ralu Trans',NULL,NULL,11),(8,'Anonymous','2017-10-30 09:48:05','2017-10-30 09:48:05','Anonymous',0,'',NULL,'29562570',NULL,NULL,'\0','Klik',NULL,NULL,12),(9,'Anonymous','2018-01-23 17:01:36','2018-01-23 17:01:36','Anonymous',0,'',NULL,'007',NULL,NULL,'\0','Companie de test noua',NULL,NULL,13),(10,'Anonymous','2018-01-24 11:36:57','2018-01-24 11:36:57','Anonymous',0,'',NULL,'23871895',NULL,NULL,'\0','sebastianus ',NULL,NULL,14),(11,'Anonymous','2018-02-01 15:23:44','2018-02-01 15:23:44','Anonymous',0,'',NULL,'696969',NULL,NULL,'\0','Spedition Cazzo Nero',NULL,NULL,15),(12,'logistix','2018-02-15 13:25:08','2018-02-15 13:25:08','logistix',0,'',NULL,'34805846',NULL,NULL,'\0','SC Darden Logistix SRL',NULL,NULL,17),(13,'logistix','2018-02-15 13:33:11','2018-02-15 13:33:12','logistix',0,'',NULL,'21594076',NULL,NULL,'\0','I.I. Moldovan Liviu Vasile',NULL,NULL,18),(14,'logistix','2018-04-12 13:40:41','2018-04-12 13:40:42','logistix',0,'',NULL,'344555',NULL,NULL,'\0','Otto Trans',NULL,NULL,19);
/*!40000 ALTER TABLE `customers` ENABLE KEYS */;
UNLOCK TABLES;

--
-- Table structure for table `driver_alerts`
--

DROP TABLE IF EXISTS `driver_alerts`;
/*!40101 SET @saved_cs_client     = @@character_set_client */;
/*!40101 SET character_set_client = utf8 */;
CREATE TABLE `driver_alerts` (
  `id` bigint(20) NOT NULL AUTO_INCREMENT,
  `created_by` varchar(255) DEFAULT NULL,
  `created_date` datetime DEFAULT NULL,
  `last_update_date` datetime DEFAULT NULL,
  `updated_by` varchar(255) DEFAULT NULL,
  `version` int(11) NOT NULL,
  `certificate_id` varchar(255) DEFAULT NULL,
  `certificate_name` varchar(255) DEFAULT NULL,
  `expiration` datetime DEFAULT NULL,
  `first_reminder` datetime DEFAULT NULL,
  `second_reminder` datetime DEFAULT NULL,
  `state` varchar(255) DEFAULT NULL,
  `unit` varchar(255) DEFAULT NULL,
  `driver_id` bigint(20) DEFAULT NULL,
  PRIMARY KEY (`id`),
  KEY `FKfrydjjpcdyp42oxuii1m7h9df` (`driver_id`),
  CONSTRAINT `FKfrydjjpcdyp42oxuii1m7h9df` FOREIGN KEY (`driver_id`) REFERENCES `drivers` (`id`)
) ENGINE=InnoDB AUTO_INCREMENT=74 DEFAULT CHARSET=latin1;
/*!40101 SET character_set_client = @saved_cs_client */;

--
-- Dumping data for table `driver_alerts`
--

LOCK TABLES `driver_alerts` WRITE;
/*!40000 ALTER TABLE `driver_alerts` DISABLE KEYS */;
INSERT INTO `driver_alerts` VALUES (1,'Anonymous','2018-05-09 08:12:29','2018-05-09 08:12:29','Anonymous',0,'d12','Aviz medical','2017-10-14 00:00:00',NULL,NULL,'UNRESOLVED','DAY',1),(2,'Anonymous','2018-05-09 08:12:30','2018-05-09 08:12:30','Anonymous',0,'j0','Carte de identitate','2017-10-20 00:00:00',NULL,NULL,'UNRESOLVED','DAY',2),(3,'Anonymous','2018-05-09 08:12:30','2018-05-09 08:12:30','Anonymous',0,'oK','Permis de conducere','2017-11-11 00:00:00',NULL,NULL,'UNRESOLVED','DAY',3),(4,'Anonymous','2018-05-09 08:12:31','2018-05-09 08:12:31','Anonymous',0,'bB','Carte de identitate','2017-10-13 00:00:00',NULL,NULL,'UNRESOLVED','DAY',3),(5,'Anonymous','2018-05-09 08:12:31','2018-05-09 08:12:31','Anonymous',0,'V5','ADR-Colete','2017-10-13 00:00:00',NULL,NULL,'UNRESOLVED','DAY',4),(6,'Anonymous','2018-05-09 08:12:32','2018-05-09 08:12:32','Anonymous',0,'1bw','Aviz medical','2017-11-01 00:00:00',NULL,NULL,'UNRESOLVED','DAY',4),(7,'Anonymous','2018-05-09 08:12:33','2018-05-09 08:12:33','Anonymous',0,'gj','Carte de identitate','2017-10-13 00:00:00',NULL,NULL,'UNRESOLVED','DAY',5),(8,'Anonymous','2018-05-09 08:12:33','2018-05-09 08:12:33','Anonymous',0,'5w','Carte de identitate','2017-10-12 00:00:00',NULL,NULL,'UNRESOLVED','DAY',6),(9,'Anonymous','2018-05-09 08:12:35','2018-05-09 08:12:35','Anonymous',0,'9j','Aviz medical','2017-10-18 00:00:00',NULL,NULL,'UNRESOLVED','DAY',7),(10,'Anonymous','2018-05-09 08:12:35','2018-05-09 08:12:35','Anonymous',0,'1w','Carte de identitate','2017-10-09 00:00:00',NULL,NULL,'UNRESOLVED','DAY',8),(11,'Anonymous','2018-05-09 08:12:37','2018-05-09 08:12:37','Anonymous',0,'Mpj','Medicina muncii','2018-01-18 00:00:00',NULL,NULL,'UNRESOLVED','DAY',9),(12,'Anonymous','2018-05-09 08:12:38','2018-05-09 08:12:38','Anonymous',0,'O1','Aviz medical','2017-10-31 00:00:00',NULL,NULL,'UNRESOLVED','DAY',10),(13,'Anonymous','2018-05-09 08:12:39','2018-05-09 08:12:39','Anonymous',0,'5Ew','Carte de identitate','2017-10-27 00:00:00',NULL,NULL,'UNRESOLVED','DAY',12),(14,'Anonymous','2018-05-09 08:12:39','2018-05-09 08:12:39','Anonymous',0,'YQ','Marfa-CPC','2017-10-12 00:00:00',NULL,NULL,'UNRESOLVED','DAY',15),(15,'Anonymous','2018-05-09 08:12:40','2018-05-09 08:12:40','Anonymous',0,'Lo','Aviz psihologic','2017-10-16 00:00:00',NULL,NULL,'UNRESOLVED','DAY',16),(16,'Anonymous','2018-05-09 08:12:40','2018-05-09 08:12:40','Anonymous',0,'lB','Aviz medical','2017-10-10 00:00:00',NULL,NULL,'UNRESOLVED','DAY',17),(17,'Anonymous','2018-05-09 08:12:41','2018-05-09 08:12:41','Anonymous',0,'NO','Medicina muncii','2017-10-10 00:00:00',NULL,NULL,'UNRESOLVED','DAY',17),(18,'Anonymous','2018-05-09 08:12:41','2018-05-09 08:12:41','Anonymous',0,'4w','Aviz medical','2017-10-10 00:00:00',NULL,NULL,'UNRESOLVED','DAY',18),(19,'Anonymous','2018-05-09 08:12:42','2018-05-09 08:12:42','Anonymous',0,'kv','Medicina muncii','2017-10-17 00:00:00',NULL,NULL,'UNRESOLVED','DAY',19),(20,'Anonymous','2018-05-09 08:12:42','2018-05-09 08:12:42','Anonymous',0,'07','Aviz psihologic','2017-10-04 00:00:00',NULL,NULL,'UNRESOLVED','DAY',20),(21,'Anonymous','2018-05-09 08:12:43','2018-05-09 08:12:43','Anonymous',0,'wv','Permis de conducere','2017-10-13 00:00:00',NULL,NULL,'UNRESOLVED','DAY',20),(22,'Anonymous','2018-05-09 08:12:43','2018-05-09 08:12:43','Anonymous',0,'A6','Carte de identitate','2017-10-18 00:00:00',NULL,NULL,'UNRESOLVED','DAY',21),(23,'Anonymous','2018-05-09 08:12:44','2018-05-09 08:12:44','Anonymous',0,'y3','Marfa-CPC','2017-10-18 00:00:00',NULL,NULL,'UNRESOLVED','DAY',21),(24,'Anonymous','2018-05-09 08:12:44','2018-05-09 08:12:44','Anonymous',0,'6v','ADR-Colete+Cisterne','2017-10-17 00:00:00',NULL,NULL,'UNRESOLVED','DAY',22),(25,'Anonymous','2018-05-09 08:12:45','2018-05-09 08:12:45','Anonymous',0,'pB','ADR-Colete+Cisterne','2017-10-14 00:00:00',NULL,NULL,'UNRESOLVED','DAY',23),(26,'Anonymous','2018-05-09 08:12:45','2018-05-09 08:12:45','Anonymous',0,'3E','Aviz psihologic','2017-10-27 00:00:00',NULL,NULL,'UNRESOLVED','DAY',24),(27,'Anonymous','2018-05-09 08:12:46','2018-05-09 08:12:46','Anonymous',0,'KA','Aviz medical','2017-10-04 00:00:00',NULL,NULL,'UNRESOLVED','DAY',24),(28,'Anonymous','2018-05-09 08:12:47','2018-05-09 08:12:47','Anonymous',0,'PY','Aviz medical','2017-10-17 00:00:00',NULL,NULL,'UNRESOLVED','DAY',25),(29,'Anonymous','2018-05-09 08:12:47','2018-05-09 08:12:47','Anonymous',0,'oKK','Carte de identitate','2017-10-27 00:00:00',NULL,NULL,'UNRESOLVED','DAY',25),(30,'Anonymous','2018-05-09 08:12:48','2018-05-09 08:12:48','Anonymous',0,'Mj','Carte de identitate','2017-10-13 00:00:00',NULL,NULL,'UNRESOLVED','DAY',26),(31,'Anonymous','2018-05-09 08:12:48','2018-05-09 08:12:48','Anonymous',0,'xe','Agabaritice','2017-10-13 00:00:00',NULL,NULL,'UNRESOLVED','DAY',27),(32,'Anonymous','2018-05-09 08:12:49','2018-05-09 08:12:49','Anonymous',0,'qK','ADR-Colete','2017-10-13 00:00:00',NULL,NULL,'UNRESOLVED','DAY',28),(33,'Anonymous','2018-05-09 08:12:49','2018-05-09 08:12:49','Anonymous',0,'7a','Carte de identitate','2017-10-23 00:00:00',NULL,NULL,'UNRESOLVED','DAY',29),(34,'Anonymous','2018-05-09 08:12:50','2018-05-09 08:12:50','Anonymous',0,'rw','Permis de conducere','2017-10-18 00:00:00',NULL,NULL,'UNRESOLVED','DAY',30),(35,'Anonymous','2018-05-09 08:12:50','2018-05-09 08:12:50','Anonymous',0,'Qy','Carte de identitate','2017-10-15 00:00:00',NULL,NULL,'UNRESOLVED','DAY',31),(36,'Anonymous','2018-05-09 08:12:51','2018-05-09 08:12:51','Anonymous',0,'El','Aviz medical','2017-10-13 00:00:00',NULL,NULL,'UNRESOLVED','DAY',32),(37,'Anonymous','2018-05-09 08:12:51','2018-05-09 08:12:51','Anonymous',0,'Z4','Medicina muncii','2017-10-19 00:00:00',NULL,NULL,'UNRESOLVED','DAY',33),(38,'Anonymous','2018-05-09 08:12:52','2018-05-09 08:12:52','Anonymous',0,'2B','Carte de identitate','2017-10-21 00:00:00',NULL,NULL,'UNRESOLVED','DAY',33),(39,'Anonymous','2018-05-09 08:12:52','2018-05-09 08:12:52','Anonymous',0,'v6','Medicina muncii','2017-10-17 00:00:00',NULL,NULL,'UNRESOLVED','DAY',34),(40,'Anonymous','2018-05-09 08:12:53','2018-05-09 08:12:53','Anonymous',0,'BK','ADR-Colete+Cisterne','2017-10-19 00:00:00',NULL,NULL,'UNRESOLVED','DAY',35),(41,'Anonymous','2018-05-09 08:12:53','2018-05-09 08:12:53','Anonymous',0,'eM','Carte de identitate','2017-10-16 00:00:00',NULL,NULL,'UNRESOLVED','DAY',36),(42,'Anonymous','2018-05-09 08:12:54','2018-05-09 08:12:54','Anonymous',0,'NeO','Carte de identitate','2018-03-29 00:00:00',NULL,NULL,'UNRESOLVED','DAY',37),(43,'Anonymous','2018-05-09 08:12:55','2018-05-09 08:12:55','Anonymous',0,'G1e','Aviz medical','2018-01-31 00:00:00',NULL,NULL,'UNRESOLVED','DAY',38),(44,'Anonymous','2018-05-09 08:12:57','2018-05-09 08:12:57','Anonymous',0,'LEo','Carte de identitate','2018-02-16 00:00:00',NULL,NULL,'UNRESOLVED','DAY',38),(45,'Anonymous','2018-05-09 08:12:59','2018-05-09 08:12:59','Anonymous',0,'84','Aviz psihologic','2017-10-01 00:00:00',NULL,NULL,'UNRESOLVED','DAY',39),(46,'Anonymous','2018-05-09 08:13:00','2018-05-09 08:42:33','logistix',0,'W5','Agabaritice','2017-10-14 00:00:00',NULL,NULL,'RESOLVED','DAY',41),(47,'Anonymous','2018-05-09 08:13:02','2018-05-09 08:13:02','Anonymous',0,'Rx','Aviz psihologic','2017-09-25 00:00:00',NULL,NULL,'UNRESOLVED','DAY',42),(48,'Anonymous','2018-05-09 08:13:03','2018-05-09 08:13:03','Anonymous',0,'60v','Carte de identitate','2018-02-28 00:00:00',NULL,NULL,'UNRESOLVED','DAY',43),(49,'Anonymous','2018-05-09 08:13:05','2018-05-09 08:13:05','Anonymous',0,'96j','Agabaritice','2018-02-23 00:00:00',NULL,NULL,'UNRESOLVED','DAY',43),(50,'Anonymous','2018-05-09 08:13:06','2018-05-09 08:13:06','Anonymous',0,'adO','Aviz medical','2018-03-09 00:00:00',NULL,NULL,'UNRESOLVED','DAY',44),(51,'Anonymous','2018-05-09 08:13:08','2018-05-10 06:45:51','logistix',0,'vl6','Carte de identitate','2018-04-13 00:00:00',NULL,NULL,'RESOLVED','DAY',44),(52,'Anonymous','2018-05-09 08:13:09','2018-05-09 08:13:09','Anonymous',0,'bqB','Medicina muncii','2017-10-25 00:00:00',NULL,NULL,'UNRESOLVED','DAY',48),(53,'Anonymous','2018-05-09 08:13:10','2018-05-09 08:13:10','Anonymous',0,'8Y4','Carte de identitate','2017-10-26 00:00:00',NULL,NULL,'UNRESOLVED','DAY',49),(54,'Anonymous','2018-05-09 08:13:10','2018-05-09 08:13:10','Anonymous',0,'PNY','ADR-Colete','2017-10-30 00:00:00',NULL,NULL,'UNRESOLVED','DAY',49),(55,'Anonymous','2018-05-09 08:13:11','2018-05-09 08:13:11','Anonymous',0,'Vv5','Agabaritice','2017-10-29 00:00:00',NULL,NULL,'UNRESOLVED','DAY',49),(56,'Anonymous','2018-05-09 08:13:11','2018-05-09 08:44:27','logistix',0,'lQB','Medicina muncii','2018-02-03 00:00:00',NULL,NULL,'RESOLVED','DAY',52),(57,'Anonymous','2018-05-09 08:13:13','2018-05-10 07:17:56','otto',0,'pbB','Carte de identitate','2018-05-01 00:00:00',NULL,NULL,'RESOLVED','DAY',53),(58,'Anonymous','2018-05-09 08:13:14','2018-05-21 08:00:34','Anonymous',0,'79a','Permis de conducere','2018-06-20 00:00:00','2018-05-21 08:00:34',NULL,'RESOLVED','DAY',53),(59,'Anonymous','2018-05-09 08:13:15','2018-05-11 12:23:02','otto',0,'2AB','Aviz medical','2018-04-02 00:00:00',NULL,NULL,'RESOLVED','DAY',54),(60,'Anonymous','2018-05-09 08:13:16','2018-05-11 12:23:10','otto',0,'QLy','Permis de conducere','2018-04-16 00:00:00',NULL,NULL,'RESOLVED','DAY',54),(61,'Anonymous','2018-05-09 08:13:17','2018-05-11 12:23:15','otto',0,'Ae6','Carte de identitate','2018-04-16 00:00:00',NULL,NULL,'RESOLVED','DAY',56),(62,'Anonymous','2018-05-09 08:13:18','2018-05-10 06:31:23','otto',0,'Eal','Aviz medical','2018-04-16 00:00:00',NULL,NULL,'RESOLVED','DAY',56),(63,'Anonymous','2018-05-09 08:13:19','2018-05-09 14:39:35','otto',0,'e8M','Agabaritice','2018-04-16 00:00:00',NULL,NULL,'RESOLVED','DAY',56),(64,'Anonymous','2018-05-09 08:13:20','2018-05-10 06:31:03','otto',0,'0l7','Aviz psihologic','2018-04-17 00:00:00',NULL,NULL,'RESOLVED','DAY',57),(65,'Anonymous','2018-05-09 08:13:21','2018-05-10 07:17:49','otto',0,'b2B','Permis de conducere','2018-06-01 00:00:00',NULL,NULL,'RESOLVED','DAY',58),(66,'Anonymous','2018-05-09 08:13:22','2018-05-11 12:23:30','otto',0,'V15','Agabaritice','2018-04-03 00:00:00',NULL,NULL,'RESOLVED','DAY',58),(67,'Anonymous','2018-05-09 08:13:23','2018-05-11 12:23:20','otto',0,'MNj','Carte de identitate','2018-04-02 00:00:00',NULL,NULL,'RESOLVED','DAY',59),(68,'Anonymous','2018-05-09 08:13:24','2018-05-10 07:18:08','otto',0,'Rex','Aviz psihologic','2018-05-01 00:00:00',NULL,NULL,'RESOLVED','DAY',60),(69,'Anonymous','2018-05-09 08:13:26','2018-05-11 12:23:25','otto',0,'dvq','Carte de identitate','2018-05-07 00:00:00',NULL,NULL,'RESOLVED','DAY',62),(70,'Anonymous','2018-06-01 08:00:03','2018-06-01 08:00:03','Anonymous',0,'814','Carte de identitate','2018-07-31 00:00:00',NULL,NULL,'UNRESOLVED','DAY',58),(71,'Anonymous','2018-06-16 08:00:32','2018-06-16 08:00:32','Anonymous',0,'5ww','Medicina muncii','2018-08-15 00:00:00',NULL,NULL,'UNRESOLVED','DAY',55),(72,'Anonymous','2018-06-16 08:00:33','2018-06-16 08:00:33','Anonymous',0,'gRj','Aviz psihologic','2018-08-15 00:00:00',NULL,NULL,'UNRESOLVED','DAY',61),(73,'Anonymous','2018-06-23 08:00:03','2018-06-23 08:00:03','Anonymous',0,'1Qw','Aviz psihologic','2018-08-22 00:00:00',NULL,NULL,'UNRESOLVED','DAY',55);
/*!40000 ALTER TABLE `driver_alerts` ENABLE KEYS */;
UNLOCK TABLES;

--
-- Table structure for table `driver_certif`
--

DROP TABLE IF EXISTS `driver_certif`;
/*!40101 SET @saved_cs_client     = @@character_set_client */;
/*!40101 SET character_set_client = utf8 */;
CREATE TABLE `driver_certif` (
  `id` bigint(20) NOT NULL AUTO_INCREMENT,
  `created_by` varchar(255) DEFAULT NULL,
  `created_date` datetime DEFAULT NULL,
  `last_update_date` datetime DEFAULT NULL,
  `updated_by` varchar(255) DEFAULT NULL,
  `version` int(11) NOT NULL,
  `deleted` bit(1) NOT NULL,
  `expiration_date` datetime DEFAULT NULL,
  `certificate_id` bigint(20) DEFAULT NULL,
  `driver_id` bigint(20) DEFAULT NULL,
  PRIMARY KEY (`id`),
  KEY `FKd2hsa88xub56xd3v082abixtk` (`certificate_id`),
  KEY `FK3sgexug3cdqa3unq6mml6iy8t` (`driver_id`),
  CONSTRAINT `FK3sgexug3cdqa3unq6mml6iy8t` FOREIGN KEY (`driver_id`) REFERENCES `drivers` (`id`),
  CONSTRAINT `FKd2hsa88xub56xd3v082abixtk` FOREIGN KEY (`certificate_id`) REFERENCES `certificates` (`id`)
) ENGINE=InnoDB AUTO_INCREMENT=103 DEFAULT CHARSET=latin1;
/*!40101 SET character_set_client = @saved_cs_client */;

--
-- Dumping data for table `driver_certif`
--

LOCK TABLES `driver_certif` WRITE;
/*!40000 ALTER TABLE `driver_certif` DISABLE KEYS */;
INSERT INTO `driver_certif` VALUES (1,'Daniel','2017-10-11 12:25:53','2017-10-11 12:25:53','Daniel',0,'\0','2017-11-11 00:00:00',2,3),(2,'adi','2017-10-12 08:38:28','2017-10-12 08:38:28','adi',0,'\0','2017-10-12 00:00:00',1,6),(3,'adi','2017-10-12 08:38:36','2017-10-12 08:38:36','adi',0,'\0','2017-10-09 00:00:00',1,8),(4,'adi','2017-10-12 08:40:12','2017-10-12 08:40:12','adi',0,'\0','2017-10-01 00:00:00',5,39),(5,'Daniel','2017-10-12 12:11:25','2017-10-12 12:11:25','Daniel',0,'\0','2017-10-13 00:00:00',1,3),(6,'Daniel','2017-10-12 12:11:48','2017-10-12 12:11:48','Daniel',0,'\0','2017-10-17 00:00:00',4,25),(7,'Daniel','2017-10-12 12:12:02','2017-10-12 12:12:02','Daniel',0,'\0','2017-10-13 00:00:00',7,4),(8,'Daniel','2017-10-12 12:12:08','2017-10-20 11:21:38','Daniel',0,'','2017-10-13 00:00:00',1,12),(9,'Daniel','2017-10-12 12:12:14','2017-10-12 12:12:14','Daniel',0,'\0','2017-10-13 00:00:00',1,5),(10,'Daniel','2017-10-12 12:12:23','2017-10-12 12:12:23','Daniel',0,'\0','2017-10-13 00:00:00',1,26),(11,'Daniel','2017-10-12 12:12:46','2017-10-12 12:12:46','Daniel',0,'\0','2017-10-13 00:00:00',8,27),(12,'Daniel','2017-10-12 12:13:07','2017-10-12 12:13:07','Daniel',0,'\0','2017-10-10 00:00:00',4,17),(13,'Daniel','2017-10-12 12:13:31','2017-10-12 12:13:31','Daniel',0,'\0','2017-10-17 00:00:00',9,22),(14,'Daniel','2017-10-12 12:14:05','2017-10-12 12:14:05','Daniel',0,'\0','2017-10-18 00:00:00',4,7),(15,'Daniel','2017-10-12 12:15:42','2017-10-12 12:15:42','Daniel',0,'\0','2017-10-16 00:00:00',5,16),(16,'Daniel','2017-10-12 12:16:10','2017-10-13 08:13:15','Daniel',0,'','2017-10-19 00:00:00',7,28),(17,'Daniel','2017-10-12 12:16:27','2017-10-12 12:16:27','Daniel',0,'\0','2017-10-10 00:00:00',3,17),(18,'Daniel','2017-10-12 12:17:00','2017-10-12 12:17:00','Daniel',0,'\0','2017-10-17 00:00:00',3,34),(19,'Daniel','2017-10-12 12:17:17','2017-10-12 12:17:17','Daniel',0,'\0','2017-10-14 00:00:00',9,23),(20,'Daniel','2017-10-12 12:17:34','2017-10-12 12:17:34','Daniel',0,'\0','2017-10-23 00:00:00',1,29),(21,'Daniel','2017-10-12 12:17:51','2017-10-12 12:17:51','Daniel',0,'\0','2017-10-10 00:00:00',4,18),(22,'Daniel','2017-10-12 12:18:03','2017-10-12 12:18:03','Daniel',0,'\0','2017-10-19 00:00:00',3,33),(23,'Daniel','2017-10-12 12:18:18','2017-10-12 12:18:18','Daniel',0,'\0','2017-10-21 00:00:00',1,33),(24,'Daniel','2017-10-12 12:18:38','2017-10-12 12:18:38','Daniel',0,'\0','2017-10-15 00:00:00',1,31),(25,'Daniel','2017-10-12 12:18:47','2017-10-13 08:13:45','Daniel',0,'','2017-10-19 00:00:00',1,2),(26,'Daniel','2017-10-12 12:18:54','2017-10-12 12:18:54','Daniel',0,'\0','2017-10-18 00:00:00',1,21),(27,'Daniel','2017-10-12 12:19:05','2017-10-12 12:19:05','Daniel',0,'\0','2017-10-18 00:00:00',6,21),(28,'Daniel','2017-10-12 12:20:23','2017-10-12 12:20:23','Daniel',0,'\0','2017-10-13 00:00:00',4,32),(29,'Daniel','2017-10-12 12:20:42','2017-10-12 12:20:42','Daniel',0,'\0','2017-10-18 00:00:00',2,30),(30,'Daniel','2017-10-12 12:21:07','2017-10-12 12:21:07','Daniel',0,'\0','2017-10-16 00:00:00',1,36),(31,'Daniel','2017-10-12 12:21:24','2017-10-12 12:21:24','Daniel',0,'\0','2017-10-19 00:00:00',9,35),(32,'Daniel','2017-10-12 12:21:33','2017-10-14 16:28:08','Daniel',0,'','2017-10-17 00:00:00',4,1),(33,'Daniel','2017-10-12 12:21:43','2017-10-12 12:21:43','Daniel',0,'\0','2017-10-17 00:00:00',3,19),(34,'Daniel','2017-10-12 12:21:51','2017-10-12 12:21:51','Daniel',0,'\0','2017-10-31 00:00:00',4,10),(35,'Daniel','2017-10-12 12:22:01','2017-10-12 12:22:01','Daniel',0,'\0','2017-10-12 00:00:00',6,15),(36,'Daniel','2017-10-12 12:22:14','2017-10-12 12:22:14','Daniel',0,'\0','2017-10-04 00:00:00',5,20),(37,'Daniel','2017-10-12 12:22:29','2017-10-12 12:22:29','Daniel',0,'\0','2017-10-13 00:00:00',2,20),(38,'Daniel','2017-10-12 12:22:43','2017-10-12 12:22:43','Daniel',0,'\0','2017-10-27 00:00:00',5,24),(39,'Daniel','2017-10-12 12:22:55','2017-10-12 12:22:55','Daniel',0,'\0','2017-10-04 00:00:00',4,24),(40,'Daniel','2017-10-13 08:13:15','2017-10-13 08:13:15','Daniel',0,'\0','2017-10-13 00:00:00',7,28),(41,'Daniel','2017-10-13 08:13:45','2017-10-13 08:13:45','Daniel',0,'\0','2017-10-20 00:00:00',1,2),(42,'adi2','2017-10-13 13:18:21','2017-10-13 13:18:21','adi2',0,'\0','2017-09-25 00:00:00',5,42),(43,'adi2','2017-10-13 13:18:35','2018-05-09 08:43:42','logistix',0,'','2017-10-14 00:00:00',8,41),(44,'Daniel','2017-10-14 16:28:08','2017-10-14 16:28:08','Daniel',0,'\0','2017-10-14 00:00:00',4,1),(45,'Daniel','2017-10-20 11:21:01','2017-10-20 11:21:01','Daniel',0,'\0','2017-10-27 00:00:00',1,25),(46,'Daniel','2017-10-20 11:21:46','2017-10-20 11:21:46','Daniel',0,'\0','2017-10-27 00:00:00',1,12),(47,'Daniel','2017-10-23 09:11:18','2017-10-23 09:11:18','Daniel',0,'\0','2017-11-01 00:00:00',4,4),(48,'aditest','2017-10-25 08:37:19','2017-10-25 08:37:19','aditest',0,'\0','2017-10-26 00:00:00',1,49),(49,'aditest','2017-10-25 08:37:27','2017-10-25 08:37:27','aditest',0,'\0','2017-10-25 00:00:00',3,48),(50,'aditest','2017-10-25 08:37:34','2017-10-25 08:37:34','aditest',0,'\0','2017-10-30 00:00:00',7,49),(51,'aditest','2017-10-25 08:37:45','2017-10-25 08:37:45','aditest',0,'\0','2017-10-29 00:00:00',8,49),(52,'logistix','2018-01-31 09:25:07','2018-01-31 09:25:07','logistix',0,'\0','2018-01-31 00:00:00',4,38),(53,'logistix','2018-01-31 09:25:39','2018-03-14 10:16:29','logistix',0,'','2018-01-07 00:00:00',1,44),(54,'logistix','2018-01-31 09:26:09','2018-01-31 09:26:09','logistix',0,'\0','2018-01-18 00:00:00',3,9),(55,'logistix','2018-01-31 09:26:14','2018-02-15 12:28:39','logistix',0,'','2018-01-11 00:00:00',4,44),(56,'logistix','2018-01-31 15:01:06','2018-01-31 15:01:06','logistix',0,'\0','2018-02-03 00:00:00',3,52),(57,'logistix','2018-02-14 03:08:39','2018-02-14 03:08:39','logistix',0,'\0','2018-02-28 00:00:00',1,43),(58,'logistix','2018-02-14 03:08:49','2018-02-14 03:08:49','logistix',0,'\0','2018-02-23 00:00:00',8,43),(59,'logistix','2018-02-14 03:09:01','2018-02-14 03:09:01','logistix',0,'\0','2018-02-16 00:00:00',1,38),(60,'logistix','2018-02-15 12:28:50','2018-02-15 12:28:50','logistix',0,'\0','2018-03-09 00:00:00',4,44),(61,'logistix','2018-03-14 10:16:39','2018-03-14 10:16:39','logistix',0,'\0','2018-03-29 00:00:00',1,37),(62,'logistix','2018-04-12 09:30:05','2018-05-10 06:45:51','logistix',0,'\0','2019-05-01 00:00:00',1,44),(63,'otto','2018-04-16 11:15:35','2018-05-23 06:15:33','otto',0,'','2018-05-01 00:00:00',1,53),(64,'otto','2018-04-16 11:15:58','2018-04-16 11:15:58','otto',0,'\0','2018-06-20 00:00:00',2,53),(65,'otto','2018-04-16 11:16:20','2018-04-16 11:16:20','otto',0,'\0','2019-01-01 00:00:00',3,53),(66,'otto','2018-04-16 11:16:46','2018-04-16 11:16:46','otto',0,'\0','2019-04-04 00:00:00',1,54),(67,'otto','2018-04-16 11:18:05','2018-05-11 12:23:02','otto',0,'\0','2018-12-31 00:00:00',4,54),(68,'otto','2018-04-16 11:18:21','2018-05-11 12:23:10','otto',0,'\0','2019-01-01 00:00:00',2,54),(69,'otto','2018-04-16 11:18:45','2018-04-19 08:56:55','otto',0,'','2018-04-02 00:00:00',1,55),(70,'otto','2018-04-16 11:18:57','2018-05-11 12:23:15','otto',0,'\0','2018-12-19 00:00:00',1,56),(71,'otto','2018-04-16 11:19:16','2018-04-16 11:19:16','otto',0,'\0','2020-04-15 00:00:00',2,56),(72,'otto','2018-04-16 11:19:28','2018-05-23 06:16:18','otto',0,'','2018-04-16 00:00:00',4,56),(73,'otto','2018-04-16 11:19:50','2018-04-16 11:19:50','otto',0,'\0','2018-11-01 00:00:00',5,56),(74,'otto','2018-04-16 11:20:11','2018-04-16 11:20:11','otto',0,'\0','2018-04-16 00:00:00',8,56),(75,'otto','2018-04-17 06:53:16','2018-04-17 06:53:16','otto',0,'\0','2020-04-13 00:00:00',1,57),(76,'otto','2018-04-17 06:53:32','2018-04-17 06:53:32','otto',0,'\0','2021-04-17 00:00:00',2,57),(77,'otto','2018-04-17 06:53:46','2018-04-17 06:53:46','otto',0,'\0','2019-04-01 00:00:00',3,57),(78,'otto','2018-04-17 06:54:03','2018-04-17 06:54:13','otto',0,'','2018-01-01 00:00:00',4,57),(79,'otto','2018-04-17 06:54:30','2018-04-17 06:54:30','otto',0,'\0','2019-01-01 00:00:00',4,57),(80,'otto','2018-04-17 06:54:46','2018-04-17 06:54:46','otto',0,'\0','2018-04-17 00:00:00',5,57),(81,'otto','2018-04-17 06:55:56','2018-04-17 06:55:56','otto',0,'\0','2019-01-01 00:00:00',6,57),(82,'otto','2018-04-18 08:09:46','2018-04-18 08:09:46','otto',0,'\0','2018-12-01 00:00:00',5,53),(83,'otto','2018-04-19 08:55:45','2018-04-19 08:55:45','otto',0,'\0','2020-12-01 00:00:00',1,60),(84,'otto','2018-04-19 08:55:57','2018-04-19 08:55:57','otto',0,'\0','2021-01-05 00:00:00',2,60),(85,'otto','2018-04-19 08:56:14','2018-04-19 08:56:14','otto',0,'\0','2019-01-01 00:00:00',3,60),(86,'otto','2018-04-19 08:56:26','2018-04-19 08:56:26','otto',0,'\0','2018-05-01 00:00:00',5,60),(87,'otto','2018-04-19 08:56:43','2018-04-19 08:56:43','otto',0,'\0','2018-10-23 00:00:00',7,60),(88,'otto','2018-04-19 08:57:54','2018-04-19 08:57:54','otto',0,'\0','2020-01-01 00:00:00',1,55),(89,'otto','2018-04-19 09:01:29','2018-04-19 09:01:29','otto',0,'\0','2018-09-05 00:00:00',4,55),(90,'otto','2018-04-19 09:01:37','2018-04-19 09:01:37','otto',0,'\0','2018-08-15 00:00:00',3,55),(91,'otto','2018-04-19 09:01:51','2018-04-19 09:01:51','otto',0,'\0','2018-08-22 00:00:00',5,55),(92,'otto','2018-04-19 09:02:03','2018-04-19 09:02:03','otto',0,'\0','2018-07-31 00:00:00',1,58),(93,'otto','2018-04-19 09:02:11','2018-04-19 09:02:11','otto',0,'\0','2018-06-01 00:00:00',2,58),(94,'otto','2018-04-19 09:02:19','2018-04-19 09:02:19','otto',0,'\0','2018-10-25 00:00:00',5,58),(95,'otto','2018-04-19 09:02:27','2018-05-11 12:23:30','otto',0,'\0','2018-12-12 00:00:00',8,58),(96,'otto','2018-04-19 09:02:39','2018-04-19 09:02:39','otto',0,'\0','2018-09-12 00:00:00',7,61),(97,'otto','2018-04-19 09:02:52','2018-04-19 09:02:52','otto',0,'\0','2018-08-15 00:00:00',5,61),(98,'otto','2018-04-19 09:07:38','2018-05-11 12:23:20','otto',0,'\0','2018-11-22 00:00:00',1,59),(99,'otto','2018-05-04 11:03:56','2018-05-04 12:05:55','otto',0,'','2018-05-07 00:00:00',1,62),(100,'otto','2018-05-04 11:03:56','2018-05-11 12:23:25','otto',0,'\0','2018-12-19 00:00:00',1,62),(101,'logistix','2018-05-09 08:43:59','2018-05-09 08:43:59','logistix',0,'\0','2018-10-15 00:00:00',8,41),(102,'otto','2018-05-09 08:54:53','2018-05-09 08:54:53','otto',0,'\0','2018-09-13 00:00:00',3,62);
/*!40000 ALTER TABLE `driver_certif` ENABLE KEYS */;
UNLOCK TABLES;

--
-- Table structure for table `driver_home`
--

DROP TABLE IF EXISTS `driver_home`;
/*!40101 SET @saved_cs_client     = @@character_set_client */;
/*!40101 SET character_set_client = utf8 */;
CREATE TABLE `driver_home` (
  `id` bigint(20) NOT NULL AUTO_INCREMENT,
  `created_by` varchar(255) DEFAULT NULL,
  `created_date` datetime DEFAULT NULL,
  `last_update_date` datetime DEFAULT NULL,
  `updated_by` varchar(255) DEFAULT NULL,
  `version` int(11) NOT NULL,
  `deleted` bit(1) NOT NULL,
  `home_end` datetime DEFAULT NULL,
  `home_start` datetime DEFAULT NULL,
  `reason` varchar(255) DEFAULT NULL,
  `customer_id` bigint(20) DEFAULT NULL,
  `driver_id` bigint(20) DEFAULT NULL,
  PRIMARY KEY (`id`),
  KEY `FK1gnfknqd2fydwbj4t8prjlmxu` (`customer_id`),
  KEY `FK6oiyrsmw8891yh72vqv4rxy0p` (`driver_id`),
  CONSTRAINT `FK1gnfknqd2fydwbj4t8prjlmxu` FOREIGN KEY (`customer_id`) REFERENCES `customers` (`id`),
  CONSTRAINT `FK6oiyrsmw8891yh72vqv4rxy0p` FOREIGN KEY (`driver_id`) REFERENCES `drivers` (`id`)
) ENGINE=InnoDB AUTO_INCREMENT=14 DEFAULT CHARSET=latin1;
/*!40101 SET character_set_client = @saved_cs_client */;

--
-- Dumping data for table `driver_home`
--

LOCK TABLES `driver_home` WRITE;
/*!40000 ALTER TABLE `driver_home` DISABLE KEYS */;
INSERT INTO `driver_home` VALUES (1,'adi','2017-10-11 11:16:07','2017-10-11 11:16:07','adi',0,'\0','2017-10-26 00:00:00','2017-10-10 00:00:00','',5,8),(2,'adi','2017-10-11 11:17:01','2017-10-11 11:17:01','adi',0,'\0','2017-10-27 00:00:00','2017-10-09 00:00:00','',5,6),(3,'adi','2017-10-11 14:35:22','2018-02-14 03:11:09','logistix',0,'','2017-10-27 00:00:00','2017-10-19 00:00:00','',5,9),(4,'Daniel','2017-10-24 06:28:26','2017-10-24 06:28:26','Daniel',0,'\0','2017-10-26 00:00:00','2017-10-24 00:00:00','Si-a incheiat contractul.',2,3),(5,'otto','2018-05-11 06:54:06','2018-05-11 06:55:03','otto',0,'','2018-05-31 00:00:00','2018-05-14 00:00:00','boala',14,53),(6,'otto','2018-05-11 06:55:33','2018-05-11 06:55:33','otto',0,'\0','2018-05-18 00:00:00','2018-05-14 00:00:00','concediu',14,56),(7,'otto','2018-05-21 06:26:22','2018-05-21 06:26:22','otto',0,'\0','2018-06-08 00:00:00','2018-05-21 00:00:00','',14,57),(8,'otto','2018-05-21 06:26:39','2018-05-23 12:53:10','otto',0,'','2018-06-09 00:00:00','2018-05-21 00:00:00','concediu',14,60),(9,'otto','2018-05-21 06:27:00','2018-05-21 06:27:00','otto',0,'\0','2018-06-09 00:00:00','2018-05-21 00:00:00','boala',14,58),(10,'otto','2018-05-21 06:27:11','2018-05-21 06:27:11','otto',0,'\0','2018-06-09 00:00:00','2018-05-21 00:00:00','',14,59),(11,'otto','2018-05-21 06:27:21','2018-05-21 06:27:21','otto',0,'\0','2018-06-09 00:00:00','2018-05-21 00:00:00','',14,61),(12,'otto','2018-05-21 06:27:31','2018-05-21 06:28:14','otto',0,'','2018-06-09 00:00:00','2018-05-21 00:00:00','',14,53),(13,'otto','2018-05-21 06:27:45','2018-05-23 12:52:48','otto',0,'','2018-06-09 00:00:00','2018-05-21 00:00:00','concediu',14,54);
/*!40000 ALTER TABLE `driver_home` ENABLE KEYS */;
UNLOCK TABLES;

--
-- Table structure for table `driver_program`
--

DROP TABLE IF EXISTS `driver_program`;
/*!40101 SET @saved_cs_client     = @@character_set_client */;
/*!40101 SET character_set_client = utf8 */;
CREATE TABLE `driver_program` (
  `id` bigint(20) NOT NULL AUTO_INCREMENT,
  `created_by` varchar(255) DEFAULT NULL,
  `created_date` datetime DEFAULT NULL,
  `last_update_date` datetime DEFAULT NULL,
  `updated_by` varchar(255) DEFAULT NULL,
  `version` int(11) NOT NULL,
  `deleted` bit(1) NOT NULL,
  `program_end` datetime DEFAULT NULL,
  `program_start` datetime DEFAULT NULL,
  `vehicle_id` bigint(20) NOT NULL,
  `customer_id` bigint(20) DEFAULT NULL,
  `driver_id` bigint(20) DEFAULT NULL,
  PRIMARY KEY (`id`),
  KEY `FKn5bqjc5xjqde8trrd3tbgj0md` (`customer_id`),
  KEY `FKgfp7s7wlrvq5pcomx47cx4nr5` (`driver_id`),
  CONSTRAINT `FKgfp7s7wlrvq5pcomx47cx4nr5` FOREIGN KEY (`driver_id`) REFERENCES `drivers` (`id`),
  CONSTRAINT `FKn5bqjc5xjqde8trrd3tbgj0md` FOREIGN KEY (`customer_id`) REFERENCES `customers` (`id`)
) ENGINE=InnoDB AUTO_INCREMENT=20 DEFAULT CHARSET=latin1;
/*!40101 SET character_set_client = @saved_cs_client */;

--
-- Dumping data for table `driver_program`
--

LOCK TABLES `driver_program` WRITE;
/*!40000 ALTER TABLE `driver_program` DISABLE KEYS */;
INSERT INTO `driver_program` VALUES (1,'adi','2017-10-11 11:15:17','2017-10-11 11:17:01','adi',0,'','2017-10-22 00:00:00','2017-10-19 00:00:00',69,5,6),(2,'adi','2017-10-11 11:15:32','2017-10-11 11:16:06','adi',0,'','2017-10-24 00:00:00','2017-10-18 00:00:00',69,5,8),(3,'adi','2017-10-11 11:16:06','2017-10-11 14:35:22','adi',0,'','2017-10-19 00:00:00','2017-10-10 00:00:00',69,5,9),(4,'Daniel','2017-10-11 12:29:45','2017-10-11 12:29:45','Daniel',0,'\0','2017-11-09 00:00:00','2017-10-12 00:00:00',6,2,1),(5,'Daniel','2017-10-11 12:31:35','2017-10-11 12:31:35','Daniel',0,'\0','2017-11-08 00:00:00','2017-10-13 00:00:00',26,2,2),(6,'Daniel','2017-10-20 10:12:14','2017-10-24 06:28:26','Daniel',0,'','2017-10-20 00:00:00','2017-10-19 00:00:00',7,2,3),(7,'logistix','2018-02-14 03:11:09','2018-02-14 03:11:09','logistix',0,'\0','2018-02-12 00:00:00','2018-02-07 00:00:00',50,5,9),(8,'otto','2018-05-10 13:50:09','2018-05-11 06:54:06','otto',0,'','2018-05-24 00:00:00','2018-05-10 00:00:00',179,14,53),(9,'otto','2018-05-11 06:52:47','2018-05-21 06:26:39','otto',0,'','2018-05-31 00:00:00','2018-05-14 00:00:00',181,14,60),(10,'otto','2018-05-11 06:53:01','2018-05-21 06:26:59','otto',0,'','2018-05-31 00:00:00','2018-05-14 00:00:00',182,14,58),(11,'otto','2018-05-11 06:53:13','2018-05-11 06:55:32','otto',0,'','2018-05-31 00:00:00','2018-05-14 00:00:00',182,14,56),(12,'otto','2018-05-11 06:53:29','2018-05-21 06:27:21','otto',0,'','2018-05-31 00:00:00','2018-05-14 00:00:00',185,14,61),(13,'otto','2018-05-11 06:54:05','2018-05-21 06:26:22','otto',0,'','2018-05-14 00:00:00','2018-05-01 00:00:00',179,14,57),(14,'otto','2018-05-11 06:54:35','2018-05-21 06:27:11','otto',0,'','2018-05-31 00:00:00','2018-05-01 00:00:00',184,14,59),(15,'otto','2018-05-11 06:55:03','2018-05-21 06:27:31','otto',0,'','2018-05-15 00:00:00','2018-05-07 00:00:00',186,14,53),(16,'otto','2018-05-21 06:14:23','2018-05-21 06:27:45','otto',0,'','2018-05-25 00:00:00','2018-05-21 00:00:00',187,14,54),(17,'otto','2018-05-21 06:28:14','2018-05-21 06:28:14','otto',0,'\0','2018-05-25 00:00:00','2018-05-21 00:00:00',179,14,53),(18,'otto','2018-05-23 12:52:48','2018-05-23 12:52:48','otto',0,'\0','2018-05-31 00:00:00','2018-05-23 00:00:00',184,14,54),(19,'otto','2018-05-23 12:53:09','2018-05-23 12:53:09','otto',0,'\0','2018-05-31 00:00:00','2018-05-23 00:00:00',181,14,60);
/*!40000 ALTER TABLE `driver_program` ENABLE KEYS */;
UNLOCK TABLES;

--
-- Table structure for table `drivers`
--

DROP TABLE IF EXISTS `drivers`;
/*!40101 SET @saved_cs_client     = @@character_set_client */;
/*!40101 SET character_set_client = utf8 */;
CREATE TABLE `drivers` (
  `id` bigint(20) NOT NULL AUTO_INCREMENT,
  `created_by` varchar(255) DEFAULT NULL,
  `created_date` datetime DEFAULT NULL,
  `last_update_date` datetime DEFAULT NULL,
  `updated_by` varchar(255) DEFAULT NULL,
  `version` int(11) NOT NULL,
  `cnp` varchar(255) DEFAULT NULL,
  `deleted` bit(1) NOT NULL,
  `driving_license` varchar(255) DEFAULT NULL,
  `first_name` varchar(255) DEFAULT NULL,
  `identity_card` varchar(255) DEFAULT NULL,
  `last_name` varchar(255) DEFAULT NULL,
  `phone_number` varchar(255) DEFAULT NULL,
  `customer_id` bigint(20) DEFAULT NULL,
  PRIMARY KEY (`id`),
  KEY `FKi34dll6ya44s7mc4lx1c73obd` (`customer_id`),
  CONSTRAINT `FKi34dll6ya44s7mc4lx1c73obd` FOREIGN KEY (`customer_id`) REFERENCES `customers` (`id`)
) ENGINE=InnoDB AUTO_INCREMENT=63 DEFAULT CHARSET=latin1;
/*!40101 SET character_set_client = @saved_cs_client */;

--
-- Dumping data for table `drivers`
--

LOCK TABLES `drivers` WRITE;
/*!40000 ALTER TABLE `drivers` DISABLE KEYS */;
INSERT INTO `drivers` VALUES (1,'Daniel','2017-10-11 10:09:02','2017-10-11 10:09:02','Daniel',0,'1234566788909','\0','B','Sergiu ','CI','Nan','0744876532',2),(2,'Daniel','2017-10-11 10:09:46','2017-10-11 10:09:46','Daniel',0,'0987654321345','\0','E','Andrei','CI','Sferle','0756765432',2),(3,'Daniel','2017-10-11 10:10:29','2017-10-20 10:31:23','Daniel',0,'1234567812345','\0','B','Danielito','buletin','Abrudan','0755768594',2),(4,'Daniel','2017-10-11 10:40:36','2017-10-20 10:32:39','Daniel',0,'6543212345678','\0','C+E','Andrei ','CI','Ardelean','0722765494',2),(5,'Daniel','2017-10-11 10:50:01','2017-10-11 10:50:01','Daniel',0,'7685432345987','\0','B','Andrei','CI','Bejan','0741327865',2),(6,'adi','2017-10-11 10:50:21','2017-10-11 10:50:21','adi',0,'3823848284432','\0','C+E','Catana','CI','Cosmin','93849048493820',5),(7,'Daniel','2017-10-11 10:50:50','2017-10-11 12:27:03','Daniel',0,'3456785432987','\0','B','Catalin','CI','Broinas','0754986043',2),(8,'adi','2017-10-11 10:51:00','2017-10-11 10:51:00','adi',0,'3456327533833','\0','C+E','George','CI','Ghemis','84383848383',5),(9,'adi','2017-10-11 10:51:27','2017-10-11 10:51:27','adi',0,'3848384938233','\0','C+E','Alexandru','CI','Vilciuc','3839382',5),(10,'Daniel','2017-10-11 10:51:32','2017-10-11 10:51:32','Daniel',0,'3456876543212','\0','B','Vlad','CI','Mihaiescu','0755676643',2),(11,'adi','2017-10-11 10:51:51','2017-10-11 10:51:51','adi',0,'4394939493433','\0','C+E','Alexandru','CI','Todinca','493849393',5),(12,'Daniel','2017-10-11 10:52:10','2017-10-11 10:52:10','Daniel',0,'5678432876098','\0','B','Alexandru','CI','Baciu','0766874387',2),(13,'adi','2017-10-11 10:52:17','2017-10-11 10:52:17','adi',0,'3984929455444','\0','C+E','Brendon','CI','Kovacs','85848583',5),(14,'adi','2017-10-11 10:53:21','2017-10-11 10:53:21','adi',0,'5353534222222','\0','C+E','Ionut','CI','Ionoi','584448484',5),(15,'Daniel','2017-10-11 10:56:04','2017-10-11 10:56:04','Daniel',0,'6587654943035','\0','B','Ion','CI','Ionescu','0256879567',2),(16,'Daniel','2017-10-11 10:57:39','2017-10-11 10:57:39','Daniel',0,'1023456785482','\0','B','Cosmin','CI','Catana','0748769654',2),(17,'Daniel','2017-10-11 10:58:18','2017-10-11 10:58:18','Daniel',0,'1187947068437','\0','C+E','Irinel','CI','Blaga','0755869854',2),(18,'Daniel','2017-10-11 10:59:51','2017-10-11 10:59:51','Daniel',0,'1287695648765','\0','B','Andrei ','CI','Vlaicu','0786439234',2),(19,'Daniel','2017-10-11 11:00:38','2017-10-11 11:00:38','Daniel',0,'1398675490764','\0','B','Florin','CI','Mihoc','0738659465',2),(20,'Daniel','2017-10-11 11:01:20','2017-10-11 11:01:20','Daniel',0,'1487654397651','\0','B','George','CI','Hulea','0745398054',2),(21,'Daniel','2017-10-11 11:02:01','2017-10-11 11:02:01','Daniel',0,'1509657543960','\0','B','George','CI','Serecut','0757513098',2),(22,'Daniel','2017-10-11 11:02:46','2017-10-11 11:15:29','Daniel',0,'1678984328097','\0','B','Felix','CI','Botau','0747658498',2),(23,'Daniel','2017-10-11 11:03:30','2017-10-11 11:03:30','Daniel',0,'1730567598123','\0','B','Ionut','CI','Gabor','0751327603',2),(24,'Daniel','2017-10-11 11:05:44','2017-10-11 11:05:44','Daniel',0,'1867340987614','\0','B','Vlad','CI','Grigorescu','0765869429',2),(25,'Daniel','2017-10-11 11:07:05','2017-10-11 11:07:05','Daniel',0,'1965748765438','\0','B','Serban','CI','Apostol','0754805410',2),(26,'Daniel','2017-10-11 11:08:12','2017-10-11 11:08:12','Daniel',0,'2095758765438','\0','B','Mihai','CI','Bendeac','0756981285',2),(27,'Daniel','2017-10-11 11:08:49','2017-10-11 11:08:49','Daniel',0,'2156875495764','\0','B','Dan','CI','Bitman','0749657416',2),(28,'Daniel','2017-10-11 11:09:33','2017-10-11 11:09:33','Daniel',0,'2287036187496','\0','B','Cornel','CI','Copos','0754879692',2),(29,'Daniel','2017-10-11 11:10:21','2017-10-11 11:10:21','Daniel',0,'2386597234054','\0','B','Emil','CI','Gheorghe','0749761943',2),(30,'Daniel','2017-10-11 11:10:56','2017-10-11 11:10:56','Daniel',0,'2487980567127','\0','B','Paul','CI','Purcar','0754876598',2),(31,'Daniel','2017-10-11 11:12:01','2017-10-11 11:12:01','Daniel',0,'2586057694615','\0','B','Andrei ','CI','Tiriteu','0766195486',2),(32,'Daniel','2017-10-11 11:12:59','2017-10-12 12:20:12','Daniel',0,'2698745606743','\0','B','Daniel','CI','Sarca','0765469818',2),(33,'Daniel','2017-10-11 11:22:34','2017-10-11 11:22:34','Daniel',0,'2787986548323','\0','B','Bogdan','CI','Vancea','0741769574',2),(34,'Daniel','2017-10-11 11:24:00','2017-10-11 11:24:00','Daniel',0,'2854876598720','\0','B','Claudiu','CI','Farcalau','0733876594',2),(35,'Daniel','2017-10-11 11:25:03','2017-10-11 11:25:03','Daniel',0,'2965496587045','\0','B','Vlad','CI','Nemes','0748586732',2),(36,'Daniel','2017-10-11 11:26:01','2017-10-11 11:26:01','Daniel',0,'3065879865432','\0','B','Ionut','CI','Nistor','0758327602',2),(37,'adi','2017-10-11 11:34:10','2017-10-11 11:34:10','adi',0,'3939294923232','\0','C+E','Sorin','CI','Bere','44945949494',5),(38,'adi','2017-10-11 11:34:37','2017-10-11 12:15:15','adi',0,'4939493933343','\0','C+E','Vlad ','CI','Bere','49493949393',5),(39,'adi','2017-10-11 11:35:15','2017-10-11 11:35:15','adi',0,'4559384739489','\0','C+E','Octavian','CI','Ghindea','5939493949394',5),(40,'adi','2017-10-11 12:10:22','2017-10-11 12:10:22','adi',0,'3823849348434','\0','C+E','Eduard','CI','Buta','3838483843',5),(41,'adi','2017-10-11 12:10:44','2017-10-11 12:10:44','adi',0,'2372838283828','\0','C+E','Florin','CI','Ille','392939292',5),(42,'adi','2017-10-11 12:11:19','2017-10-11 12:11:19','adi',0,'2932939293932','\0','C+E','Flaviu','CI','Hullea','3929492992',5),(43,'adi','2017-10-11 12:12:52','2017-10-11 12:12:52','adi',0,'2938294894829','\0','C+E','Catalin','CI','Ban','48394939492',5),(44,'adi','2017-10-11 12:13:56','2017-10-18 06:37:29','adi',0,'2983928928382','\0','B','Doru','C+TI','Albutiu','012345',5),(45,'adi','2017-10-11 12:14:20','2017-10-11 12:14:20','adi',0,'3924928928234','\0','C+E','Andrei','CI','Cojocaru','2928392839283',5),(46,'adi','2017-10-11 12:14:45','2017-10-11 12:14:45','adi',0,'1984284884837','\0','C+E','Ionut','Ci','Nistor','49284938493',5),(47,'Daniel','2017-10-11 12:21:40','2017-10-11 12:22:14','Daniel',0,'1223456778900','','B','ret','CI','tret','5675768786967',2),(48,'aditest','2017-10-19 13:19:22','2017-10-19 13:19:22','aditest',0,'1884823748270','\0','B','Gheroghe','CI','Stefan','09504394-02',6),(49,'aditest','2017-10-19 13:20:44','2017-10-19 13:20:44','aditest',0,'1111111111111','\0','B','maximinius','C','Thrax','983094809283402',6),(50,'emiliau','2017-10-30 09:56:04','2017-10-30 09:56:04','emiliau',0,'2801031125804','\0','am','Emilia','am','Ungur','am',8),(51,'emiliau','2017-10-30 09:56:28','2017-10-30 09:56:28','emiliau',0,'1800426055094','\0','are','Cristian','are','Ungur','are',8),(52,'logistix','2018-01-31 15:00:53','2018-01-31 15:00:53','logistix',0,'1880551234511','\0','49034-6092','John','XH532245','Doe','0777222342',5),(53,'otto','2018-04-15 16:36:22','2018-04-15 16:36:22','otto',0,'1730404183993','\0','B147891','Florin','xh123456','Sofer','0740147852',14),(54,'otto','2018-04-15 16:37:07','2018-04-15 16:37:07','otto',0,'1800101123456','\0','B159753','Andrei','xh123654','Sofer','0740147258',14),(55,'otto','2018-04-16 11:12:57','2018-04-16 11:12:57','otto',0,'1800614069753','\0','B20589578H','Marius ','XH830276','Sofer','0740159632',14),(56,'otto','2018-04-16 11:13:40','2018-04-16 11:13:40','otto',0,'1841105749662','\0','B2787549C','Ciprian','XH823649','Sofer','0741236987',14),(57,'otto','2018-04-16 11:14:23','2018-04-16 11:14:23','otto',0,'1790401745889','\0','D3787893H','Dorel','XH257894','Sofer','0753214789',14),(58,'otto','2018-04-19 08:36:42','2018-04-19 08:36:42','otto',0,'1828466393506','\0','B235789','Cristian','XH839002','Marinescu','0740684669',14),(59,'otto','2018-04-19 08:37:25','2018-04-19 08:37:25','otto',0,'1790506199765','\0','b169469','Daniel','XH183033','Coman','0720976664',14),(60,'otto','2018-04-19 08:38:10','2018-04-19 08:38:10','otto',0,'1840916449635','\0','B199763','Andrei ','XH469773','Veres','0723228469',14),(61,'otto','2018-04-19 08:39:16','2018-04-19 08:39:16','otto',0,'1790513044963','\0','B148936','Septimiu','XH654659','Lungu','0746994364',14),(62,'otto','2018-04-19 08:39:55','2018-04-19 08:39:55','otto',0,'1840616079334','\0','B197634','Valer','XH645666','Cojocaru','0749316778',14);
/*!40000 ALTER TABLE `drivers` ENABLE KEYS */;
UNLOCK TABLES;

--
-- Table structure for table `expenses`
--

DROP TABLE IF EXISTS `expenses`;
/*!40101 SET @saved_cs_client     = @@character_set_client */;
/*!40101 SET character_set_client = utf8 */;
CREATE TABLE `expenses` (
  `id` bigint(20) NOT NULL AUTO_INCREMENT,
  `created_by` varchar(255) DEFAULT NULL,
  `created_date` datetime DEFAULT NULL,
  `last_update_date` datetime DEFAULT NULL,
  `updated_by` varchar(255) DEFAULT NULL,
  `version` int(11) NOT NULL,
  `costs` double DEFAULT NULL,
  `deleted` bit(1) NOT NULL,
  `description` varchar(255) DEFAULT NULL,
  `financial_report_id` bigint(20) DEFAULT NULL,
  `order_id` bigint(20) DEFAULT NULL,
  PRIMARY KEY (`id`),
  KEY `FK4xy7xryxgmy0v1yy0pbds16ph` (`financial_report_id`),
  KEY `FK2kfgqcip21sto5urvxr2k7g7h` (`order_id`),
  CONSTRAINT `FK2kfgqcip21sto5urvxr2k7g7h` FOREIGN KEY (`order_id`) REFERENCES `customers` (`id`),
  CONSTRAINT `FK4xy7xryxgmy0v1yy0pbds16ph` FOREIGN KEY (`financial_report_id`) REFERENCES `financial_rep` (`id`)
) ENGINE=InnoDB AUTO_INCREMENT=27 DEFAULT CHARSET=latin1;
/*!40101 SET character_set_client = @saved_cs_client */;

--
-- Dumping data for table `expenses`
--

LOCK TABLES `expenses` WRITE;
/*!40000 ALTER TABLE `expenses` DISABLE KEYS */;
INSERT INTO `expenses` VALUES (13,'logistix','2018-02-15 12:30:02','2018-02-15 12:30:02','logistix',0,22121,'\0','serviuce nicu',188,NULL),(14,'logistix','2018-02-15 12:40:30','2018-02-15 12:40:30','logistix',0,30,'\0','bursa si altele',188,NULL),(15,'logistix','2018-04-12 09:34:01','2018-04-12 09:34:01','logistix',0,120,'\0','service nicu',230,NULL),(16,'logistix','2018-04-17 12:15:39','2018-04-17 12:15:39','logistix',0,1200,'\0','service dan',230,NULL),(17,'otto','2018-04-18 07:54:30','2018-04-18 07:54:51','otto',0,4000,'','Salariu',251,NULL),(18,'otto','2018-04-18 07:55:07','2018-04-18 08:04:01','otto',0,1000,'','salariu',251,NULL),(19,'otto','2018-04-18 07:55:37','2018-04-18 08:03:53','otto',0,6,'','telefon ',251,NULL),(20,'otto','2018-04-18 08:03:19','2018-04-18 08:03:19','otto',0,6,'\0','telefon ',252,NULL),(21,'otto','2018-04-18 08:03:29','2018-04-18 08:03:29','otto',0,6,'\0','telefon ',253,NULL),(22,'otto','2018-04-19 11:47:57','2018-04-19 11:47:57','otto',0,300,'\0','Service / directie',254,NULL),(23,'otto','2018-05-04 08:53:29','2018-05-04 08:53:29','otto',0,80,'\0','Service / directie',263,NULL),(24,'otto','2018-05-04 08:54:06','2018-05-04 08:54:18','otto',0,2500,'','chimbat cauciucuri',263,NULL),(25,'otto','2018-05-04 08:54:39','2018-05-08 07:14:21','otto',0,2500,'','schimbat cauciucuri',263,NULL),(26,'otto','2018-05-08 07:13:43','2018-05-08 07:13:43','otto',0,50,'\0','reglaj directie',262,NULL);
/*!40000 ALTER TABLE `expenses` ENABLE KEYS */;
UNLOCK TABLES;

--
-- Table structure for table `financial_rep`
--

DROP TABLE IF EXISTS `financial_rep`;
/*!40101 SET @saved_cs_client     = @@character_set_client */;
/*!40101 SET character_set_client = utf8 */;
CREATE TABLE `financial_rep` (
  `id` bigint(20) NOT NULL AUTO_INCREMENT,
  `created_by` varchar(255) DEFAULT NULL,
  `created_date` datetime DEFAULT NULL,
  `last_update_date` datetime DEFAULT NULL,
  `updated_by` varchar(255) DEFAULT NULL,
  `version` int(11) NOT NULL,
  `automated_calculation` bit(1) NOT NULL,
  `deleted` bit(1) NOT NULL,
  `empty_km` int(11) NOT NULL,
  `fuel_cost` double NOT NULL,
  `fuel_liters` int(11) DEFAULT NULL,
  `leasing` double NOT NULL,
  `loaded_km` int(11) NOT NULL,
  `month` int(11) DEFAULT NULL,
  `phone_expense` double NOT NULL,
  `road_taxes` double NOT NULL,
  `total_expense` double NOT NULL,
  `total_extra_expenses` double NOT NULL,
  `total_income` double NOT NULL,
  `total_km` int(11) DEFAULT NULL,
  `wage` double NOT NULL,
  `year` int(11) NOT NULL,
  `currency_id` bigint(20) DEFAULT NULL,
  `customer_id` bigint(20) DEFAULT NULL,
  `vehicle_id` bigint(20) DEFAULT NULL,
  PRIMARY KEY (`id`),
  KEY `FK9ap746llq3cf86gwrjspm5vuq` (`currency_id`),
  KEY `FKiy9rd7ueci5k6yf29kmb41qwu` (`customer_id`),
  KEY `FKkfmb41n7vsispqyq2pm90qpqt` (`vehicle_id`),
  CONSTRAINT `FK9ap746llq3cf86gwrjspm5vuq` FOREIGN KEY (`currency_id`) REFERENCES `currency` (`id`),
  CONSTRAINT `FKiy9rd7ueci5k6yf29kmb41qwu` FOREIGN KEY (`customer_id`) REFERENCES `customers` (`id`),
  CONSTRAINT `FKkfmb41n7vsispqyq2pm90qpqt` FOREIGN KEY (`vehicle_id`) REFERENCES `vehicles` (`id`)
) ENGINE=InnoDB AUTO_INCREMENT=290 DEFAULT CHARSET=latin1;
/*!40101 SET character_set_client = @saved_cs_client */;

--
-- Dumping data for table `financial_rep`
--

LOCK TABLES `financial_rep` WRITE;
/*!40000 ALTER TABLE `financial_rep` DISABLE KEYS */;
INSERT INTO `financial_rep` VALUES (167,'logistix','2018-01-26 10:11:14','2018-01-26 10:11:14','logistix',0,'','\0',50,0,NULL,0,500,0,0,0,0,0,0,NULL,0,2018,110,5,44),(168,'logistix','2018-01-26 10:11:14','2018-01-26 10:11:14','logistix',0,'','\0',50,0,NULL,0,500,0,0,0,0,0,0,NULL,0,2018,110,5,45),(169,'logistix','2018-01-26 10:11:14','2018-01-26 10:11:14','logistix',0,'','\0',50,0,NULL,0,400,0,0,0,0,0,0,NULL,0,2018,110,5,46),(170,'logistix','2018-01-26 10:11:14','2018-01-26 10:11:14','logistix',0,'','\0',20,0,NULL,0,400,0,0,0,0,0,0,NULL,0,2018,110,5,47),(171,'logistix','2018-01-26 10:11:14','2018-01-26 10:11:14','logistix',0,'','\0',30,0,NULL,0,250,0,0,0,0,0,0,NULL,0,2018,110,5,48),(172,'logistix','2018-01-26 10:11:14','2018-01-26 10:11:14','logistix',0,'','\0',50,0,NULL,0,500,0,0,0,0,0,0,NULL,0,2018,110,5,49),(173,'logistix','2018-01-26 10:11:14','2018-01-26 10:11:14','logistix',0,'','\0',100,0,NULL,0,500,0,0,0,0,0,0,NULL,0,2018,110,5,50),(174,'logistix','2018-01-26 10:11:14','2018-01-26 10:11:14','logistix',0,'','\0',100,0,NULL,0,2200,0,0,0,0,0,0,NULL,0,2018,110,5,51),(175,'logistix','2018-01-26 10:11:14','2018-01-26 10:11:14','logistix',0,'','\0',20,0,NULL,0,400,0,0,0,0,0,0,NULL,0,2018,110,5,52),(176,'logistix','2018-01-26 10:11:14','2018-01-26 10:11:14','logistix',0,'','\0',100,0,NULL,0,900,0,0,0,0,0,0,NULL,0,2018,110,5,53),(177,'logistix','2018-01-26 10:11:14','2018-01-26 10:11:14','logistix',0,'','\0',0,0,NULL,0,0,0,0,0,0,0,0,NULL,0,2018,110,5,64),(178,'logistix','2018-01-26 10:11:14','2018-01-26 10:11:14','logistix',0,'','\0',0,0,NULL,0,0,0,0,0,0,0,0,NULL,0,2018,110,5,65),(179,'logistix','2018-01-26 10:11:14','2018-01-26 10:11:14','logistix',0,'','\0',200,0,NULL,0,2000,0,0,0,0,0,0,NULL,0,2018,110,5,67),(180,'logistix','2018-01-26 10:11:14','2018-01-26 10:11:14','logistix',0,'','\0',0,0,NULL,0,0,0,0,0,0,0,0,NULL,0,2018,110,5,68),(181,'logistix','2018-01-26 10:11:14','2018-01-26 10:11:14','logistix',0,'','\0',0,0,NULL,0,0,0,0,0,0,0,0,NULL,0,2018,110,5,69),(182,'logistix','2018-01-26 10:11:14','2018-01-26 10:11:14','logistix',0,'','\0',0,0,NULL,0,0,0,0,0,0,0,0,NULL,0,2018,110,5,70),(183,'logistix','2018-01-26 10:11:14','2018-01-26 10:11:14','logistix',0,'','\0',0,0,NULL,0,0,0,0,0,0,0,0,NULL,0,2018,110,5,71),(184,'logistix','2018-01-26 10:11:14','2018-01-26 10:11:14','logistix',0,'','\0',0,0,NULL,0,0,0,0,0,0,0,0,NULL,0,2018,110,5,72),(185,'logistix','2018-01-26 10:11:14','2018-01-26 10:11:14','logistix',0,'','\0',0,0,NULL,0,0,0,0,0,0,0,0,NULL,0,2018,110,5,73),(186,'logistix','2018-01-26 10:11:14','2018-01-26 10:11:14','logistix',0,'','\0',0,0,NULL,0,0,0,0,0,0,0,0,NULL,0,2018,110,5,74),(187,'logistix','2018-01-26 10:11:14','2018-01-26 10:11:14','logistix',0,'','\0',0,0,NULL,0,0,0,0,0,0,0,0,NULL,0,2018,110,5,75),(188,'logistix','2018-02-05 17:42:32','2018-02-15 12:31:11','logistix',0,'','\0',171,333,80,500,1847,1,222,333,0,0,0,NULL,1000,2018,119,5,44),(189,'logistix','2018-02-05 17:42:32','2018-02-05 17:42:32','logistix',0,'','\0',200,0,NULL,0,1400,1,0,0,0,0,0,NULL,0,2018,119,5,45),(190,'logistix','2018-02-05 17:42:32','2018-02-05 17:42:32','logistix',0,'','\0',376,0,NULL,0,5174,1,0,0,0,0,0,NULL,0,2018,119,5,46),(191,'logistix','2018-02-05 17:42:32','2018-02-05 17:42:32','logistix',0,'','\0',356,0,NULL,0,3208,1,0,0,0,0,0,NULL,0,2018,119,5,47),(192,'logistix','2018-02-05 17:42:32','2018-02-05 17:42:32','logistix',0,'','\0',218,0,NULL,0,1320,1,0,0,0,0,0,NULL,0,2018,119,5,48),(193,'logistix','2018-02-05 17:42:32','2018-02-05 17:42:32','logistix',0,'','\0',163,0,NULL,0,1290,1,0,0,0,0,0,NULL,0,2018,119,5,49),(194,'logistix','2018-02-05 17:42:32','2018-02-05 17:42:32','logistix',0,'','\0',0,0,NULL,0,0,1,0,0,0,0,0,NULL,0,2018,119,5,50),(195,'logistix','2018-02-05 17:42:32','2018-02-05 17:42:32','logistix',0,'','\0',150,0,NULL,0,900,1,0,0,0,0,0,NULL,0,2018,119,5,51),(196,'logistix','2018-02-05 17:42:32','2018-02-05 17:42:32','logistix',0,'','\0',200,0,NULL,0,1800,1,0,0,0,0,0,NULL,0,2018,119,5,52),(197,'logistix','2018-02-05 17:42:32','2018-02-05 17:42:32','logistix',0,'','\0',330,0,NULL,0,2280,1,0,0,0,0,0,NULL,0,2018,119,5,53),(198,'logistix','2018-02-05 17:42:32','2018-02-05 17:42:32','logistix',0,'','\0',80,0,NULL,0,400,1,0,0,0,0,0,NULL,0,2018,119,5,64),(199,'logistix','2018-02-05 17:42:32','2018-02-05 17:42:32','logistix',0,'','\0',0,0,NULL,0,0,1,0,0,0,0,0,NULL,0,2018,119,5,65),(200,'logistix','2018-02-05 17:42:32','2018-02-05 17:42:32','logistix',0,'','\0',335,0,NULL,0,4180,1,0,0,0,0,0,NULL,0,2018,119,5,67),(201,'logistix','2018-02-05 17:42:32','2018-02-05 17:42:32','logistix',0,'','\0',56,0,NULL,0,1050,1,0,0,0,0,0,NULL,0,2018,119,5,68),(202,'logistix','2018-02-05 17:42:32','2018-02-05 17:42:32','logistix',0,'','\0',370,0,NULL,0,3750,1,0,0,0,0,0,NULL,0,2018,119,5,69),(203,'logistix','2018-02-05 17:42:32','2018-02-05 17:42:32','logistix',0,'','\0',0,0,NULL,0,0,1,0,0,0,0,0,NULL,0,2018,119,5,70),(204,'logistix','2018-02-05 17:42:32','2018-02-05 17:42:32','logistix',0,'','\0',0,0,NULL,0,0,1,0,0,0,0,0,NULL,0,2018,119,5,71),(205,'logistix','2018-02-05 17:42:32','2018-02-05 17:42:32','logistix',0,'','\0',100,0,NULL,0,1000,1,0,0,0,0,0,NULL,0,2018,119,5,72),(206,'logistix','2018-02-05 17:42:32','2018-02-05 17:42:32','logistix',0,'','\0',0,0,NULL,0,0,1,0,0,0,0,0,NULL,0,2018,119,5,73),(207,'logistix','2018-02-05 17:42:32','2018-02-05 17:42:32','logistix',0,'','\0',0,0,NULL,0,0,1,0,0,0,0,0,NULL,0,2018,119,5,74),(208,'logistix','2018-02-05 17:42:32','2018-02-05 17:42:32','logistix',0,'','\0',0,0,NULL,0,0,1,0,0,0,0,0,NULL,0,2018,119,5,75),(209,'logistix','2018-03-14 08:15:47','2018-03-14 08:15:47','logistix',0,'','\0',0,0,NULL,0,0,2,0,0,0,0,0,NULL,0,2018,156,5,44),(210,'logistix','2018-03-14 08:15:47','2018-03-14 08:15:47','logistix',0,'','\0',0,0,NULL,0,0,2,0,0,0,0,0,NULL,0,2018,156,5,45),(211,'logistix','2018-03-14 08:15:47','2018-03-14 08:15:47','logistix',0,'','\0',0,0,NULL,0,0,2,0,0,0,0,0,NULL,0,2018,156,5,46),(212,'logistix','2018-03-14 08:15:47','2018-03-14 08:15:47','logistix',0,'','\0',0,0,NULL,0,0,2,0,0,0,0,0,NULL,0,2018,156,5,47),(213,'logistix','2018-03-14 08:15:47','2018-03-14 08:15:47','logistix',0,'','\0',0,0,NULL,0,0,2,0,0,0,0,0,NULL,0,2018,156,5,48),(214,'logistix','2018-03-14 08:15:47','2018-03-14 08:15:47','logistix',0,'','\0',0,0,NULL,0,0,2,0,0,0,0,0,NULL,0,2018,156,5,49),(215,'logistix','2018-03-14 08:15:47','2018-03-14 08:15:47','logistix',0,'','\0',0,0,NULL,0,0,2,0,0,0,0,0,NULL,0,2018,156,5,50),(216,'logistix','2018-03-14 08:15:47','2018-03-14 08:15:47','logistix',0,'','\0',0,0,NULL,0,0,2,0,0,0,0,0,NULL,0,2018,156,5,51),(217,'logistix','2018-03-14 08:15:47','2018-03-14 08:15:47','logistix',0,'','\0',0,0,NULL,0,0,2,0,0,0,0,0,NULL,0,2018,156,5,52),(218,'logistix','2018-03-14 08:15:47','2018-03-14 08:15:47','logistix',0,'','\0',0,0,NULL,0,0,2,0,0,0,0,0,NULL,0,2018,156,5,53),(219,'logistix','2018-03-14 08:15:47','2018-03-14 08:15:47','logistix',0,'','\0',0,0,NULL,0,0,2,0,0,0,0,0,NULL,0,2018,156,5,64),(220,'logistix','2018-03-14 08:15:47','2018-03-14 08:15:47','logistix',0,'','\0',0,0,NULL,0,0,2,0,0,0,0,0,NULL,0,2018,156,5,65),(221,'logistix','2018-03-14 08:15:47','2018-03-14 08:15:47','logistix',0,'','\0',0,0,NULL,0,0,2,0,0,0,0,0,NULL,0,2018,156,5,67),(222,'logistix','2018-03-14 08:15:47','2018-03-14 08:15:47','logistix',0,'','\0',0,0,NULL,0,0,2,0,0,0,0,0,NULL,0,2018,156,5,68),(223,'logistix','2018-03-14 08:15:47','2018-03-14 08:15:47','logistix',0,'','\0',0,0,NULL,0,0,2,0,0,0,0,0,NULL,0,2018,156,5,69),(224,'logistix','2018-03-14 08:15:47','2018-03-14 08:15:47','logistix',0,'','\0',0,0,NULL,0,0,2,0,0,0,0,0,NULL,0,2018,156,5,70),(225,'logistix','2018-03-14 08:15:47','2018-03-14 08:15:47','logistix',0,'','\0',0,0,NULL,0,0,2,0,0,0,0,0,NULL,0,2018,156,5,71),(226,'logistix','2018-03-14 08:15:47','2018-03-14 08:15:47','logistix',0,'','\0',0,0,NULL,0,0,2,0,0,0,0,0,NULL,0,2018,156,5,72),(227,'logistix','2018-03-14 08:15:47','2018-03-14 08:15:47','logistix',0,'','\0',0,0,NULL,0,0,2,0,0,0,0,0,NULL,0,2018,156,5,73),(228,'logistix','2018-03-14 08:15:47','2018-03-14 08:15:47','logistix',0,'','\0',0,0,NULL,0,0,2,0,0,0,0,0,NULL,0,2018,156,5,74),(229,'logistix','2018-03-14 08:15:47','2018-03-14 08:15:47','logistix',0,'','\0',0,0,NULL,0,0,2,0,0,0,0,0,NULL,0,2018,156,5,75),(230,'logistix','2018-04-10 18:57:40','2018-04-17 12:18:58','logistix',0,'\0','\0',100,390,1234,500,561,3,440,200,0,0,2811.3850708007812,NULL,2400,2018,183,5,44),(231,'logistix','2018-04-10 18:57:40','2018-04-12 07:53:42','logistix',0,'','\0',230,430,0,1000,1730,3,100,300,0,0,0,NULL,1500,2018,183,5,45),(232,'logistix','2018-04-10 18:57:40','2018-04-12 07:54:10','logistix',0,'','\0',75,300,0,500,1192,3,50,200,0,0,0,NULL,800,2018,183,5,46),(233,'logistix','2018-04-10 18:57:40','2018-04-12 07:55:52','logistix',0,'','\0',231,300,0,650,2028,3,45,300,0,0,0,NULL,1000,2018,183,5,47),(234,'logistix','2018-04-10 18:57:40','2018-04-12 07:56:27','logistix',0,'','\0',120,400,0,1000,900,3,40,300,0,0,0,NULL,1000,2018,183,5,48),(235,'logistix','2018-04-10 18:57:40','2018-04-10 18:57:40','logistix',0,'','\0',100,0,NULL,0,800,3,0,0,0,0,0,NULL,0,2018,183,5,49),(236,'logistix','2018-04-10 18:57:40','2018-04-10 18:57:40','logistix',0,'','\0',0,0,NULL,0,0,3,0,0,0,0,0,NULL,0,2018,183,5,50),(237,'logistix','2018-04-10 18:57:40','2018-04-10 18:57:40','logistix',0,'','\0',150,0,NULL,0,900,3,0,0,0,0,0,NULL,0,2018,183,5,51),(238,'logistix','2018-04-10 18:57:40','2018-04-10 18:57:40','logistix',0,'','\0',150,0,NULL,0,1350,3,0,0,0,0,0,NULL,0,2018,183,5,52),(239,'logistix','2018-04-10 18:57:40','2018-04-10 18:57:40','logistix',0,'','\0',330,0,NULL,0,2280,3,0,0,0,0,0,NULL,0,2018,183,5,53),(240,'logistix','2018-04-10 18:57:40','2018-04-10 18:57:40','logistix',0,'','\0',80,0,NULL,0,400,3,0,0,0,0,0,NULL,0,2018,183,5,64),(241,'logistix','2018-04-10 18:57:40','2018-04-10 18:57:40','logistix',0,'','\0',50,0,NULL,0,1000,3,0,0,0,0,0,NULL,0,2018,183,5,65),(242,'logistix','2018-04-10 18:57:40','2018-04-10 18:57:40','logistix',0,'','\0',335,0,NULL,0,4180,3,0,0,0,0,0,NULL,0,2018,183,5,67),(243,'logistix','2018-04-10 18:57:40','2018-04-10 18:57:40','logistix',0,'','\0',56,0,NULL,0,1050,3,0,0,0,0,0,NULL,0,2018,183,5,68),(244,'logistix','2018-04-10 18:57:40','2018-04-10 18:57:40','logistix',0,'','\0',370,0,NULL,0,3750,3,0,0,0,0,0,NULL,0,2018,183,5,69),(245,'logistix','2018-04-10 18:57:40','2018-04-10 18:57:40','logistix',0,'','\0',0,0,NULL,0,0,3,0,0,0,0,0,NULL,0,2018,183,5,70),(246,'logistix','2018-04-10 18:57:40','2018-04-10 18:57:40','logistix',0,'','\0',0,0,NULL,0,0,3,0,0,0,0,0,NULL,0,2018,183,5,71),(247,'logistix','2018-04-10 18:57:40','2018-04-10 18:57:40','logistix',0,'','\0',100,0,NULL,0,1000,3,0,0,0,0,0,NULL,0,2018,183,5,72),(248,'logistix','2018-04-10 18:57:40','2018-04-10 18:57:40','logistix',0,'','\0',0,0,NULL,0,0,3,0,0,0,0,0,NULL,0,2018,183,5,73),(249,'logistix','2018-04-10 18:57:40','2018-04-10 18:57:40','logistix',0,'','\0',0,0,NULL,0,0,3,0,0,0,0,0,NULL,0,2018,183,5,74),(250,'logistix','2018-04-10 18:57:40','2018-04-10 18:57:40','logistix',0,'','\0',0,0,NULL,0,0,3,0,0,0,0,0,NULL,0,2018,183,5,75),(251,'otto','2018-04-17 11:21:02','2018-04-19 11:46:16','otto',0,'','\0',20,3000,500,350,200,3,10,0,0,0,0,NULL,900,2018,190,14,179),(252,'otto','2018-04-17 11:21:02','2018-04-19 11:46:36','otto',0,'','\0',0,1500,250,350,0,3,10,0,0,0,0,NULL,1000,2018,190,14,180),(253,'otto','2018-04-17 11:21:02','2018-04-19 11:46:57','otto',0,'','\0',50,1500,250,350,550,3,10,0,0,0,0,NULL,1000,2018,190,14,181),(254,'otto','2018-04-17 11:21:02','2018-04-19 11:47:14','otto',0,'','\0',120,0,0,350,1200,3,10,0,0,0,0,NULL,1000,2018,190,14,182),(255,'otto','2018-04-17 11:21:02','2018-04-19 11:47:30','otto',0,'','\0',0,0,0,350,0,3,10,0,0,0,0,NULL,800,2018,190,14,183),(256,'otto','2018-04-17 12:44:51','2018-04-19 11:48:18','otto',0,'','\0',0,1200,200,350,0,3,10,0,0,0,0,NULL,800,2018,190,14,184),(257,'otto','2018-04-18 08:34:51','2018-04-23 10:57:52','otto',0,'','\0',140,3500,650,350,1650,3,10,0,0,0,0,NULL,900,2018,191,14,185),(258,'otto','2018-04-19 12:35:18','2018-04-19 12:35:18','otto',0,'','\0',20,0,NULL,0,500,3,0,0,0,0,0,NULL,0,2018,192,14,186),(259,'otto','2018-04-19 12:35:18','2018-04-19 12:35:18','otto',0,'','\0',30,0,NULL,0,600,3,0,0,0,0,0,NULL,0,2018,192,14,187),(260,'otto','2018-04-19 12:35:18','2018-04-19 12:35:18','otto',0,'','\0',0,0,NULL,0,0,3,0,0,0,0,0,NULL,0,2018,192,14,188),(261,'otto','2018-05-02 06:30:29','2018-05-11 09:34:06','otto',0,'\0','\0',90,1250,250,600,2450,4,10,0,0,0,2200,NULL,1000,2018,204,14,179),(262,'otto','2018-05-02 06:30:29','2018-05-04 08:51:46','otto',0,'','\0',30,0,0,600,160,4,10,0,0,0,0,NULL,800,2018,204,14,181),(263,'otto','2018-05-02 06:30:29','2018-05-04 08:52:10','otto',0,'','\0',150,0,0,600,2750,4,10,0,0,0,0,NULL,1200,2018,204,14,182),(264,'otto','2018-05-02 06:30:29','2018-05-02 06:30:29','otto',0,'','\0',0,0,NULL,0,0,4,0,0,0,0,0,NULL,0,2018,204,14,184),(265,'otto','2018-05-02 06:30:29','2018-05-02 06:30:29','otto',0,'','\0',0,0,NULL,0,0,4,0,0,0,0,0,NULL,0,2018,204,14,185),(266,'otto','2018-05-02 06:30:29','2018-05-02 06:30:29','otto',0,'','\0',0,0,NULL,0,0,4,0,0,0,0,0,NULL,0,2018,204,14,186),(267,'otto','2018-05-02 06:30:29','2018-05-02 06:30:29','otto',0,'','\0',0,0,NULL,0,0,4,0,0,0,0,0,NULL,0,2018,204,14,187),(268,'otto','2018-05-02 06:30:29','2018-05-02 06:30:29','otto',0,'','\0',0,0,NULL,0,0,4,0,0,0,0,0,NULL,0,2018,204,14,188),(269,'logistix','2018-05-04 13:37:03','2018-05-04 13:37:03','logistix',0,'','\0',0,0,NULL,0,0,4,0,0,0,0,0,NULL,0,2018,206,5,44),(270,'logistix','2018-05-04 13:37:03','2018-05-04 13:37:03','logistix',0,'','\0',0,0,NULL,0,0,4,0,0,0,0,0,NULL,0,2018,206,5,45),(271,'logistix','2018-05-04 13:37:03','2018-05-04 13:37:03','logistix',0,'','\0',0,0,NULL,0,0,4,0,0,0,0,0,NULL,0,2018,206,5,46),(272,'logistix','2018-05-04 13:37:03','2018-05-04 13:37:03','logistix',0,'','\0',0,0,NULL,0,0,4,0,0,0,0,0,NULL,0,2018,206,5,47),(273,'logistix','2018-05-04 13:37:03','2018-05-04 13:37:03','logistix',0,'','\0',0,0,NULL,0,0,4,0,0,0,0,0,NULL,0,2018,206,5,48),(274,'logistix','2018-05-04 13:37:03','2018-05-04 13:37:03','logistix',0,'','\0',0,0,NULL,0,0,4,0,0,0,0,0,NULL,0,2018,206,5,49),(275,'logistix','2018-05-04 13:37:03','2018-05-04 13:37:03','logistix',0,'','\0',0,0,NULL,0,0,4,0,0,0,0,0,NULL,0,2018,206,5,50),(276,'logistix','2018-05-04 13:37:03','2018-05-04 13:37:03','logistix',0,'','\0',0,0,NULL,0,0,4,0,0,0,0,0,NULL,0,2018,206,5,51),(277,'logistix','2018-05-04 13:37:03','2018-05-04 13:37:03','logistix',0,'','\0',0,0,NULL,0,0,4,0,0,0,0,0,NULL,0,2018,206,5,52),(278,'logistix','2018-05-04 13:37:03','2018-05-04 13:37:03','logistix',0,'','\0',0,0,NULL,0,0,4,0,0,0,0,0,NULL,0,2018,206,5,53),(279,'logistix','2018-05-04 13:37:03','2018-05-04 13:37:03','logistix',0,'','\0',0,0,NULL,0,0,4,0,0,0,0,0,NULL,0,2018,206,5,64),(280,'logistix','2018-05-04 13:37:04','2018-05-04 13:37:04','logistix',0,'','\0',0,0,NULL,0,0,4,0,0,0,0,0,NULL,0,2018,206,5,65),(281,'logistix','2018-05-04 13:37:04','2018-05-04 13:37:04','logistix',0,'','\0',0,0,NULL,0,0,4,0,0,0,0,0,NULL,0,2018,206,5,67),(282,'logistix','2018-05-04 13:37:04','2018-05-04 13:37:04','logistix',0,'','\0',0,0,NULL,0,0,4,0,0,0,0,0,NULL,0,2018,206,5,68),(283,'logistix','2018-05-04 13:37:04','2018-05-04 13:37:04','logistix',0,'','\0',0,0,NULL,0,0,4,0,0,0,0,0,NULL,0,2018,206,5,69),(284,'logistix','2018-05-04 13:37:04','2018-05-04 13:37:04','logistix',0,'','\0',0,0,NULL,0,0,4,0,0,0,0,0,NULL,0,2018,206,5,70),(285,'logistix','2018-05-04 13:37:04','2018-05-04 13:37:04','logistix',0,'','\0',0,0,NULL,0,0,4,0,0,0,0,0,NULL,0,2018,206,5,71),(286,'logistix','2018-05-04 13:37:04','2018-05-04 13:37:04','logistix',0,'','\0',0,0,NULL,0,0,4,0,0,0,0,0,NULL,0,2018,206,5,72),(287,'logistix','2018-05-04 13:37:04','2018-05-04 13:37:04','logistix',0,'','\0',0,0,NULL,0,0,4,0,0,0,0,0,NULL,0,2018,206,5,73),(288,'logistix','2018-05-04 13:37:04','2018-05-04 13:37:04','logistix',0,'','\0',0,0,NULL,0,0,4,0,0,0,0,0,NULL,0,2018,206,5,74),(289,'logistix','2018-05-04 13:37:04','2018-05-04 13:37:04','logistix',0,'','\0',0,0,NULL,0,0,4,0,0,0,0,0,NULL,0,2018,206,5,75);
/*!40000 ALTER TABLE `financial_rep` ENABLE KEYS */;
UNLOCK TABLES;

--
-- Table structure for table `licenses`
--

DROP TABLE IF EXISTS `licenses`;
/*!40101 SET @saved_cs_client     = @@character_set_client */;
/*!40101 SET character_set_client = utf8 */;
CREATE TABLE `licenses` (
  `id` bigint(20) NOT NULL AUTO_INCREMENT,
  `currency` varchar(255) DEFAULT NULL,
  `name` varchar(255) DEFAULT NULL,
  `price` int(11) NOT NULL,
  PRIMARY KEY (`id`)
) ENGINE=InnoDB AUTO_INCREMENT=4 DEFAULT CHARSET=latin1;
/*!40101 SET character_set_client = @saved_cs_client */;

--
-- Dumping data for table `licenses`
--

LOCK TABLES `licenses` WRITE;
/*!40000 ALTER TABLE `licenses` DISABLE KEYS */;
INSERT INTO `licenses` VALUES (1,'EUR','ORDERS',20),(2,'EUR','FLEET',10),(3,'EUR','FINANCIAL',15);
/*!40000 ALTER TABLE `licenses` ENABLE KEYS */;
UNLOCK TABLES;

--
-- Table structure for table `load_locations`
--

DROP TABLE IF EXISTS `load_locations`;
/*!40101 SET @saved_cs_client     = @@character_set_client */;
/*!40101 SET character_set_client = utf8 */;
CREATE TABLE `load_locations` (
  `id` bigint(20) NOT NULL AUTO_INCREMENT,
  `created_by` varchar(255) DEFAULT NULL,
  `created_date` datetime DEFAULT NULL,
  `last_update_date` datetime DEFAULT NULL,
  `updated_by` varchar(255) DEFAULT NULL,
  `version` int(11) NOT NULL,
  `address` varchar(255) DEFAULT NULL,
  `city` varchar(255) DEFAULT NULL,
  `company` varchar(255) DEFAULT NULL,
  `country` varchar(255) DEFAULT NULL,
  `date` datetime DEFAULT NULL,
  `deleted` bit(1) NOT NULL,
  `loading_number` int(11) DEFAULT NULL,
  `order_id` bigint(20) DEFAULT NULL,
  `customer_id` bigint(20) DEFAULT NULL,
  PRIMARY KEY (`id`),
  KEY `FKltffhm13rkmljo8nnckh06iuc` (`order_id`),
  KEY `FKd5tr0ce8fw2b00ru4i6ynwslm` (`customer_id`),
  CONSTRAINT `FKd5tr0ce8fw2b00ru4i6ynwslm` FOREIGN KEY (`customer_id`) REFERENCES `customers` (`id`),
  CONSTRAINT `FKltffhm13rkmljo8nnckh06iuc` FOREIGN KEY (`order_id`) REFERENCES `orders` (`id`)
) ENGINE=InnoDB AUTO_INCREMENT=562 DEFAULT CHARSET=latin1;
/*!40101 SET character_set_client = @saved_cs_client */;

--
-- Dumping data for table `load_locations`
--

LOCK TABLES `load_locations` WRITE;
/*!40000 ALTER TABLE `load_locations` DISABLE KEYS */;
INSERT INTO `load_locations` VALUES (342,'logistix','2018-01-25 10:32:15','2018-01-25 14:55:30','logistix',0,'Strada Selimbarului nr. 9','400000 Cluj','Top Trans ','Romania','2018-01-02 00:00:00','\0',1,278,5),(343,'logistix','2018-01-25 10:44:41','2018-01-25 14:54:57','logistix',0,'Teugels Street','3600 Genk','Darton Inc','Romania','2018-01-03 00:00:00','\0',1,279,5),(344,'logistix','2018-01-25 11:07:27','2018-01-25 14:54:19','logistix',0,'Dominic nr.2','08001 Barcelona','Atlantic Express','Romania','2018-01-04 00:00:00','\0',1,280,5),(345,'logistix','2018-01-25 11:16:46','2018-01-25 14:53:55','logistix',0,'Gediminas nr.4','05120 Vilnius','Big Blue Bus','Romania','2018-01-07 00:00:00','\0',1,281,5),(346,'logistix','2018-01-25 11:25:03','2018-01-25 14:53:28','logistix',0,'Andrssy t','6700 Szeged','Con-Way Freight','Romania','2018-01-05 00:00:00','\0',1,282,5),(347,'logistix','2018-01-25 11:31:55','2018-01-25 14:52:55','logistix',0,'Rue Faller','1200 Geneva','Dart Transit Company','Romania','2018-01-05 00:00:00','\0',1,283,5),(348,'logistix','2018-01-25 11:38:23','2018-01-25 14:52:16','logistix',0,'Rue Sainte-Catherine','30072 Bordeaux','Fairrington Transportation','Romania','2018-01-08 00:00:00','\0',1,284,5),(349,'logistix','2018-01-25 11:43:30','2018-01-25 14:50:57','logistix',0,'Statgarden','44135 Dortmund','JB Hunt Transport','Romania','2018-01-09 00:00:00','\0',1,285,5),(350,'logistix','2018-01-25 11:47:40','2018-01-25 14:49:45','logistix',0,'Rue de l\'Arbre-Sec','69000 Lyon','Le Bus','Romania','2018-01-09 00:00:00','\0',1,286,5),(351,'logistix','2018-01-25 12:02:07','2018-01-25 12:16:41','logistix',0,'Barrio Santa Cruz','Seville','Palletized Trucking Inc.','Spain','2018-01-26 00:00:00','',1,287,5),(352,'logistix','2018-01-25 12:02:22','2018-01-25 12:30:11','logistix',0,'Barrio Santa Cruz','Seville','Palletized Trucking Inc.','Spain','2018-01-26 00:00:00','',2,287,5),(353,'logistix','2018-01-25 12:03:09','2018-01-25 12:30:08','logistix',0,'Barrio Santa Cruz','Seville','Palletized Trucking Inc.','Spain','2018-01-26 00:00:00','',3,287,5),(354,'logistix','2018-01-25 12:04:25','2018-01-25 12:30:06','logistix',0,'Barrio Santa Cruz','Seville','Palletized Trucking Inc.','Spain','2018-01-26 00:00:00','',4,287,5),(355,'logistix','2018-01-25 12:05:01','2018-01-25 12:30:04','logistix',0,'Barrio Santa Cruz','Seville','Palletized Trucking Inc','Spain','2018-01-26 00:00:00','',5,287,5),(356,'logistix','2018-01-25 12:05:18','2018-01-25 12:30:03','logistix',0,'Barrio Santa Cruz','Seville','Palletized Trucking Inc','Spain','2018-01-26 00:00:00','',6,287,5),(357,'logistix','2018-01-25 12:12:03','2018-01-25 12:30:00','logistix',0,'Boblingen','Stuttgart','Post Oak Auto Transport Inc.','Germany','2018-01-28 00:00:00','',7,287,5),(358,'logistix','2018-01-25 12:25:50','2018-01-25 14:46:37','logistix',0,'Lockarp','2111 Malmo','PMA Transportation','Romania','2018-01-25 00:00:00','\0',1,288,5),(359,'logistix','2018-01-25 12:29:12','2018-01-25 14:48:02','logistix',0,'Esslingen','70000 Stuttgart','Schneider National Inc.','Romania','2018-01-26 00:00:00','\0',2,288,5),(360,'logistix','2018-01-25 12:44:50','2018-01-25 14:48:50','logistix',0,'Amiralsgatan 12','2111 Malmo','PMA Transportation Inc.','Romania','2018-01-24 00:00:00','\0',1,287,5),(361,'logistix','2018-01-25 13:05:57','2018-01-25 14:45:50','logistix',0,'Telekfold hrsz 0143','4660 Balmazujvaros','Puszta KFT','Romania','2018-02-11 00:00:00','\0',1,289,5),(362,'logistix','2018-01-25 13:09:31','2018-01-25 14:45:06','logistix',0,'Statnsingel 121','1016 Rotterdam','Unilever','Romania','2018-02-12 00:00:00','\0',1,290,5),(363,'logistix','2018-01-25 13:40:51','2018-01-25 14:44:40','logistix',0,'Voltastrasse 332','60306 Frankfurt','Agility Logistics GmbH','Romania','2018-02-06 00:00:00','\0',1,291,5),(364,'logistix','2018-01-25 13:43:13','2018-01-25 14:43:51','logistix',0,'BD Victor Hugo 1123','44000 Nantes','Bollore Logistics','Romania','2018-02-14 00:00:00','\0',1,292,5),(365,'logistix','2018-01-25 14:07:44','2018-01-25 14:43:24','logistix',0,'Bd Cambiac 12','31000 Toulouse','Steff','Romania','2018-02-02 00:00:00','\0',1,293,5),(366,'logistix','2018-01-25 14:18:39','2018-01-25 14:18:40','logistix',0,'Osterstrae 10','30159 Hanover','Primark GmbH','Germany','2018-02-05 00:00:00','\0',1,294,5),(367,'logistix','2018-01-25 14:28:01','2018-01-25 14:28:02','logistix',0,'Waltersdorf 8','12529 Berlin','Ikea','Germany','2018-02-16 00:00:00','\0',1,295,5),(368,'logistix','2018-01-25 14:31:13','2018-01-25 14:31:13','logistix',0,'Boostenweg 755','2610 Antwerpen','Ikea','Belgium','2018-02-19 00:00:00','\0',1,297,5),(369,'logistix','2018-01-25 14:34:26','2018-01-25 14:42:53','logistix',0,'Calea Clujului nr.8','400000 Cluj','Destro Inc','Romania','2018-02-03 00:00:00','\0',1,296,5),(370,'logistix','2018-01-25 14:38:41','2018-01-25 14:38:41','logistix',0,'Landsberger 29','82110 Munich','Germering GmbH ','Germany','2018-02-22 00:00:00','\0',1,299,5),(371,'logistix','2018-01-25 14:40:55','2018-01-25 14:42:20','logistix',0,'Str. Republicii','410000 Oradea','Superior Carriers Inc.','Romania','2018-02-06 00:00:00','\0',1,300,5),(372,'logistix','2018-01-25 14:41:27','2018-01-25 14:41:27','logistix',0,'Werziers 1233','13013 Marseille','Carrefour','France','2018-02-14 00:00:00','\0',1,301,5),(373,'logistix','2018-01-25 14:46:08','2018-01-25 14:56:08','logistix',0,'Calea Sagului nr.8','300254 Timisoara','Thompson Cargo Specialists','Romania','2018-02-08 00:00:00','\0',1,302,5),(374,'logistix','2018-01-25 14:55:20','2018-01-25 14:57:10','logistix',0,'Kernen','70178 Stuttgart','Trinity Railway Express','Romania','2018-02-15 00:00:00','\0',1,303,5),(375,'logistix','2018-01-25 15:01:40','2018-01-25 15:01:41','logistix',0,'Aarbergergasse','3010 Berna','Atlantic Express','Switzerland','2018-02-03 00:00:00','\0',1,304,5),(376,'logistix','2018-01-25 15:05:56','2018-01-26 07:52:32','logistix',0,'Roktinca','80012 Gdansk','Con-Way Freight','Romania','2018-02-08 00:00:00','\0',1,305,5),(377,'logistix','2018-01-25 15:15:41','2018-01-25 15:15:41','logistix',0,'Zoologice zahrady 4','63500 Brno','Zoo Brno','Czech Republic','2018-02-14 00:00:00','\0',1,306,5),(378,'logistix','2018-01-25 15:17:12','2018-01-25 15:17:12','logistix',0,'35 Rue Jean Jaures','94350 Villiers Sur Marne','Ikea','France','2018-02-12 00:00:00','\0',1,307,5),(379,'logistix','2018-01-25 15:19:07','2018-02-16 11:19:21','logistix',0,'Balendijk 161','3920 Lommel','Phillips','Belgium','2018-02-19 00:00:00','',1,308,5),(380,'logistix','2018-01-25 15:21:58','2018-01-25 15:21:58','logistix',0,'52 Rue Raubuteau ','75003 Paris','Leroy Merlin','France','2018-02-16 00:00:00','\0',1,309,5),(381,'logistix','2018-01-25 16:40:30','2018-02-16 11:19:44','logistix',0,'Damme','8000 Brugge','Seaboard Marine','Belgium','2018-02-07 00:00:00','',1,310,5),(382,'logistix','2018-01-25 16:49:54','2018-01-25 16:51:27','logistix',0,'Rue Cler','75000 Paris','Superior Carriers Inc.','France','2018-02-15 00:00:00','\0',1,311,5),(383,'logistix','2018-01-25 16:57:20','2018-01-25 16:57:20','logistix',0,'Eving','44134 Dortmund','N-Motion Trans','Germany','2018-02-21 00:00:00','\0',1,312,5),(384,'logistix','2018-01-25 17:01:03','2018-01-25 17:01:03','logistix',0,'Offenbach','60306 Frankfurt','Pride Transport','France','2018-02-27 00:00:00','\0',2,312,5),(385,'logistix','2018-01-25 17:01:14','2018-01-25 17:01:14','logistix',0,'Offenbach','60306 Frankfurt','Pride Transport','France','2018-02-28 00:00:00','\0',3,312,5),(386,'logistix','2018-01-25 17:01:17','2018-01-25 17:01:17','logistix',0,'Offenbach','60306 Frankfurt','Pride Transport','France','2018-02-28 00:00:00','\0',4,312,5),(387,'logistix','2018-01-25 17:06:13','2018-01-25 17:07:40','logistix',0,'Pinneberg','20095 Hamburg','JB Hunt Transport','Germany','2018-02-14 00:00:00','\0',1,313,5),(388,'logistix','2018-01-25 17:11:42','2018-01-25 17:13:09','logistix',0,'Borcs','9000 Gyor ','AC Transit','Hungary','2018-02-07 00:00:00','\0',1,314,5),(389,'logistix','2018-01-25 17:19:40','2018-01-26 07:52:13','logistix',0,'Edelstal','81102 Bratislava','Enterprise Transportation','Romania','2018-02-15 00:00:00','\0',1,315,5),(390,'logistix','2018-01-25 17:22:20','2018-01-25 17:22:21','logistix',0,'Kriens','6000 Lucerne','Navistar','Switzerland','2018-02-19 00:00:00','\0',2,315,5),(391,'logistix','2018-01-25 17:27:17','2018-01-25 17:27:17','logistix',0,'Eze','06100 Nice','Big Blue Bus','France','2018-02-15 00:00:00','\0',1,316,5),(392,'logistix','2018-01-25 17:29:47','2018-01-25 17:29:47','logistix',0,'Trzib','1210 Ljubljana','DMA Transportation ','Slovenia','2018-02-19 00:00:00','\0',2,316,5),(393,'logistix','2018-01-25 17:41:00','2018-01-26 07:52:49','logistix',0,'Rudna','16000 Prague','N-Motion Trans','Romania','2018-02-03 00:00:00','\0',1,317,5),(394,'logistix','2018-01-25 17:43:50','2018-01-25 17:43:50','logistix',0,'Rethen','30159 Hanover','Prime Trans','Germany','2018-02-07 00:00:00','\0',2,317,5),(395,'logistix','2018-01-25 17:48:24','2018-01-25 17:48:24','logistix',0,'Grebenka','200015 Minsk','Sharkey Inc','Belarus','2018-02-10 00:00:00','\0',1,318,5),(396,'logistix','2018-01-25 17:51:51','2018-01-25 17:51:51','logistix',0,'Juhmo','01620 Vantaa ','Clipper Trans','Finland','2018-02-17 00:00:00','\0',2,318,5),(397,'logistix','2018-01-25 17:57:06','2018-01-25 17:57:06','logistix',0,'Frascati','00118 Roma','Thompson Cargo Inc','Italy','2018-02-05 00:00:00','\0',1,319,5),(398,'logistix','2018-01-25 17:59:53','2018-01-31 09:26:42','logistix',0,'Penselo','4800 Guimaraes','Auto Transport Inc','Portugal','2018-02-13 00:00:00','\0',2,319,5),(399,'logistix','2018-01-26 11:29:22','2018-01-26 11:29:22','logistix',0,'Traian nr. 14','Zalau','Firma A','Romania','2018-01-29 00:00:00','\0',1,320,5),(400,'logistix','2018-02-15 06:44:32','2018-02-15 06:44:32','logistix',0,'Clujului 123','Oradea','Plastor','Romania','2018-02-16 00:00:00','\0',1,329,5),(401,'logistix','2018-02-15 12:13:55','2018-02-15 12:13:55','logistix',0,'strazii nr4','Oradea','XYZ SRL-D','Romania','2018-02-15 00:00:00','\0',1,330,5),(402,'logistix','2018-03-13 18:47:43','2018-03-14 09:00:26','logistix',0,'x','ORadea','astormurleler','American Samoa','2018-03-17 00:00:00','',1,331,5),(403,'logistix','2018-04-10 18:41:48','2018-04-10 18:41:48','logistix',0,'strazii nr4','Oradea','XYZ SRL-D','Romania','2018-03-15 00:00:00','\0',1,332,5),(404,'logistix','2018-04-10 18:41:48','2018-04-10 18:41:48','logistix',0,'Clujului 123','Oradea','Plastor','Romania','2018-03-16 00:00:00','\0',1,333,5),(405,'logistix','2018-04-10 18:41:48','2018-04-10 18:41:48','logistix',0,'Traian nr. 14','Zalau','Firma A','Romania','2018-02-28 00:00:00','\0',1,334,5),(406,'logistix','2018-04-10 18:41:48','2018-04-10 18:41:48','logistix',0,'Frascati','00118 Roma','Thompson Cargo Inc','Italy','2018-03-05 00:00:00','\0',1,335,5),(407,'logistix','2018-04-10 18:41:48','2018-04-10 18:41:48','logistix',0,'Penselo','4800 Guimaraes','Auto Transport Inc','Portugal','2018-03-13 00:00:00','\0',2,335,5),(408,'logistix','2018-04-10 18:41:48','2018-04-10 18:41:48','logistix',0,'Grebenka','200015 Minsk','Sharkey Inc','Belarus','2018-03-10 00:00:00','\0',1,336,5),(409,'logistix','2018-04-10 18:41:48','2018-04-10 18:41:48','logistix',0,'Juhmo','01620 Vantaa ','Clipper Trans','Finland','2018-03-17 00:00:00','\0',2,336,5),(410,'logistix','2018-04-10 18:41:48','2018-04-10 18:41:48','logistix',0,'Rudna','16000 Prague','N-Motion Trans','Romania','2018-03-03 00:00:00','\0',1,337,5),(411,'logistix','2018-04-10 18:41:48','2018-04-10 18:41:48','logistix',0,'Rethen','30159 Hanover','Prime Trans','Germany','2018-03-07 00:00:00','\0',2,337,5),(412,'logistix','2018-04-10 18:41:48','2018-04-10 18:41:48','logistix',0,'Eze','06100 Nice','Big Blue Bus','France','2018-03-15 00:00:00','\0',1,338,5),(413,'logistix','2018-04-10 18:41:48','2018-04-10 18:41:48','logistix',0,'Trzib','1210 Ljubljana','DMA Transportation ','Slovenia','2018-03-19 00:00:00','\0',2,338,5),(414,'logistix','2018-04-10 18:41:48','2018-04-10 18:41:48','logistix',0,'Edelstal','81102 Bratislava','Enterprise Transportation','Romania','2018-03-15 00:00:00','\0',1,339,5),(415,'logistix','2018-04-10 18:41:48','2018-04-10 18:41:48','logistix',0,'Kriens','6000 Lucerne','Navistar','Switzerland','2018-03-19 00:00:00','\0',2,339,5),(416,'logistix','2018-04-10 18:41:48','2018-04-10 18:41:48','logistix',0,'Borcs','9000 Gyor ','AC Transit','Hungary','2018-03-07 00:00:00','\0',1,340,5),(417,'logistix','2018-04-10 18:41:48','2018-04-10 18:41:48','logistix',0,'Pinneberg','20095 Hamburg','JB Hunt Transport','Germany','2018-03-14 00:00:00','\0',1,341,5),(418,'logistix','2018-04-10 18:41:48','2018-04-10 18:41:48','logistix',0,'Eving','44134 Dortmund','N-Motion Trans','Germany','2018-03-21 00:00:00','\0',1,342,5),(419,'logistix','2018-04-10 18:41:48','2018-04-10 18:41:48','logistix',0,'Offenbach','60306 Frankfurt','Pride Transport','France','2018-03-27 00:00:00','\0',2,342,5),(420,'logistix','2018-04-10 18:41:48','2018-04-10 18:41:48','logistix',0,'Offenbach','60306 Frankfurt','Pride Transport','France','2018-03-28 00:00:00','\0',3,342,5),(421,'logistix','2018-04-10 18:41:48','2018-04-10 18:41:48','logistix',0,'Offenbach','60306 Frankfurt','Pride Transport','France','2018-03-28 00:00:00','\0',4,342,5),(422,'logistix','2018-04-10 18:41:48','2018-04-10 18:41:48','logistix',0,'Rue Cler','75000 Paris','Superior Carriers Inc.','France','2018-03-15 00:00:00','\0',1,343,5),(423,'logistix','2018-04-10 18:41:48','2018-04-10 18:41:48','logistix',0,'52 Rue Raubuteau ','75003 Paris','Leroy Merlin','France','2018-03-16 00:00:00','\0',1,344,5),(424,'logistix','2018-04-10 18:41:48','2018-04-10 18:41:48','logistix',0,'35 Rue Jean Jaures','94350 Villiers Sur Marne','Ikea','France','2018-03-12 00:00:00','\0',1,345,5),(425,'logistix','2018-04-10 18:41:48','2018-04-10 18:41:48','logistix',0,'Zoologice zahrady 4','63500 Brno','Zoo Brno','Czech Republic','2018-03-14 00:00:00','\0',1,346,5),(426,'logistix','2018-04-10 18:41:48','2018-04-10 18:41:48','logistix',0,'Roktinca','80012 Gdansk','Con-Way Freight','Romania','2018-03-08 00:00:00','\0',1,347,5),(427,'logistix','2018-04-10 18:41:49','2018-04-10 18:41:49','logistix',0,'Aarbergergasse','3010 Berna','Atlantic Express','Switzerland','2018-03-03 00:00:00','\0',1,348,5),(428,'logistix','2018-04-10 18:41:49','2018-04-10 18:41:49','logistix',0,'Kernen','70178 Stuttgart','Trinity Railway Express','Romania','2018-03-15 00:00:00','\0',1,349,5),(429,'logistix','2018-04-10 18:41:49','2018-04-10 18:41:49','logistix',0,'Calea Sagului nr.8','300254 Timisoara','Thompson Cargo Specialists','Romania','2018-03-08 00:00:00','\0',1,350,5),(430,'logistix','2018-04-10 18:41:49','2018-04-10 18:41:49','logistix',0,'Werziers 1233','13013 Marseille','Carrefour','France','2018-03-14 00:00:00','\0',1,351,5),(431,'logistix','2018-04-10 18:41:49','2018-04-10 18:41:49','logistix',0,'Str. Republicii','410000 Oradea','Superior Carriers Inc.','Romania','2018-03-06 00:00:00','\0',1,352,5),(432,'logistix','2018-04-10 18:41:49','2018-04-10 18:41:49','logistix',0,'Landsberger 29','82110 Munich','Germering GmbH ','Germany','2018-03-22 00:00:00','\0',1,353,5),(433,'logistix','2018-04-10 18:41:49','2018-04-10 18:41:49','logistix',0,'Boostenweg 755','2610 Antwerpen','Ikea','Belgium','2018-03-19 00:00:00','\0',1,354,5),(434,'logistix','2018-04-10 18:41:49','2018-04-10 18:41:49','logistix',0,'Calea Clujului nr.8','400000 Cluj','Destro Inc','Romania','2018-03-03 00:00:00','\0',1,355,5),(435,'logistix','2018-04-10 18:41:49','2018-04-10 18:41:49','logistix',0,'Waltersdorf 8','12529 Berlin','Ikea','Germany','2018-03-16 00:00:00','\0',1,356,5),(436,'logistix','2018-04-10 18:51:47','2018-04-10 18:51:47','logistix',0,'Aarbergergasse','3010 Berna','Atlantic Express','Switzerland','2018-04-03 00:00:00','\0',1,357,5),(437,'logistix','2018-04-10 18:51:47','2018-04-10 18:51:47','logistix',0,'Kernen','70178 Stuttgart','Trinity Railway Express','Romania','2018-04-15 00:00:00','\0',1,358,5),(438,'logistix','2018-04-10 18:51:47','2018-04-10 18:51:47','logistix',0,'Calea Sagului nr.8','300254 Timisoara','Thompson Cargo Specialists','Romania','2018-04-08 00:00:00','\0',1,359,5),(439,'logistix','2018-04-10 18:51:47','2018-04-10 18:51:47','logistix',0,'Werziers 1233','13013 Marseille','Carrefour','France','2018-04-14 00:00:00','\0',1,360,5),(440,'logistix','2018-04-10 18:51:47','2018-04-10 18:51:47','logistix',0,'Str. Republicii','410000 Oradea','Superior Carriers Inc.','Romania','2018-04-06 00:00:00','\0',1,361,5),(441,'logistix','2018-04-10 18:51:47','2018-04-10 18:51:47','logistix',0,'Landsberger 29','82110 Munich','Germering GmbH ','Germany','2018-04-22 00:00:00','\0',1,362,5),(442,'logistix','2018-04-10 18:51:47','2018-04-10 18:51:47','logistix',0,'Boostenweg 755','2610 Antwerpen','Ikea','Belgium','2018-04-19 00:00:00','\0',1,363,5),(443,'logistix','2018-04-10 18:51:47','2018-04-10 18:51:47','logistix',0,'Calea Clujului nr.8','400000 Cluj','Destro Inc','Romania','2018-04-03 00:00:00','\0',1,364,5),(444,'logistix','2018-04-10 18:51:47','2018-04-10 18:51:47','logistix',0,'Waltersdorf 8','12529 Berlin','Ikea','Germany','2018-04-16 00:00:00','\0',1,365,5),(445,'logistix','2018-04-10 18:51:47','2018-04-10 18:51:47','logistix',0,'strazii nr4','Oradea','XYZ SRL-D','Romania','2018-04-15 00:00:00','\0',1,366,5),(446,'logistix','2018-04-10 18:51:47','2018-04-10 18:51:47','logistix',0,'Clujului 123','Oradea','Plastor','Romania','2018-04-16 00:00:00','\0',1,367,5),(447,'logistix','2018-04-10 18:51:47','2018-04-10 18:51:47','logistix',0,'Traian nr. 14','Zalau','Firma A','Romania','2018-03-28 00:00:00','\0',1,368,5),(448,'logistix','2018-04-10 18:51:47','2018-04-10 18:51:47','logistix',0,'Frascati','00118 Roma','Thompson Cargo Inc','Italy','2018-04-05 00:00:00','\0',1,369,5),(449,'logistix','2018-04-10 18:51:47','2018-04-10 18:51:47','logistix',0,'Penselo','4800 Guimaraes','Auto Transport Inc','Portugal','2018-04-13 00:00:00','\0',2,369,5),(450,'logistix','2018-04-10 18:51:47','2018-04-10 18:51:47','logistix',0,'Grebenka','200015 Minsk','Sharkey Inc','Belarus','2018-04-10 00:00:00','\0',1,370,5),(451,'logistix','2018-04-10 18:51:47','2018-04-10 18:51:47','logistix',0,'Juhmo','01620 Vantaa ','Clipper Trans','Finland','2018-04-17 00:00:00','\0',2,370,5),(452,'logistix','2018-04-10 18:51:47','2018-04-10 18:51:47','logistix',0,'Rudna','16000 Prague','N-Motion Trans','Romania','2018-04-03 00:00:00','\0',1,371,5),(453,'logistix','2018-04-10 18:51:47','2018-04-10 18:51:47','logistix',0,'Rethen','30159 Hanover','Prime Trans','Germany','2018-04-07 00:00:00','\0',2,371,5),(454,'logistix','2018-04-10 18:51:47','2018-04-10 18:51:47','logistix',0,'Eze','06100 Nice','Big Blue Bus','France','2018-04-15 00:00:00','\0',1,372,5),(455,'logistix','2018-04-10 18:51:47','2018-04-10 18:51:47','logistix',0,'Trzib','1210 Ljubljana','DMA Transportation ','Slovenia','2018-04-19 00:00:00','\0',2,372,5),(456,'logistix','2018-04-10 18:51:47','2018-04-10 18:51:47','logistix',0,'Edelstal','81102 Bratislava','Enterprise Transportation','Romania','2018-04-15 00:00:00','\0',1,373,5),(457,'logistix','2018-04-10 18:51:47','2018-04-10 18:51:47','logistix',0,'Kriens','6000 Lucerne','Navistar','Switzerland','2018-04-19 00:00:00','\0',2,373,5),(458,'logistix','2018-04-10 18:51:47','2018-04-10 18:51:47','logistix',0,'Borcs','9000 Gyor ','AC Transit','Hungary','2018-04-07 00:00:00','\0',1,374,5),(459,'logistix','2018-04-10 18:51:47','2018-04-10 18:51:47','logistix',0,'Pinneberg','20095 Hamburg','JB Hunt Transport','Germany','2018-04-14 00:00:00','\0',1,375,5),(460,'logistix','2018-04-10 18:51:47','2018-04-10 18:51:47','logistix',0,'Eving','44134 Dortmund','N-Motion Trans','Germany','2018-04-21 00:00:00','\0',1,376,5),(461,'logistix','2018-04-10 18:51:47','2018-04-10 18:51:47','logistix',0,'Offenbach','60306 Frankfurt','Pride Transport','France','2018-04-27 00:00:00','\0',2,376,5),(462,'logistix','2018-04-10 18:51:47','2018-04-10 18:51:47','logistix',0,'Offenbach','60306 Frankfurt','Pride Transport','France','2018-04-28 00:00:00','\0',3,376,5),(463,'logistix','2018-04-10 18:51:47','2018-04-10 18:51:47','logistix',0,'Offenbach','60306 Frankfurt','Pride Transport','France','2018-04-28 00:00:00','\0',4,376,5),(464,'logistix','2018-04-10 18:51:48','2018-04-10 18:51:48','logistix',0,'Rue Cler','75000 Paris','Superior Carriers Inc.','France','2018-04-15 00:00:00','\0',1,377,5),(465,'logistix','2018-04-10 18:51:48','2018-04-10 18:51:48','logistix',0,'52 Rue Raubuteau ','75003 Paris','Leroy Merlin','France','2018-04-16 00:00:00','\0',1,378,5),(466,'logistix','2018-04-10 18:51:48','2018-04-10 18:51:48','logistix',0,'35 Rue Jean Jaures','94350 Villiers Sur Marne','Ikea','France','2018-04-12 00:00:00','\0',1,379,5),(467,'logistix','2018-04-10 18:51:48','2018-04-10 18:51:48','logistix',0,'Zoologice zahrady 4','63500 Brno','Zoo Brno','Czech Republic','2018-04-14 00:00:00','\0',1,380,5),(468,'logistix','2018-04-10 18:51:48','2018-04-10 18:51:48','logistix',0,'Roktinca','80012 Gdansk','Con-Way Freight','Romania','2018-04-08 00:00:00','\0',1,381,5),(469,'logistix','2018-04-12 07:40:43','2018-04-12 07:40:43','logistix',0,'Clujului 230','Oradea','Coca Cola','Romania','2018-04-20 00:00:00','\0',1,382,5),(470,'logistix','2018-04-12 08:01:29','2018-04-12 08:01:29','logistix',0,'strazzii nr12','Oradea','Loading site ','Romania','2018-04-12 00:00:00','\0',1,383,5),(471,'logistix','2018-04-12 08:02:26','2018-04-12 08:02:27','logistix',0,'street','oradea','load','Romania','2018-04-12 00:00:00','\0',1,384,5),(472,'logistix','2018-04-12 08:03:41','2018-04-12 08:03:41','logistix',0,'strada','oradea','incarcare srl','Romania','2018-04-13 00:00:00','\0',1,385,5),(473,'logistix','2018-04-12 08:04:34','2018-04-12 08:04:34','logistix',0,'strada','Oradea','firma A','Romania','2018-04-13 00:00:00','\0',1,386,5),(474,'logistix','2018-04-12 08:06:33','2018-04-12 08:06:33','logistix',0,'starda Lapusului 15','Oradea','Nume firma incarcare SRL','Romania','2018-04-13 00:00:00','\0',1,387,5),(475,'otto','2018-04-14 12:19:57','2018-04-14 12:19:57','otto',0,'adresa 1 ','oradea','firma 1 ','Romania','2018-04-16 00:00:00','\0',1,389,14),(476,'otto','2018-04-15 16:40:53','2018-04-15 16:40:53','otto',0,'adresa 1','Oradea','firma 1 ','Romania','2018-04-23 00:00:00','\0',1,390,14),(477,'otto','2018-04-16 11:25:43','2018-04-16 11:25:43','otto',0,'Napoca 1','Cluj Napoca','Firma 2','Romania','2018-04-17 00:00:00','\0',1,391,14),(478,'otto','2018-04-17 05:27:33','2018-04-17 05:27:34','otto',0,'Zorilor 3','Cluj Napoca','firma 3','Romania','2018-04-18 00:00:00','\0',1,392,14),(479,'otto','2018-04-17 05:31:17','2018-04-19 07:16:07','otto',0,'republicii 12','Oradea','firma 4','Romania','2018-04-20 00:00:00','',1,393,14),(480,'otto','2018-04-17 07:12:20','2018-04-17 07:12:20','otto',0,'Lipovei 19','Oradea','GHB Software','Romania','2018-04-17 00:00:00','\0',1,394,14),(481,'otto','2018-04-17 07:57:11','2018-04-17 07:57:11','otto',0,'Stefan cel Mare 145','craiova','Firma 3','Romania','2018-04-19 00:00:00','\0',1,395,14),(482,'otto','2018-04-17 08:04:19','2018-04-17 08:04:19','otto',0,'strada Fagaras 18','Pitesti ','Firma 8','Romania','2018-05-07 00:00:00','\0',1,396,14),(483,'otto','2018-04-17 11:42:51','2018-04-17 11:42:51','otto',0,'strada 3','oradea','firma incarcare','Romania','2018-04-18 00:00:00','\0',1,397,14),(484,'logistix','2018-04-17 12:07:17','2018-04-17 12:07:17','logistix',0,'strada principala','Alesd','Ionica SRL','Romania','2018-04-10 00:00:00','\0',1,398,5),(485,'logistix','2018-04-17 12:09:44','2018-04-17 12:09:44','logistix',0,'conform CMR','munchen','ABC SRl','Romania','2018-04-17 00:00:00','\0',1,399,5),(486,'otto','2018-04-18 07:49:06','2018-04-18 07:49:07','otto',0,'principala 49','Cluj Napoca','incarcare','Romania','2018-04-18 00:00:00','\0',1,400,14),(487,'otto','2018-04-18 08:19:16','2018-04-18 08:19:17','otto',0,'Ogorului ','Oradea','Auchan Oradea','Romania','2018-04-18 00:00:00','\0',1,401,14),(488,'otto','2018-04-18 08:40:21','2018-04-18 08:40:22','otto',0,'Ulloi Ut 139','Budapesta','Firma incarcare','Hungary','2018-04-23 00:00:00','\0',1,402,14),(489,'otto','2018-04-18 08:42:06','2018-04-18 08:42:06','otto',0,'Erdoi ut 19','Debrecen','incarcare Debrecen','Romania','2018-04-23 00:00:00','\0',2,402,14),(490,'logistix','2018-04-18 10:25:57','2018-04-18 10:25:58','logistix',0,'Reppublicii 22','Oradea','SC COM SRL','Romania','2018-04-18 00:00:00','\0',2,399,5),(491,'otto','2018-04-19 11:27:02','2018-04-19 11:27:02','otto',0,'Dacia 83','Oradea','Simbac','Romania','2018-04-23 00:00:00','\0',1,403,14),(492,'otto','2018-04-19 11:28:38','2018-04-19 11:28:39','otto',0,'Ogorului 231','Oradea','Selgros ORadea','Romania','2018-04-24 00:00:00','\0',1,404,14),(493,'otto','2018-04-19 11:45:04','2018-04-19 11:45:04','otto',0,'stefan cel mare 83','Baia Mare','Comatex SRL','Romania','2018-04-25 00:00:00','\0',1,405,14),(494,'otto','2018-04-19 12:34:43','2018-04-19 12:34:44','otto',0,'principala 96','Rosiori','ecokapa srl','Romania','2018-04-24 00:00:00','\0',1,406,14),(495,'otto','2018-04-19 12:45:02','2018-04-19 12:45:02','otto',0,'Plevnei 14','Deva','Gecomex','Romania','2018-04-25 00:00:00','\0',1,407,14),(496,'otto','2018-04-19 13:07:51','2018-04-19 13:07:52','otto',0,'Principatelor unite 4','Alesd','Prod com','Romania','2018-04-24 00:00:00','\0',1,408,14),(497,'otto','2018-04-20 07:06:28','2018-04-20 07:06:28','otto',0,'Armatei 13','Alesd','transgex','Romania','2018-04-23 00:00:00','\0',1,409,14),(498,'otto','2018-04-20 08:49:15','2018-04-20 08:49:15','otto',0,'aradului 15','Oradea','Rolidea SRL','Romania','2018-04-20 00:00:00','\0',1,410,14),(499,'otto','2018-04-23 08:19:56','2018-04-23 08:19:56','otto',0,'Dealului 19','Alesd','Holcim','Romania','2018-04-24 00:00:00','\0',1,411,14),(500,'otto','2018-04-23 13:18:02','2018-04-23 13:18:02','otto',0,'Spitalului 21/A','Oradea','Contmar','Romania','2018-04-25 00:00:00','\0',1,412,14),(501,'otto','2018-04-25 08:42:01','2018-04-25 08:42:24','otto',0,'dacia 12','oradea','123','Romania','2018-04-25 00:00:00','',1,413,14),(502,'otto','2018-04-26 09:03:05','2018-04-27 06:07:08','otto',0,'debrecen 29','debrecen','Technochim','Romania','2018-05-02 00:00:00','\0',1,414,14),(503,'logistix','2018-04-30 05:56:14','2018-04-30 05:56:14','logistix',0,'Clujului','Oradea','Plastor','Romania','2018-05-05 00:00:00','\0',1,415,5),(504,'otto','2018-05-02 08:59:47','2018-05-02 08:59:47','otto',0,'HU-4060 BALMAZUJVAROS, TELEKFOLD','BALMAZUJVAROS','PUSZTA KONZERV KFT','Hungary','2018-05-11 00:00:00','\0',1,416,14),(505,'otto','2018-05-03 06:32:04','2018-05-03 06:32:04','otto',0,'teiului 28','Cluj Napoca','prodvinalco','Romania','2018-05-03 00:00:00','\0',1,417,14),(506,'otto','2018-05-03 07:29:16','2018-05-03 07:29:16','otto',0,'mihai viteazul 9','Oradea','romconex','Romania','2018-05-04 00:00:00','\0',1,418,14),(507,'otto','2018-05-03 07:34:19','2018-05-03 07:34:19','otto',0,'Caisilor 27','Cluj Napoca','Vestcom','Romania','2018-05-07 00:00:00','\0',1,419,14),(508,'otto','2018-05-03 13:25:16','2018-05-03 13:25:16','otto',0,'stefan cel mare 73','Satu Mare','M System','Romania','2018-05-07 00:00:00','\0',1,420,14),(509,'otto','2018-05-04 07:33:49','2018-05-04 07:33:49','otto',0,'calarasilor 19','Oradea','Ambatex','Romania','2018-05-07 00:00:00','\0',1,421,14),(510,'otto','2018-05-04 08:14:17','2018-05-04 08:14:18','otto',0,'Teiului 21','Oradea','Technova','Romania','2018-05-09 00:00:00','\0',1,422,14),(511,'otto','2018-05-04 08:58:08','2018-05-04 08:58:08','otto',0,'aleea salca 37','Oradea','Repcon','Romania','2018-05-08 00:00:00','\0',1,423,14),(512,'otto','2018-05-04 09:13:04','2018-05-04 09:13:04','otto',0,'HOREA 59 ','Oradea','EUROBAC ROMANIA SRL','Romania','2018-05-07 00:00:00','\0',1,424,14),(513,'otto','2018-05-04 09:16:32','2018-05-04 09:16:32','otto',0,'Republicii 10','Oradea','Vitrerom','Romania','2018-05-08 00:00:00','\0',1,425,14),(514,'otto','2018-05-04 09:20:51','2018-05-04 09:20:52','otto',0,'borsului 271','Oradea','Celestica ','Romania','2018-05-11 00:00:00','\0',1,426,14),(515,'otto','2018-05-04 09:22:34','2018-05-04 09:23:35','otto',0,'Belis, nr. 245','Belis ','Cabana Rustic','Romania','2018-05-13 00:00:00','\0',2,426,14),(516,'otto','2018-05-04 09:32:02','2018-05-04 09:32:02','otto',0,'NARCISELOR 16','Oradea','EURITEH SRL','Romania','2018-05-07 00:00:00','\0',1,427,14),(517,'otto','2018-05-04 13:18:20','2018-05-04 13:18:20','otto',0,'CALEA BORSULUI 45 C','Oradea','REGULUS ROMTHERM SRL','Romania','2018-05-09 00:00:00','\0',1,428,14),(518,'otto','2018-05-04 13:22:40','2018-05-04 13:22:40','otto',0,'Johannisplatz 5-11','leipzig ','Kober plast gmbh','Germany','2018-05-14 00:00:00','\0',1,429,14),(519,'logistix','2018-05-07 08:32:10','2018-05-07 08:32:10','logistix',0,'Clujului','Oradea','Plastor','Romania','2018-06-05 00:00:00','\0',1,431,5),(520,'logistix','2018-05-07 08:32:10','2018-05-07 08:32:10','logistix',0,'conform CMR','munchen','ABC SRl','Romania','2018-05-17 00:00:00','\0',1,432,5),(521,'logistix','2018-05-07 08:32:10','2018-05-07 08:32:10','logistix',0,'Reppublicii 22','Oradea','SC COM SRL','Romania','2018-05-18 00:00:00','\0',2,432,5),(522,'logistix','2018-05-07 08:32:10','2018-05-07 08:32:10','logistix',0,'strada principala','Alesd','Ionica SRL','Romania','2018-05-10 00:00:00','\0',1,433,5),(523,'logistix','2018-05-07 08:32:10','2018-05-07 08:32:10','logistix',0,'starda Lapusului 15','Oradea','Nume firma incarcare SRL','Romania','2018-05-13 00:00:00','\0',1,435,5),(524,'logistix','2018-05-07 08:32:10','2018-05-07 08:32:10','logistix',0,'strada','Oradea','firma A','Romania','2018-05-13 00:00:00','\0',1,436,5),(525,'logistix','2018-05-07 08:32:10','2018-05-07 08:32:10','logistix',0,'strada','oradea','incarcare srl','Romania','2018-05-13 00:00:00','\0',1,437,5),(526,'logistix','2018-05-07 08:32:10','2018-05-07 08:32:10','logistix',0,'street','oradea','load','Romania','2018-05-12 00:00:00','\0',1,438,5),(527,'logistix','2018-05-07 08:32:11','2018-05-07 08:32:11','logistix',0,'strazzii nr12','Oradea','Loading site ','Romania','2018-05-12 00:00:00','\0',1,439,5),(528,'logistix','2018-05-07 08:32:11','2018-05-07 08:32:11','logistix',0,'Clujului 230','Oradea','Coca Cola','Romania','2018-05-20 00:00:00','\0',1,440,5),(529,'logistix','2018-05-07 08:32:11','2018-05-07 08:32:11','logistix',0,'Rue Cler','75000 Paris','Superior Carriers Inc.','France','2018-05-15 00:00:00','\0',1,441,5),(530,'logistix','2018-05-07 08:32:11','2018-05-07 08:32:11','logistix',0,'52 Rue Raubuteau ','75003 Paris','Leroy Merlin','France','2018-05-16 00:00:00','\0',1,442,5),(531,'logistix','2018-05-07 08:32:11','2018-05-07 08:32:11','logistix',0,'35 Rue Jean Jaures','94350 Villiers Sur Marne','Ikea','France','2018-05-12 00:00:00','\0',1,443,5),(532,'logistix','2018-05-07 08:32:11','2018-05-07 08:32:11','logistix',0,'Zoologice zahrady 4','63500 Brno','Zoo Brno','Czech Republic','2018-05-14 00:00:00','\0',1,444,5),(533,'logistix','2018-05-07 08:32:11','2018-05-07 08:32:11','logistix',0,'Roktinca','80012 Gdansk','Con-Way Freight','Romania','2018-05-08 00:00:00','\0',1,445,5),(534,'logistix','2018-05-07 08:32:11','2018-05-07 08:32:11','logistix',0,'Aarbergergasse','3010 Berna','Atlantic Express','Switzerland','2018-05-03 00:00:00','\0',1,446,5),(535,'logistix','2018-05-07 08:32:11','2018-05-07 08:32:11','logistix',0,'Kernen','70178 Stuttgart','Trinity Railway Express','Romania','2018-05-15 00:00:00','\0',1,447,5),(536,'logistix','2018-05-07 08:32:11','2018-05-07 08:32:11','logistix',0,'Calea Sagului nr.8','300254 Timisoara','Thompson Cargo Specialists','Romania','2018-05-08 00:00:00','\0',1,448,5),(537,'logistix','2018-05-07 08:32:11','2018-05-07 08:32:11','logistix',0,'Werziers 1233','13013 Marseille','Carrefour','France','2018-05-14 00:00:00','\0',1,449,5),(538,'logistix','2018-05-07 08:32:11','2018-05-07 08:32:11','logistix',0,'Str. Republicii','410000 Oradea','Superior Carriers Inc.','Romania','2018-05-06 00:00:00','\0',1,450,5),(539,'logistix','2018-05-07 08:32:11','2018-05-07 08:32:11','logistix',0,'Landsberger 29','82110 Munich','Germering GmbH ','Germany','2018-05-22 00:00:00','\0',1,451,5),(540,'logistix','2018-05-07 08:32:11','2018-05-07 08:32:11','logistix',0,'Boostenweg 755','2610 Antwerpen','Ikea','Belgium','2018-05-19 00:00:00','\0',1,452,5),(541,'logistix','2018-05-07 08:32:11','2018-05-07 08:32:11','logistix',0,'Calea Clujului nr.8','400000 Cluj','Destro Inc','Romania','2018-05-03 00:00:00','\0',1,453,5),(542,'logistix','2018-05-07 08:32:11','2018-05-07 08:32:11','logistix',0,'Waltersdorf 8','12529 Berlin','Ikea','Germany','2018-05-16 00:00:00','\0',1,454,5),(543,'logistix','2018-05-07 08:32:11','2018-05-07 08:32:11','logistix',0,'strazii nr4','Oradea','XYZ SRL-D','Romania','2018-05-15 00:00:00','\0',1,455,5),(544,'otto','2018-05-08 07:10:51','2018-05-08 07:10:51','otto',0,'mayer schtrasse 13','Lauingen','vector trans','Germany','2018-05-08 00:00:00','\0',1,456,14),(545,'otto','2018-05-09 06:38:31','2018-05-09 06:38:31','otto',0,'dunarii 38','Resita','Abatex','Romania','2018-05-09 00:00:00','\0',1,457,14),(546,'otto','2018-05-10 07:09:50','2018-05-10 07:09:50','otto',0,'Via GIanluca','Toscana','Diecimo','Italy','2018-05-14 00:00:00','\0',1,458,14),(547,'otto','2018-05-11 07:21:22','2018-05-11 07:21:22','otto',0,'mayer 132','Augsburg','Hoffmann','Germany','2018-05-11 00:00:00','\0',1,459,14),(548,'otto','2018-05-11 09:32:26','2018-05-11 09:32:28','otto',0,'g','jh','asdsa','Romania','2018-05-17 00:00:00','\0',1,460,14),(549,'otto','2018-05-11 09:32:28','2018-05-11 09:32:28','otto',0,'g','jh','asdsa','Romania','2018-05-17 00:00:00','\0',2,460,14),(550,'otto','2018-05-11 11:26:56','2018-05-11 11:26:56','otto',0,'Borsului 371','Oradea','Grosmetal','Romania','2018-05-14 00:00:00','\0',1,461,14),(551,'otto','2018-05-15 08:15:00','2018-05-15 08:15:00','otto',0,'borsului 172','ORADEA','Grosmetal','Romania','2018-05-16 00:00:00','\0',1,462,14),(552,'otto','2018-05-16 09:19:54','2018-05-16 09:19:54','otto',0,'Dacia 33','oradea','firma 1 ','Romania','2018-05-17 00:00:00','\0',1,463,14),(553,'otto','2018-05-17 07:34:37','2018-05-17 07:34:37','otto',0,'BOrsului 132','ORadea','Grosmetal ','Romania','2018-05-18 00:00:00','\0',1,464,14),(554,'otto','2018-05-17 07:38:27','2018-05-17 07:38:27','otto',0,'Principala 73','Rosiori','Ecokappa','Romania','2018-05-21 00:00:00','\0',1,465,14),(555,'otto','2018-05-18 07:03:13','2018-05-18 07:03:13','otto',0,'Clujului 31','Oradea','Plastor','Romania','2018-05-21 00:00:00','\0',1,466,14),(556,'otto','2018-05-18 07:05:10','2018-05-18 07:05:11','otto',0,'Santion 31','Oradea','Tramos','Romania','2018-05-22 00:00:00','\0',1,467,14),(557,'otto','2018-05-18 07:34:54','2018-05-18 07:34:55','otto',0,'Dacia 33','Oradea','Firma 3','Romania','2018-05-18 00:00:00','\0',1,468,14),(558,'otto','2018-05-21 12:44:34','2018-05-21 12:44:34','otto',0,'calea santandreiului 21','Oradea','Autogrand','Romania','2018-05-22 00:00:00','\0',1,469,14),(559,'otto','2018-05-23 06:10:42','2018-05-23 06:10:43','otto',0,'Strada Mica 29','Brasov','Transgex','Romania','2018-05-24 00:00:00','\0',1,470,14),(560,'otto','2018-05-23 06:12:14','2018-05-23 06:12:14','otto',0,'Clujului 112','Oradea','Plastor ','Romania','2018-05-25 00:00:00','\0',1,471,14),(561,'otto','2018-05-23 08:45:16','2018-05-23 08:45:16','otto',0,'Borsului 137','Oradea','Celestica','Romania','2018-05-28 00:00:00','\0',1,472,14);
/*!40000 ALTER TABLE `load_locations` ENABLE KEYS */;
UNLOCK TABLES;

--
-- Table structure for table `load_unload`
--

DROP TABLE IF EXISTS `load_unload`;
/*!40101 SET @saved_cs_client     = @@character_set_client */;
/*!40101 SET character_set_client = utf8 */;
CREATE TABLE `load_unload` (
  `load_location_id` bigint(20) NOT NULL,
  `unload_location_id` bigint(20) NOT NULL,
  KEY `FKryf96rn64q1anrloof8siq726` (`unload_location_id`),
  KEY `FKdrpf7m81mrk1niyihw8q7owd` (`load_location_id`),
  CONSTRAINT `FKdrpf7m81mrk1niyihw8q7owd` FOREIGN KEY (`load_location_id`) REFERENCES `unload_locations` (`id`),
  CONSTRAINT `FKryf96rn64q1anrloof8siq726` FOREIGN KEY (`unload_location_id`) REFERENCES `load_locations` (`id`)
) ENGINE=InnoDB DEFAULT CHARSET=latin1;
/*!40101 SET character_set_client = @saved_cs_client */;

--
-- Dumping data for table `load_unload`
--

LOCK TABLES `load_unload` WRITE;
/*!40000 ALTER TABLE `load_unload` DISABLE KEYS */;
INSERT INTO `load_unload` VALUES (352,342),(353,343),(354,344),(355,345),(356,346),(357,347),(358,348),(359,349),(360,350),(361,350),(362,350),(365,358),(366,359),(367,360),(368,361),(369,362),(370,363),(371,364),(372,365),(373,366),(374,367),(375,368),(376,369),(377,370),(378,371),(379,372),(380,373),(381,374),(382,375),(383,376),(384,377),(385,378),(386,379),(387,380),(388,381),(389,381),(390,382),(391,382),(392,383),(393,386),(394,387),(395,387),(396,388),(397,388),(398,389),(399,390),(400,391),(401,392),(402,393),(403,394),(404,395),(405,396),(406,397),(407,398),(408,399),(409,398),(410,400),(411,401),(412,402),(483,469),(484,470),(485,471),(486,472),(487,473),(488,474),(489,475),(490,476),(491,477),(492,478),(493,479),(494,480),(495,481),(496,482),(497,483),(498,484),(499,485),(500,486),(501,487),(502,488),(503,489),(504,490),(505,491),(506,492),(507,493),(508,494),(509,495),(510,496),(511,497),(512,498),(513,499),(514,500),(515,501),(516,502),(517,503),(518,504),(519,505),(520,506),(521,507),(522,508),(523,509),(524,510),(525,511),(526,512),(527,513),(528,514),(529,515),(530,516),(531,517),(532,518),(559,544),(560,545),(561,546),(562,547),(563,548),(564,549),(565,550),(566,551),(567,552),(568,553),(569,554),(570,555),(571,556),(572,557),(573,558),(574,559),(575,560),(576,561);
/*!40000 ALTER TABLE `load_unload` ENABLE KEYS */;
UNLOCK TABLES;

--
-- Table structure for table `orders`
--

DROP TABLE IF EXISTS `orders`;
/*!40101 SET @saved_cs_client     = @@character_set_client */;
/*!40101 SET character_set_client = utf8 */;
CREATE TABLE `orders` (
  `id` bigint(20) NOT NULL AUTO_INCREMENT,
  `created_by` varchar(255) DEFAULT NULL,
  `created_date` datetime DEFAULT NULL,
  `last_update_date` datetime DEFAULT NULL,
  `updated_by` varchar(255) DEFAULT NULL,
  `version` int(11) NOT NULL,
  `carrier_observations` varchar(255) DEFAULT NULL,
  `carrier_payment` varchar(255) DEFAULT NULL,
  `carrier_price` float DEFAULT NULL,
  `carrier_vat` varchar(255) DEFAULT NULL,
  `client_vat` varchar(255) DEFAULT NULL,
  `deleted` bit(1) NOT NULL,
  `empty_km` int(11) DEFAULT NULL,
  `emptykm_percentage` int(11) DEFAULT NULL,
  `full_km` int(11) DEFAULT NULL,
  `fullkm_percentage` int(11) DEFAULT NULL,
  `order_number` int(11) DEFAULT NULL,
  `ref_client` varchar(255) DEFAULT NULL,
  `ref_nb` varchar(255) DEFAULT NULL,
  `total_km` int(11) DEFAULT NULL,
  `value` float DEFAULT NULL,
  `value_observations` varchar(255) DEFAULT NULL,
  `value_payment` varchar(255) DEFAULT NULL,
  `carrier_id` bigint(20) DEFAULT NULL,
  `client_id` bigint(20) DEFAULT NULL,
  `currency_id` bigint(20) DEFAULT NULL,
  `customer_id` bigint(20) DEFAULT NULL,
  `financial_report_id` bigint(20) DEFAULT NULL,
  `vehicle_id` bigint(20) DEFAULT NULL,
  `order_id` bigint(20) DEFAULT NULL,
  `order_date` varchar(255) DEFAULT NULL,
  PRIMARY KEY (`id`),
  KEY `FKrm8vg28r6s3loym2607atou93` (`carrier_id`),
  KEY `FKm2dep9derpoaehshbkkatam3v` (`client_id`),
  KEY `FK4g9gno7ww2i06rxkfl3vbrgcu` (`currency_id`),
  KEY `FKpxtb8awmi0dk6smoh2vp1litg` (`customer_id`),
  KEY `FK5kbo55fsih3xm2r5mlsreml4t` (`financial_report_id`),
  KEY `FKov6eiiyhqkasfj9jlt2s6wj5p` (`vehicle_id`),
  KEY `FK9paff0vlad09jab0gxc9ldncc` (`order_id`),
  CONSTRAINT `FK4g9gno7ww2i06rxkfl3vbrgcu` FOREIGN KEY (`currency_id`) REFERENCES `currency` (`id`),
  CONSTRAINT `FK5kbo55fsih3xm2r5mlsreml4t` FOREIGN KEY (`financial_report_id`) REFERENCES `financial_rep` (`id`),
  CONSTRAINT `FK9paff0vlad09jab0gxc9ldncc` FOREIGN KEY (`order_id`) REFERENCES `customers` (`id`),
  CONSTRAINT `FKm2dep9derpoaehshbkkatam3v` FOREIGN KEY (`client_id`) REFERENCES `clients` (`id`),
  CONSTRAINT `FKov6eiiyhqkasfj9jlt2s6wj5p` FOREIGN KEY (`vehicle_id`) REFERENCES `vehicles` (`id`),
  CONSTRAINT `FKpxtb8awmi0dk6smoh2vp1litg` FOREIGN KEY (`customer_id`) REFERENCES `customers` (`id`),
  CONSTRAINT `FKrm8vg28r6s3loym2607atou93` FOREIGN KEY (`carrier_id`) REFERENCES `carriers` (`id`)
) ENGINE=InnoDB AUTO_INCREMENT=473 DEFAULT CHARSET=latin1;
/*!40101 SET character_set_client = @saved_cs_client */;

--
-- Dumping data for table `orders`
--

LOCK TABLES `orders` WRITE;
/*!40000 ALTER TABLE `orders` DISABLE KEYS */;
INSERT INTO `orders` VALUES (278,'logistix','2018-01-25 10:20:52','2018-01-25 10:34:20','logistix',0,'','',0,'+ TVA','All in','\0',50,NULL,500,NULL,1,'1','',NULL,1500,'','20',NULL,62,109,5,NULL,44,NULL,'25-01-2018'),(279,'logistix','2018-01-25 10:37:48','2018-01-25 10:44:43','logistix',0,'','',0,'+ TVA','All in','\0',50,NULL,500,NULL,2,'','',NULL,1600,'','10',NULL,63,109,5,NULL,45,NULL,'25-01-2018'),(280,'logistix','2018-01-25 11:04:33','2018-01-25 11:07:29','logistix',0,'','',0,'+ TVA','All in','\0',50,NULL,400,NULL,3,'1','',NULL,1450,'','10',NULL,69,109,5,NULL,46,NULL,'25-01-2018'),(281,'logistix','2018-01-25 11:10:21','2018-01-25 11:16:52','logistix',0,'','',0,'+ TVA','All in','\0',20,NULL,400,NULL,4,'2','',NULL,1150,'','10',NULL,62,109,5,NULL,47,NULL,'25-01-2018'),(282,'logistix','2018-01-25 11:22:08','2018-01-25 11:25:04','logistix',0,'','',0,'+ TVA','All in','\0',30,NULL,250,NULL,5,'','',NULL,660,'','10',NULL,65,109,5,NULL,48,NULL,'25-01-2018'),(283,'logistix','2018-01-25 11:29:04','2018-01-25 11:31:54','logistix',0,'','',0,'+ TVA','All in','\0',50,NULL,500,NULL,6,'1','',NULL,640,'','10',NULL,69,109,5,NULL,49,NULL,'25-01-2018'),(284,'logistix','2018-01-25 11:35:56','2018-01-25 11:38:23','logistix',0,'','',0,'+ TVA','All in','\0',100,NULL,500,NULL,7,'','',NULL,700,'','10',NULL,70,109,5,NULL,50,NULL,'25-01-2018'),(285,'logistix','2018-01-25 11:40:24','2018-01-25 11:43:31','logistix',0,'','',0,'+ TVA','All in','\0',100,NULL,2200,NULL,8,'','',NULL,2600,'','20',NULL,64,109,5,NULL,51,NULL,'25-01-2018'),(286,'logistix','2018-01-25 11:44:49','2018-01-25 11:53:31','logistix',0,'','',0,'+ TVA','All in','\0',20,NULL,400,NULL,9,'3','',NULL,450,'','10',NULL,62,109,5,NULL,52,NULL,'25-01-2018'),(287,'logistix','2018-01-25 11:57:13','2018-01-25 12:12:07','logistix',0,'','',0,'+ TVA','All in','\0',200,NULL,2000,NULL,10,'','',NULL,2500,'','10',NULL,62,109,5,NULL,67,NULL,'25-01-2018'),(288,'logistix','2018-01-25 12:21:01','2018-01-25 12:29:15','logistix',0,'','',0,'+ TVA','All in','\0',100,NULL,900,NULL,11,'','',NULL,2500,'','10',NULL,62,109,5,NULL,53,NULL,'25-01-2018'),(289,'logistix','2018-01-25 13:04:08','2018-01-25 13:05:57','logistix',0,'','',0,'+ TVA','All in','\0',80,NULL,1660,NULL,12,'','',NULL,1500,'','45 zile',NULL,62,109,5,NULL,46,NULL,'25-01-2018'),(290,'logistix','2018-01-25 13:06:47','2018-01-25 13:09:31','logistix',0,'','',0,'+ TVA','All in','\0',110,NULL,1286,NULL,13,'','',NULL,1400,'','30 zile',NULL,69,109,5,NULL,44,NULL,'25-01-2018'),(291,'logistix','2018-01-25 13:38:37','2018-01-25 13:40:51','logistix',0,'','',0,'+ TVA','All in','\0',125,NULL,1180,NULL,14,'','',NULL,1300,'','30 zile',NULL,69,109,5,NULL,47,NULL,'25-01-2018'),(292,'logistix','2018-01-25 13:41:23','2018-01-25 13:43:13','logistix',0,'','',0,'+ TVA','All in','\0',165,NULL,1150,NULL,15,'','',NULL,1300,'','45 zile',NULL,66,109,5,NULL,46,NULL,'25-01-2018'),(293,'logistix','2018-01-25 14:04:45','2018-01-25 14:07:44','logistix',0,'','',0,'+ TVA','All in','\0',56,NULL,1172,NULL,16,'','',NULL,1250,'','30 zile',NULL,70,109,5,NULL,46,NULL,'25-01-2018'),(294,'logistix','2018-01-25 14:14:09','2018-01-25 14:18:39','logistix',0,'','',0,'+ TVA','All in','\0',63,NULL,490,NULL,17,'','',NULL,600,'','45 zile',NULL,68,109,5,NULL,49,NULL,'25-01-2018'),(295,'logistix','2018-01-25 14:23:28','2018-04-10 18:41:49','logistix',0,'','',0,'+ TVA','All in','\0',120,NULL,850,NULL,18,'','',NULL,950,'','30 zile',NULL,63,109,5,NULL,69,NULL,'25-01-2018'),(296,'logistix','2018-01-25 14:29:29','2018-04-10 18:41:49','logistix',0,'','',0,'+ TVA','All in','\0',20,NULL,200,NULL,19,'','',NULL,180,'','10',NULL,63,109,5,NULL,48,NULL,'25-01-2018'),(297,'logistix','2018-01-25 14:29:31','2018-04-10 18:41:49','logistix',0,'','',0,'+ TVA','All in','\0',35,NULL,430,NULL,20,'','',NULL,600,'marfa usoara','30 zile',NULL,67,109,5,NULL,67,NULL,'25-01-2018'),(298,'logistix','2018-01-25 14:34:43','2018-01-25 14:35:06','logistix',0,'','45 zile',1300,'+ TVA','All in','',NULL,NULL,NULL,NULL,21,'','',NULL,1300,'','45 zile',NULL,64,109,5,NULL,46,NULL,'25-01-2018'),(299,'logistix','2018-01-25 14:37:36','2018-04-10 18:41:49','logistix',0,'','',0,'+ TVA','All in','\0',75,NULL,1192,NULL,22,'','',NULL,1300,'','45 zile',NULL,64,109,5,NULL,46,NULL,'25-01-2018'),(300,'logistix','2018-01-25 14:38:04','2018-04-10 18:41:49','logistix',0,'','',0,'+ TVA','All in','\0',100,NULL,2000,NULL,23,'','',NULL,1800,'','10',NULL,62,109,5,NULL,67,NULL,'25-01-2018'),(301,'logistix','2018-01-25 14:39:11','2018-04-10 18:41:49','logistix',0,'','',0,'+ TVA','All in','\0',89,NULL,1178,NULL,24,'','',NULL,1300,'','45 zile',NULL,70,109,5,NULL,47,NULL,'25-01-2018'),(302,'logistix','2018-01-25 14:43:16','2018-04-10 18:41:49','logistix',0,'','',0,'+ TVA','All in','\0',150,NULL,1350,NULL,25,'','',NULL,1250,'','10',NULL,65,109,5,NULL,52,NULL,'25-01-2018'),(303,'logistix','2018-01-25 14:52:52','2018-04-10 18:41:49','logistix',0,'','',0,'+ TVA','All in','\0',200,NULL,1400,NULL,26,'','',NULL,1600,'','10',NULL,64,109,5,NULL,45,NULL,'25-01-2018'),(304,'logistix','2018-01-25 14:58:57','2018-04-10 18:41:49','logistix',0,'','',0,'+ TVA','All in','\0',200,NULL,1150,NULL,27,'','',NULL,1400,'','10',NULL,66,109,5,NULL,53,NULL,'25-01-2018'),(305,'logistix','2018-01-25 15:03:18','2018-04-10 18:41:49','logistix',0,'','',0,'+ TVA','All in','\0',100,NULL,900,NULL,28,'','',NULL,1000,'','10',NULL,69,109,5,NULL,53,NULL,'25-01-2018'),(306,'logistix','2018-01-25 15:14:07','2018-04-10 18:41:48','logistix',0,'','',0,'+ TVA','All in','\0',41,NULL,481,NULL,29,'','',NULL,650,'','45 zile',NULL,65,109,5,NULL,44,NULL,'25-01-2018'),(307,'logistix','2018-01-25 15:16:02','2018-04-10 18:41:48','logistix',0,'','',0,'+ TVA','All in','\0',142,NULL,850,NULL,30,'','',NULL,1000,'','30 zile',NULL,69,109,5,NULL,47,NULL,'25-01-2018'),(308,'logistix','2018-01-25 15:17:36','2018-02-16 11:19:21','logistix',0,'','',0,'+ TVA','All in','',98,NULL,420,NULL,31,'','',NULL,630,'','45 zile',NULL,70,109,5,NULL,48,NULL,'25-01-2018'),(309,'logistix','2018-01-25 15:19:29','2018-04-10 18:41:48','logistix',0,'','',0,'+ TVA','All in','\0',56,NULL,1050,NULL,32,'','',NULL,1100,'','45 zile',NULL,63,109,5,NULL,68,NULL,'25-01-2018'),(310,'logistix','2018-01-25 16:36:40','2018-02-16 11:19:44','logistix',0,'','',0,'+ TVA','All in','',50,NULL,450,NULL,33,'','',NULL,500,'','10',NULL,65,109,5,NULL,52,NULL,'25-01-2018'),(311,'logistix','2018-01-25 16:46:28','2018-04-10 18:41:48','logistix',0,'','',0,'+ TVA','All in','\0',80,NULL,400,NULL,34,'','',NULL,480,'','10',NULL,69,109,5,NULL,64,NULL,'25-01-2018'),(312,'logistix','2018-01-25 16:54:20','2018-04-10 18:41:48','logistix',0,'','',0,'+ TVA','All in','\0',100,NULL,1000,NULL,35,'','',NULL,1100,'','10',NULL,69,109,5,NULL,72,NULL,'25-01-2018'),(313,'logistix','2018-01-25 17:03:27','2018-04-10 18:41:48','logistix',0,'','',0,'+ TVA','All in','\0',50,NULL,800,NULL,36,'','',NULL,850,'','10',NULL,70,109,5,NULL,69,NULL,'25-01-2018'),(314,'logistix','2018-01-25 17:09:12','2018-04-10 18:41:48','logistix',0,'','',0,'+ TVA','All in','\0',200,NULL,1750,NULL,37,'','',NULL,2200,'','10',NULL,62,109,5,NULL,67,NULL,'25-01-2018'),(315,'logistix','2018-01-25 17:16:33','2018-04-10 18:41:48','logistix',0,'','',0,'+ TVA','All in','\0',100,NULL,700,NULL,38,'','',NULL,880,'','10',NULL,63,109,5,NULL,48,NULL,'25-01-2018'),(316,'logistix','2018-01-25 17:24:14','2018-04-10 18:41:48','logistix',0,'','',0,'+ TVA','All in','\0',100,NULL,800,NULL,39,'','',NULL,1020,'','10',NULL,64,109,5,NULL,49,NULL,'25-01-2018'),(317,'logistix','2018-01-25 17:38:12','2018-04-10 18:41:48','logistix',0,'','',0,'+ TVA','All in','\0',30,NULL,230,NULL,40,'','',NULL,290,'','10',NULL,62,109,5,NULL,53,NULL,'25-01-2018'),(318,'logistix','2018-01-25 17:45:39','2018-04-10 18:41:48','logistix',0,'','',0,'+ TVA','All in','\0',150,NULL,900,NULL,41,'','',NULL,1150,'','10',NULL,64,109,5,NULL,51,NULL,'25-01-2018'),(319,'logistix','2018-01-25 17:54:13','2018-04-10 18:41:48','logistix',0,'','',0,'+ TVA','All in','\0',200,NULL,2100,NULL,42,'','',NULL,2600,'','10',NULL,68,109,5,NULL,69,NULL,'25-01-2018'),(320,'logistix','2018-01-26 11:27:42','2018-04-10 18:41:48','logistix',0,'BH01CAZ','45',900,'+ TVA','+ TVA','\0',50,NULL,500,NULL,43,'Ref889','REF455',NULL,1000,'','15',116,63,110,5,NULL,NULL,NULL,'26-01-2018'),(321,'logistix','2018-01-29 13:11:10','2018-02-15 05:48:34','logistix',0,'','',0,'+ TVA','All in','',NULL,NULL,NULL,NULL,44,'','',NULL,1222,'','',NULL,62,113,5,NULL,44,NULL,'29-01-2018'),(322,'logistix','2018-01-29 13:19:35','2018-02-15 05:48:37','logistix',0,'','',0,'+ TVA','All in','',NULL,NULL,NULL,NULL,45,'','',NULL,22,'','',NULL,63,113,5,NULL,44,NULL,'28-01-2018'),(323,'logistix','2018-02-07 12:33:55','2018-02-15 05:48:40','logistix',0,'','',0,'+ TVA','+ TVA','',NULL,NULL,NULL,NULL,46,'','',NULL,2430,'','',NULL,62,121,5,NULL,47,NULL,NULL),(324,'logistix','2018-02-07 12:34:56','2018-02-15 05:48:43','logistix',0,'','',0,'+ TVA','+ TVA','',NULL,NULL,NULL,NULL,47,'','',NULL,2342,'Hello','32',NULL,63,121,5,NULL,45,NULL,NULL),(325,'logistix','2018-02-13 23:07:54','2018-02-15 05:48:47','logistix',0,'','',0,'+ TVA','All in','',NULL,NULL,NULL,NULL,48,'','',NULL,2000,'','',NULL,61,127,5,NULL,44,NULL,NULL),(326,'logistix','2018-02-13 23:22:13','2018-02-15 05:48:52','logistix',0,'','',0,'+ TVA','All in','',NULL,NULL,NULL,NULL,49,'','',NULL,350,'','',NULL,61,127,5,NULL,44,NULL,NULL),(327,'logistix','2018-02-14 00:50:52','2018-02-15 05:46:07','logistix',0,'','',0,'+ TVA','All in','',NULL,NULL,NULL,NULL,50,'','',NULL,21312300,'','',NULL,63,127,5,NULL,44,NULL,NULL),(328,'logistix','2018-02-14 01:55:25','2018-02-15 05:48:28','logistix',0,'','',0,'+ TVA','All in','',NULL,NULL,NULL,NULL,51,'','',NULL,3321320,'','',NULL,63,128,5,NULL,47,NULL,NULL),(329,'logistix','2018-02-15 06:43:15','2018-04-10 18:41:48','logistix',0,'','',0,'+ TVA','All in','\0',50,NULL,1000,NULL,52,'556900','',NULL,1200,'','45',NULL,65,129,5,NULL,65,NULL,NULL),(330,'logistix','2018-02-15 12:11:34','2018-04-10 18:41:48','logistix',0,'','',0,'+ TVA','All in','\0',20,NULL,80,NULL,53,'ABC293934834','',NULL,2000,'','45',NULL,63,129,5,NULL,44,NULL,NULL),(331,'logistix','2018-03-13 18:46:02','2018-03-14 09:00:26','logistix',0,'','45 zile',1400,'+ TVA','All in','',111,NULL,1600,NULL,54,'arf3343','REF122',NULL,1600,'','30 zile',115,65,155,5,NULL,NULL,NULL,NULL),(332,'logistix','2018-04-10 18:41:48','2018-04-10 18:51:47','logistix',0,'','',0,'+ TVA','All in','\0',20,NULL,80,NULL,55,'ABC2939348343','3',NULL,2060,'','45',NULL,63,129,5,NULL,44,NULL,NULL),(333,'logistix','2018-04-10 18:41:48','2018-04-10 18:51:47','logistix',0,'','',0,'+ TVA','All in','\0',50,NULL,1000,NULL,56,'5569003','3',NULL,1236,'','45',NULL,65,129,5,NULL,65,NULL,NULL),(334,'logistix','2018-04-10 18:41:48','2018-04-10 18:51:47','logistix',0,'BH01CAZ','45',900,'+ TVA','+ TVA','\0',50,NULL,500,NULL,57,'Ref8893','REF4553',NULL,1030,'','15',116,63,110,5,NULL,NULL,NULL,NULL),(335,'logistix','2018-04-10 18:41:48','2018-04-10 18:51:47','logistix',0,'','',0,'+ TVA','All in','\0',200,NULL,2100,NULL,58,'3','3',NULL,2678,'','10',NULL,68,109,5,NULL,69,NULL,NULL),(336,'logistix','2018-04-10 18:41:48','2018-04-10 18:51:47','logistix',0,'','',0,'+ TVA','All in','\0',150,NULL,900,NULL,59,'3','3',NULL,1184.5,'','10',NULL,64,109,5,NULL,51,NULL,NULL),(337,'logistix','2018-04-10 18:41:48','2018-04-10 18:51:47','logistix',0,'','',0,'+ TVA','All in','\0',30,NULL,230,NULL,60,'3','3',NULL,298.7,'','10',NULL,62,109,5,NULL,53,NULL,NULL),(338,'logistix','2018-04-10 18:41:48','2018-04-10 18:51:47','logistix',0,'','',0,'+ TVA','All in','\0',100,NULL,800,NULL,61,'3','3',NULL,1050.6,'','10',NULL,64,109,5,NULL,49,NULL,NULL),(339,'logistix','2018-04-10 18:41:48','2018-04-10 18:51:47','logistix',0,'','',0,'+ TVA','All in','\0',100,NULL,700,NULL,62,'3','3',NULL,906.4,'','10',NULL,63,109,5,NULL,48,NULL,NULL),(340,'logistix','2018-04-10 18:41:48','2018-04-10 18:51:47','logistix',0,'','',0,'+ TVA','All in','\0',200,NULL,1750,NULL,63,'3','3',NULL,2266,'','10',NULL,62,109,5,NULL,67,NULL,NULL),(341,'logistix','2018-04-10 18:41:48','2018-04-10 18:51:47','logistix',0,'','',0,'+ TVA','All in','\0',50,NULL,800,NULL,64,'3','3',NULL,875.5,'','10',NULL,70,109,5,NULL,69,NULL,NULL),(342,'logistix','2018-04-10 18:41:48','2018-04-10 18:51:48','logistix',0,'','',0,'+ TVA','All in','\0',100,NULL,1000,NULL,65,'3','3',NULL,1133,'','10',NULL,69,109,5,NULL,72,NULL,NULL),(343,'logistix','2018-04-10 18:41:48','2018-04-10 18:51:48','logistix',0,'','',0,'+ TVA','All in','\0',80,NULL,400,NULL,66,'3','3',NULL,494.4,'','10',NULL,69,109,5,NULL,64,NULL,NULL),(344,'logistix','2018-04-10 18:41:48','2018-04-10 18:51:48','logistix',0,'','',0,'+ TVA','All in','\0',56,NULL,1050,NULL,67,'3','3',NULL,1133,'','45 zile',NULL,63,109,5,NULL,68,NULL,NULL),(345,'logistix','2018-04-10 18:41:48','2018-04-10 18:51:48','logistix',0,'','',0,'+ TVA','All in','\0',142,NULL,850,NULL,68,'3','3',NULL,1030,'','30 zile',NULL,69,109,5,NULL,47,NULL,NULL),(346,'logistix','2018-04-10 18:41:48','2018-04-10 18:51:48','logistix',0,'','',0,'+ TVA','All in','\0',41,NULL,481,NULL,69,'3','3',NULL,669.5,'','45 zile',NULL,65,109,5,NULL,44,NULL,NULL),(347,'logistix','2018-04-10 18:41:48','2018-04-10 18:51:48','logistix',0,'','',0,'+ TVA','All in','\0',100,NULL,900,NULL,70,'3','3',NULL,1030,'','10',NULL,69,109,5,NULL,53,NULL,NULL),(348,'logistix','2018-04-10 18:41:49','2018-04-10 18:51:47','logistix',0,'','',0,'+ TVA','All in','\0',200,NULL,1150,NULL,71,'3','3',NULL,1442,'','10',NULL,66,109,5,NULL,53,NULL,NULL),(349,'logistix','2018-04-10 18:41:49','2018-04-10 18:51:47','logistix',0,'','',0,'+ TVA','All in','\0',200,NULL,1400,NULL,72,'3','3',NULL,1648,'','10',NULL,64,109,5,NULL,45,NULL,NULL),(350,'logistix','2018-04-10 18:41:49','2018-04-10 18:51:47','logistix',0,'','',0,'+ TVA','All in','\0',150,NULL,1350,NULL,73,'3','3',NULL,1287.5,'','10',NULL,65,109,5,NULL,52,NULL,NULL),(351,'logistix','2018-04-10 18:41:49','2018-04-10 18:51:47','logistix',0,'','',0,'+ TVA','All in','\0',89,NULL,1178,NULL,74,'3','3',NULL,1339,'','45 zile',NULL,70,109,5,NULL,47,NULL,NULL),(352,'logistix','2018-04-10 18:41:49','2018-04-10 18:51:47','logistix',0,'','',0,'+ TVA','All in','\0',100,NULL,2000,NULL,75,'3','3',NULL,1854,'','10',NULL,62,109,5,NULL,67,NULL,NULL),(353,'logistix','2018-04-10 18:41:49','2018-04-10 18:51:47','logistix',0,'','',0,'+ TVA','All in','\0',75,NULL,1192,NULL,76,'3','3',NULL,1339,'','45 zile',NULL,64,109,5,NULL,46,NULL,NULL),(354,'logistix','2018-04-10 18:41:49','2018-04-10 18:51:47','logistix',0,'','',0,'+ TVA','All in','\0',35,NULL,430,NULL,77,'3','3',NULL,618,'marfa usoara','30 zile',NULL,67,109,5,NULL,67,NULL,NULL),(355,'logistix','2018-04-10 18:41:49','2018-04-10 18:51:47','logistix',0,'','',0,'+ TVA','All in','\0',20,NULL,200,NULL,78,'3','3',NULL,185.4,'','10',NULL,63,109,5,NULL,48,NULL,NULL),(356,'logistix','2018-04-10 18:41:49','2018-04-10 18:51:47','logistix',0,'','',0,'+ TVA','All in','\0',120,NULL,850,NULL,79,'3','3',NULL,978.5,'','30 zile',NULL,63,109,5,NULL,69,NULL,NULL),(357,'logistix','2018-04-10 18:51:47','2018-05-07 08:32:11','logistix',0,'','',0,'+ TVA','All in','\0',200,NULL,1150,NULL,1,'33','33',NULL,1485.26,'','10',NULL,66,109,5,NULL,53,NULL,NULL),(358,'logistix','2018-04-10 18:51:47','2018-05-07 08:32:11','logistix',0,'','',0,'+ TVA','All in','\0',200,NULL,1400,NULL,1,'33','33',NULL,1697.44,'','10',NULL,64,109,5,NULL,45,NULL,NULL),(359,'logistix','2018-04-10 18:51:47','2018-05-07 08:32:11','logistix',0,'','',0,'+ TVA','All in','\0',150,NULL,1350,NULL,1,'33','33',NULL,1326.12,'','10',NULL,65,109,5,NULL,52,NULL,NULL),(360,'logistix','2018-04-10 18:51:47','2018-05-07 08:32:11','logistix',0,'','',0,'+ TVA','All in','\0',89,NULL,1178,NULL,1,'33','33',NULL,1379.17,'','45 zile',NULL,70,109,5,NULL,47,NULL,NULL),(361,'logistix','2018-04-10 18:51:47','2018-05-07 08:32:11','logistix',0,'','',0,'+ TVA','All in','\0',100,NULL,2000,NULL,1,'33','33',NULL,1909.62,'','10',NULL,62,109,5,NULL,67,NULL,NULL),(362,'logistix','2018-04-10 18:51:47','2018-05-07 08:32:11','logistix',0,'','',0,'+ TVA','All in','\0',75,NULL,1192,NULL,1,'33','33',NULL,1379.17,'','45 zile',NULL,64,109,5,NULL,46,NULL,NULL),(363,'logistix','2018-04-10 18:51:47','2018-05-07 08:32:11','logistix',0,'','',0,'+ TVA','All in','\0',35,NULL,430,NULL,1,'33','33',NULL,636.54,'marfa usoara','30 zile',NULL,67,109,5,NULL,67,NULL,NULL),(364,'logistix','2018-04-10 18:51:47','2018-05-07 08:32:11','logistix',0,'','',0,'+ TVA','All in','\0',20,NULL,200,NULL,1,'33','33',NULL,190.962,'','10',NULL,63,109,5,NULL,48,NULL,NULL),(365,'logistix','2018-04-10 18:51:47','2018-05-07 08:32:11','logistix',0,'','',0,'+ TVA','All in','\0',120,NULL,850,NULL,1,'33','33',NULL,1007.85,'','30 zile',NULL,63,109,5,NULL,69,NULL,NULL),(366,'logistix','2018-04-10 18:51:47','2018-05-07 08:32:11','logistix',0,'','',0,'+ TVA','All in','\0',20,NULL,80,NULL,1,'ABC29393483433','33',NULL,2121.8,'','45',NULL,63,129,5,NULL,44,NULL,NULL),(367,'logistix','2018-04-10 18:51:47','2018-04-10 18:51:47','logistix',0,'','',0,'+ TVA','All in','\0',50,NULL,1000,NULL,90,'55690033','33',NULL,1273.08,'','45',NULL,65,129,5,NULL,65,NULL,NULL),(368,'logistix','2018-04-10 18:51:47','2018-04-10 18:51:47','logistix',0,'BH01CAZ','45',900,'+ TVA','+ TVA','\0',50,NULL,500,NULL,91,'Ref88933','REF45533',NULL,1060.9,'','15',116,63,110,5,NULL,NULL,NULL,NULL),(369,'logistix','2018-04-10 18:51:47','2018-04-10 18:51:47','logistix',0,'','',0,'+ TVA','All in','\0',200,NULL,2100,NULL,92,'33','33',NULL,2758.34,'','10',NULL,68,109,5,NULL,69,NULL,NULL),(370,'logistix','2018-04-10 18:51:47','2018-04-10 18:51:47','logistix',0,'','',0,'+ TVA','All in','\0',150,NULL,900,NULL,93,'33','33',NULL,1220.04,'','10',NULL,64,109,5,NULL,51,NULL,NULL),(371,'logistix','2018-04-10 18:51:47','2018-04-10 18:51:47','logistix',0,'','',0,'+ TVA','All in','\0',30,NULL,230,NULL,94,'33','33',NULL,307.661,'','10',NULL,62,109,5,NULL,53,NULL,NULL),(372,'logistix','2018-04-10 18:51:47','2018-04-10 18:51:47','logistix',0,'','',0,'+ TVA','All in','\0',100,NULL,800,NULL,95,'33','33',NULL,1082.12,'','10',NULL,64,109,5,NULL,49,NULL,NULL),(373,'logistix','2018-04-10 18:51:47','2018-04-10 18:51:47','logistix',0,'','',0,'+ TVA','All in','\0',100,NULL,700,NULL,96,'33','33',NULL,933.592,'','10',NULL,63,109,5,NULL,48,NULL,NULL),(374,'logistix','2018-04-10 18:51:47','2018-04-10 18:51:47','logistix',0,'','',0,'+ TVA','All in','\0',200,NULL,1750,NULL,97,'33','33',NULL,2333.98,'','10',NULL,62,109,5,NULL,67,NULL,NULL),(375,'logistix','2018-04-10 18:51:47','2018-04-10 18:51:47','logistix',0,'','',0,'+ TVA','All in','\0',50,NULL,800,NULL,98,'33','33',NULL,901.765,'','10',NULL,70,109,5,NULL,69,NULL,NULL),(376,'logistix','2018-04-10 18:51:47','2018-04-10 18:51:47','logistix',0,'','',0,'+ TVA','All in','\0',100,NULL,1000,NULL,99,'33','33',NULL,1166.99,'','10',NULL,69,109,5,NULL,72,NULL,NULL),(377,'logistix','2018-04-10 18:51:48','2018-05-07 08:32:11','logistix',0,'','',0,'+ TVA','All in','\0',80,NULL,400,NULL,1,'33','33',NULL,509.232,'','10',NULL,69,109,5,NULL,64,NULL,NULL),(378,'logistix','2018-04-10 18:51:48','2018-05-07 08:32:11','logistix',0,'','',0,'+ TVA','All in','\0',56,NULL,1050,NULL,1,'33','33',NULL,1166.99,'','45 zile',NULL,63,109,5,NULL,68,NULL,NULL),(379,'logistix','2018-04-10 18:51:48','2018-05-07 08:32:11','logistix',0,'','',0,'+ TVA','All in','\0',142,NULL,850,NULL,1,'33','33',NULL,1060.9,'','30 zile',NULL,69,109,5,NULL,47,NULL,NULL),(380,'logistix','2018-04-10 18:51:48','2018-05-07 08:32:11','logistix',0,'','',0,'+ TVA','All in','\0',41,NULL,481,NULL,1,'33','33',NULL,689.585,'','45 zile',NULL,65,109,5,NULL,44,NULL,NULL),(381,'logistix','2018-04-10 18:51:48','2018-05-07 08:32:11','logistix',0,'','',0,'+ TVA','All in','\0',100,NULL,900,NULL,1,'33','33',NULL,1060.9,'','10',NULL,69,109,5,NULL,53,NULL,NULL),(382,'logistix','2018-04-12 07:39:29','2018-05-07 08:32:11','logistix',0,'','',0,'+ TVA','All in','\0',30,NULL,330,NULL,1,'33455','',NULL,25,'','45',NULL,69,185,5,NULL,45,NULL,NULL),(383,'logistix','2018-04-12 08:00:39','2018-05-07 08:32:11','logistix',0,'','',0,'+ TVA','All in','\0',1,NULL,3,NULL,1,'','',NULL,1,'','',NULL,69,185,5,NULL,45,NULL,NULL),(384,'logistix','2018-04-12 08:01:49','2018-05-07 08:32:10','logistix',0,'','',0,'+ TVA','All in','\0',1,NULL,3,NULL,1,'','',NULL,12,'','',NULL,69,185,5,NULL,45,NULL,NULL),(385,'logistix','2018-04-12 08:03:04','2018-05-07 08:32:10','logistix',0,'','',0,'+ TVA','All in','\0',1,NULL,3,NULL,1,'','',NULL,1,'','',NULL,69,185,5,NULL,45,NULL,NULL),(386,'logistix','2018-04-12 08:03:56','2018-05-07 08:32:10','logistix',0,'','',0,'+ TVA','All in','\0',1,NULL,3,NULL,1,'','',NULL,2,'','',NULL,69,185,5,NULL,48,NULL,NULL),(387,'logistix','2018-04-12 08:05:32','2018-05-07 08:32:10','logistix',0,'','',0,'+ TVA','All in','\0',1,NULL,3,NULL,1,'ABCD','',NULL,12,'','30',NULL,69,185,5,NULL,51,NULL,NULL),(388,'logistix','2018-04-12 09:25:19','2018-05-07 08:32:10','logistix',0,'','',0,'+ TVA','All in','\0',NULL,NULL,NULL,NULL,1,'','',NULL,123,'','',NULL,69,185,5,NULL,69,NULL,NULL),(389,'otto','2018-04-14 12:09:51','2018-04-19 07:17:08','otto',0,'','',0,'+ TVA','All in','\0',20,NULL,200,NULL,1,'comanda 1','',NULL,300,'','30',NULL,76,187,14,NULL,179,NULL,NULL),(390,'otto','2018-04-15 16:38:40','2018-04-19 07:16:55','otto',0,'','',0,'+ TVA','+ TVA','\0',30,NULL,500,NULL,2,'C002','',NULL,800,'','30',NULL,77,188,14,NULL,NULL,NULL,NULL),(391,'otto','2018-04-16 11:24:09','2018-04-19 07:16:33','otto',0,'','',0,'+ TVA','+ TVA','\0',30,NULL,300,NULL,3,'C003','',NULL,500,'','30',NULL,78,189,14,NULL,181,NULL,NULL),(392,'otto','2018-04-17 05:24:31','2018-04-19 07:16:19','otto',0,'','',0,'+ TVA','+ TVA','\0',100,NULL,700,NULL,4,'C004','',NULL,600,'','30',NULL,80,190,14,NULL,182,NULL,NULL),(393,'otto','2018-04-17 05:28:52','2018-04-19 07:16:07','otto',0,'','',0,'+ TVA','+ TVA','',20,NULL,800,NULL,5,'C005','',NULL,400,'','30',NULL,80,190,14,NULL,NULL,NULL,NULL),(394,'otto','2018-04-17 07:08:05','2018-04-19 07:15:33','otto',0,'','',0,'+ TVA','+ TVA','\0',20,NULL,500,NULL,6,'C006','',NULL,500,'','30',NULL,78,190,14,NULL,182,NULL,NULL),(395,'otto','2018-04-17 07:54:15','2018-04-19 07:15:22','otto',0,'','',0,'+ TVA','+ TVA','\0',20,NULL,250,NULL,7,'C007','',NULL,300,'Va rog sa ne informati indata ce marfa e incarcata','30',NULL,80,190,14,NULL,181,NULL,NULL),(396,'otto','2018-04-17 08:01:46','2018-04-20 08:51:21','otto',0,'B100TIR','30',300,'+ TVA','+ TVA','\0',30,NULL,600,NULL,8,'C008','',NULL,350,'informati clientul indata ce marfa e incarcata','14',122,77,190,14,NULL,NULL,NULL,NULL),(397,'otto','2018-04-17 11:41:58','2018-04-19 07:14:52','otto',0,'','',1000,'+ TVA','All in','\0',300,NULL,10,NULL,9,'','',NULL,2000,'','',119,77,190,14,NULL,NULL,NULL,NULL),(398,'logistix','2018-04-17 12:05:37','2018-05-07 08:32:10','logistix',0,'','',0,'+ TVA','All in','\0',1,NULL,1,NULL,1,'','',NULL,12,'','',NULL,73,190,5,NULL,75,NULL,NULL),(399,'logistix','2018-04-17 12:08:22','2018-05-07 08:32:10','logistix',0,'','',0,'+ TVA','All in','\0',90,NULL,1000,NULL,1,'','',NULL,8,'','',NULL,73,190,5,NULL,75,NULL,NULL),(400,'otto','2018-04-18 07:46:23','2018-04-19 07:14:29','otto',0,'','30',400,'+ TVA','+ TVA','\0',20,NULL,200,NULL,10,'C010','',NULL,450,'','30',123,80,191,14,NULL,NULL,NULL,NULL),(401,'otto','2018-04-18 08:16:32','2018-04-19 07:14:07','otto',0,'','',0,'+ TVA','+ TVA','\0',10,NULL,300,NULL,11,'C011','',NULL,600,'','30',NULL,77,191,14,NULL,185,NULL,NULL),(402,'otto','2018-04-18 08:35:54','2018-04-19 07:13:34','otto',0,'','',0,'+ TVA','+ TVA','\0',100,NULL,900,NULL,12,'C012','',NULL,1200,'','14',NULL,76,191,14,NULL,185,NULL,NULL),(403,'otto','2018-04-19 11:25:50','2018-04-19 11:27:02','otto',0,'B304KAR','30',800,'+ TVA','+ TVA','\0',10,NULL,600,NULL,13,'C013','REF005',NULL,700,'','14',124,81,192,14,NULL,NULL,NULL,NULL),(404,'otto','2018-04-19 11:27:31','2018-04-19 11:28:38','otto',0,'','',0,'+ TVA','+ TVA','\0',20,NULL,500,NULL,14,'C014','',NULL,1000,'','14',NULL,82,192,14,NULL,186,NULL,NULL),(405,'otto','2018-04-19 11:29:30','2018-04-19 11:45:04','otto',0,'BH47TRX','14',1000,'+ TVA','+ TVA','\0',40,NULL,500,NULL,15,'C014','',NULL,1200,'','14',125,83,192,14,NULL,NULL,NULL,NULL),(406,'otto','2018-04-19 11:55:10','2018-04-19 12:34:43','otto',0,'','',0,'+ TVA','+ TVA','\0',30,NULL,600,NULL,16,'C015','',NULL,500,'','30',NULL,83,192,14,NULL,187,NULL,NULL),(407,'otto','2018-04-19 12:43:38','2018-04-19 12:45:02','otto',0,'','',0,'+ TVA','+ TVA','\0',20,NULL,300,NULL,17,'C015','',NULL,1000,'','30',NULL,85,192,14,NULL,188,NULL,NULL),(408,'otto','2018-04-19 13:03:28','2018-04-20 07:06:45','otto',0,'','14',1000,'+ TVA','+ TVA','\0',50,NULL,600,NULL,18,'C016','',NULL,1200,'','14',128,86,192,14,NULL,NULL,NULL,NULL),(409,'otto','2018-04-20 07:04:48','2018-04-20 07:06:55','otto',0,'','',0,'+ TVA','+ TVA','\0',25,NULL,400,NULL,19,'C017','',NULL,1000,'','14',NULL,76,193,14,NULL,182,NULL,NULL),(410,'otto','2018-04-20 08:47:12','2018-04-20 08:49:15','otto',0,'','',0,'+ TVA','+ TVA','\0',30,NULL,450,NULL,20,'C018','',NULL,1000,'','14',NULL,78,193,14,NULL,185,NULL,NULL),(411,'otto','2018-04-23 08:17:51','2018-04-23 08:19:56','otto',0,'BH86BRV','30',1000,'+ TVA','+ TVA','\0',30,NULL,500,NULL,21,'C020','C020',NULL,1200,'','30',128,80,196,14,NULL,NULL,NULL,NULL),(412,'otto','2018-04-23 13:16:46','2018-04-23 13:18:02','otto',0,'','',0,'+ TVA','+ TVA','\0',50,NULL,500,NULL,22,'C021','',NULL,1500,'','30',NULL,78,196,14,NULL,179,NULL,NULL),(413,'otto','2018-04-25 08:41:07','2018-04-25 08:42:24','otto',0,'','',0,'+ TVA','+ TVA','',100,NULL,1000,NULL,23,'C022','',NULL,1000,'','14',NULL,77,197,14,NULL,179,NULL,NULL),(414,'otto','2018-04-26 09:00:46','2018-04-26 09:03:05','otto',0,'B104CRG','14',1000,'+ TVA','+ TVA','\0',35,NULL,650,NULL,23,'C023','',NULL,1500,'','30',120,85,198,14,NULL,NULL,NULL,NULL),(415,'logistix','2018-04-30 05:54:48','2018-05-07 08:32:10','logistix',0,'BH-22-SCR','60',1800,'+ TVA','All in','\0',40,NULL,900,NULL,115,'3334492','98829',NULL,2000,'Marfa fragila','45',114,66,202,5,NULL,NULL,NULL,NULL),(416,'otto','2018-05-02 08:54:03','2018-05-02 08:59:47','otto',0,'','',0,'+ TVA','+ TVA','\0',50,NULL,1700,NULL,24,'C027','',NULL,1350,'','30',NULL,77,204,14,NULL,182,NULL,NULL),(417,'otto','2018-05-03 06:29:57','2018-05-03 06:32:04','otto',0,'','',0,'+ TVA','+ TVA','\0',30,NULL,160,NULL,25,'C027','',NULL,1500,'','30',NULL,76,205,14,NULL,181,NULL,NULL),(418,'otto','2018-05-03 07:09:45','2018-05-03 07:29:16','otto',0,'','',0,'+ TVA','+ TVA','\0',50,NULL,350,NULL,26,'C028','',NULL,1000,'','14',NULL,78,205,14,NULL,182,NULL,NULL),(419,'otto','2018-05-03 07:31:45','2018-05-03 07:34:19','otto',0,'SB19TRM','14',1300,'+ TVA','+ TVA','\0',50,NULL,550,NULL,27,'C029','C029',NULL,1600,'','30',123,85,205,14,NULL,NULL,NULL,NULL),(420,'otto','2018-05-03 13:21:49','2018-05-03 13:25:16','otto',0,'TM28GEX','14',1000,'+ TVA','+ TVA','\0',50,NULL,1000,NULL,28,'C031','C031',NULL,700,'','30',122,78,205,14,NULL,NULL,NULL,NULL),(421,'otto','2018-05-04 07:32:33','2018-05-04 07:34:21','otto',0,'','',0,'+ TVA','+ TVA','\0',50,NULL,1000,NULL,29,'C032','',NULL,1000,'','14',NULL,86,206,14,NULL,179,NULL,NULL),(422,'otto','2018-05-04 08:11:43','2018-05-04 08:14:17','otto',0,'','',0,'+ TVA','All in','\0',50,NULL,700,NULL,30,'','',NULL,1000,'','',NULL,83,206,14,NULL,182,NULL,NULL),(423,'otto','2018-05-04 08:55:06','2018-05-04 08:59:05','otto',0,'','',0,'+ TVA','+ TVA','\0',30,NULL,270,NULL,31,'C034','',NULL,1500,'','14',NULL,82,206,14,NULL,186,NULL,NULL),(424,'otto','2018-05-04 09:08:05','2018-05-04 09:13:04','otto',0,'','',0,'+ TVA','+ TVA','\0',20,NULL,400,NULL,32,'C035','',NULL,1000,'','14',NULL,85,206,14,NULL,188,NULL,NULL),(425,'otto','2018-05-04 09:13:38','2018-05-04 09:16:32','otto',0,'','',0,'+ TVA','+ TVA','\0',30,NULL,700,NULL,33,'C036','',NULL,1000,'','14',NULL,83,206,14,NULL,187,NULL,NULL),(426,'otto','2018-05-04 09:18:10','2018-05-04 09:24:04','otto',0,'','',0,'+ TVA','+ TVA','\0',NULL,NULL,350,NULL,34,'C037','',NULL,1000,'','7',NULL,80,206,14,NULL,184,NULL,NULL),(427,'otto','2018-05-04 09:24:45','2018-05-04 09:32:02','otto',0,'','',0,'+ TVA','+ TVA','\0',30,NULL,450,NULL,35,'C038','',NULL,1500,'','30',NULL,81,206,14,NULL,185,NULL,NULL),(428,'otto','2018-05-04 13:05:28','2018-05-04 13:18:43','otto',0,'','',0,'+ TVA','+ TVA','\0',30,NULL,850,NULL,36,'C038','',NULL,800,'','14',NULL,80,206,14,NULL,181,NULL,NULL),(429,'otto','2018-05-04 13:19:47','2018-05-04 13:22:40','otto',0,'','',0,'+ TVA','+ TVA','\0',50,NULL,1100,NULL,37,'C040','',NULL,1200,'','14',NULL,76,206,14,NULL,186,NULL,NULL),(430,'logistix','2018-05-04 13:25:29','2018-05-04 13:41:47','logistix',0,'','',0,'+ TVA','All in','',NULL,NULL,NULL,NULL,115,'','',NULL,6666,'','',NULL,63,206,5,NULL,45,NULL,NULL),(431,'logistix','2018-05-07 08:32:10','2018-05-07 08:32:10','logistix',0,'BH-22-SCR','60',1800,'+ TVA','All in','\0',40,NULL,900,NULL,NULL,'33344924','988294',NULL,2060,'Marfa fragila','45',114,66,202,5,NULL,NULL,NULL,NULL),(432,'logistix','2018-05-07 08:32:10','2018-05-07 08:32:10','logistix',0,'','',0,'+ TVA','All in','\0',90,NULL,1000,NULL,NULL,'4','4',NULL,8.24,'','',NULL,73,190,5,NULL,75,NULL,NULL),(433,'logistix','2018-05-07 08:32:10','2018-05-07 08:32:10','logistix',0,'','',0,'+ TVA','All in','\0',1,NULL,1,NULL,NULL,'4','4',NULL,12.36,'','',NULL,73,190,5,NULL,75,NULL,NULL),(434,'logistix','2018-05-07 08:32:10','2018-05-07 08:32:10','logistix',0,'','',0,'+ TVA','All in','\0',NULL,NULL,NULL,NULL,NULL,'4','4',NULL,126.69,'','',NULL,69,185,5,NULL,69,NULL,NULL),(435,'logistix','2018-05-07 08:32:10','2018-05-07 08:32:10','logistix',0,'','',0,'+ TVA','All in','\0',1,NULL,3,NULL,NULL,'ABCD4','4',NULL,12.36,'','30',NULL,69,185,5,NULL,51,NULL,NULL),(436,'logistix','2018-05-07 08:32:10','2018-05-07 08:32:10','logistix',0,'','',0,'+ TVA','All in','\0',1,NULL,3,NULL,NULL,'4','4',NULL,2.06,'','',NULL,69,185,5,NULL,48,NULL,NULL),(437,'logistix','2018-05-07 08:32:10','2018-05-07 08:32:10','logistix',0,'','',0,'+ TVA','All in','\0',1,NULL,3,NULL,NULL,'4','4',NULL,1.03,'','',NULL,69,185,5,NULL,45,NULL,NULL),(438,'logistix','2018-05-07 08:32:10','2018-05-07 08:32:10','logistix',0,'','',0,'+ TVA','All in','\0',1,NULL,3,NULL,NULL,'4','4',NULL,12.36,'','',NULL,69,185,5,NULL,45,NULL,NULL),(439,'logistix','2018-05-07 08:32:11','2018-05-07 08:32:11','logistix',0,'','',0,'+ TVA','All in','\0',1,NULL,3,NULL,NULL,'4','4',NULL,1.03,'','',NULL,69,185,5,NULL,45,NULL,NULL),(440,'logistix','2018-05-07 08:32:11','2018-05-07 08:32:11','logistix',0,'','',0,'+ TVA','All in','\0',30,NULL,330,NULL,NULL,'334554','4',NULL,25.75,'','45',NULL,69,185,5,NULL,45,NULL,NULL),(441,'logistix','2018-05-07 08:32:11','2018-05-07 08:32:11','logistix',0,'','',0,'+ TVA','All in','\0',80,NULL,400,NULL,NULL,'334','334',NULL,524.509,'','10',NULL,69,109,5,NULL,64,NULL,NULL),(442,'logistix','2018-05-07 08:32:11','2018-05-07 08:32:11','logistix',0,'','',0,'+ TVA','All in','\0',56,NULL,1050,NULL,NULL,'334','334',NULL,1202,'','45 zile',NULL,63,109,5,NULL,68,NULL,NULL),(443,'logistix','2018-05-07 08:32:11','2018-05-07 08:32:11','logistix',0,'','',0,'+ TVA','All in','\0',142,NULL,850,NULL,NULL,'334','334',NULL,1092.73,'','30 zile',NULL,69,109,5,NULL,47,NULL,NULL),(444,'logistix','2018-05-07 08:32:11','2018-05-07 08:32:11','logistix',0,'','',0,'+ TVA','All in','\0',41,NULL,481,NULL,NULL,'334','334',NULL,710.273,'','45 zile',NULL,65,109,5,NULL,44,NULL,NULL),(445,'logistix','2018-05-07 08:32:11','2018-05-07 08:32:11','logistix',0,'','',0,'+ TVA','All in','\0',100,NULL,900,NULL,NULL,'334','334',NULL,1092.73,'','10',NULL,69,109,5,NULL,53,NULL,NULL),(446,'logistix','2018-05-07 08:32:11','2018-05-07 08:32:11','logistix',0,'','',0,'+ TVA','All in','\0',200,NULL,1150,NULL,NULL,'334','334',NULL,1529.82,'','10',NULL,66,109,5,NULL,53,NULL,NULL),(447,'logistix','2018-05-07 08:32:11','2018-05-07 08:32:11','logistix',0,'','',0,'+ TVA','All in','\0',200,NULL,1400,NULL,NULL,'334','334',NULL,1748.36,'','10',NULL,64,109,5,NULL,45,NULL,NULL),(448,'logistix','2018-05-07 08:32:11','2018-05-07 08:32:11','logistix',0,'','',0,'+ TVA','All in','\0',150,NULL,1350,NULL,NULL,'334','334',NULL,1365.9,'','10',NULL,65,109,5,NULL,52,NULL,NULL),(449,'logistix','2018-05-07 08:32:11','2018-05-07 08:32:11','logistix',0,'','',0,'+ TVA','All in','\0',89,NULL,1178,NULL,NULL,'334','334',NULL,1420.55,'','45 zile',NULL,70,109,5,NULL,47,NULL,NULL),(450,'logistix','2018-05-07 08:32:11','2018-05-07 08:32:11','logistix',0,'','',0,'+ TVA','All in','\0',100,NULL,2000,NULL,NULL,'334','334',NULL,1966.91,'','10',NULL,62,109,5,NULL,67,NULL,NULL),(451,'logistix','2018-05-07 08:32:11','2018-05-07 08:32:11','logistix',0,'','',0,'+ TVA','All in','\0',75,NULL,1192,NULL,NULL,'334','334',NULL,1420.55,'','45 zile',NULL,64,109,5,NULL,46,NULL,NULL),(452,'logistix','2018-05-07 08:32:11','2018-05-07 08:32:11','logistix',0,'','',0,'+ TVA','All in','\0',35,NULL,430,NULL,NULL,'334','334',NULL,655.636,'marfa usoara','30 zile',NULL,67,109,5,NULL,67,NULL,NULL),(453,'logistix','2018-05-07 08:32:11','2018-05-07 08:32:11','logistix',0,'','',0,'+ TVA','All in','\0',20,NULL,200,NULL,NULL,'334','334',NULL,196.691,'','10',NULL,63,109,5,NULL,48,NULL,NULL),(454,'logistix','2018-05-07 08:32:11','2018-05-07 08:32:11','logistix',0,'','',0,'+ TVA','All in','\0',120,NULL,850,NULL,NULL,'334','334',NULL,1038.09,'','30 zile',NULL,63,109,5,NULL,69,NULL,NULL),(455,'logistix','2018-05-07 08:32:11','2018-05-07 08:32:11','logistix',0,'','',0,'+ TVA','All in','\0',20,NULL,80,NULL,NULL,'ABC293934834334','334',NULL,2185.45,'','45',NULL,63,129,5,NULL,44,NULL,NULL),(456,'otto','2018-05-08 07:06:50','2018-05-08 07:12:54','otto',0,'','',0,'+ TVA','+ TVA','\0',60,NULL,1380,NULL,38,'C040','',NULL,1300,'plata la descarccare','0',NULL,83,210,14,NULL,181,NULL,NULL),(457,'otto','2018-05-09 06:36:12','2018-05-09 06:38:31','otto',0,'','',0,'+ TVA','+ TVA','\0',30,NULL,450,NULL,39,'C041','',NULL,600,'','7',NULL,85,211,14,NULL,186,NULL,NULL),(458,'otto','2018-05-10 07:07:40','2018-05-10 07:09:50','otto',0,'','',0,'+ TVA','+ TVA','\0',60,NULL,1600,NULL,40,'C042','',NULL,1400,'','30',NULL,80,212,14,NULL,187,NULL,NULL),(459,'otto','2018-05-11 07:18:40','2018-05-11 07:21:22','otto',0,'','',0,'+ TVA','+ TVA','\0',40,NULL,1450,NULL,41,'C043','',NULL,1200,'','7',NULL,81,213,14,NULL,179,NULL,NULL),(460,'otto','2018-05-11 09:31:36','2018-05-11 09:32:28','otto',0,'cd','43',1222,'All in','All in','\0',121,NULL,1212,NULL,42,'','',NULL,23,'23','2',120,78,213,14,NULL,NULL,NULL,NULL),(461,'otto','2018-05-11 11:25:32','2018-05-11 11:26:56','otto',0,'','',0,'+ TVA','+ TVA','\0',40,NULL,650,NULL,43,'C045','',NULL,700,'','7',NULL,87,213,14,NULL,185,NULL,NULL),(462,'otto','2018-05-15 08:11:31','2018-05-15 08:15:00','otto',0,'','',0,'+ TVA','+ TVA','\0',30,NULL,450,NULL,44,'C046','',NULL,1000,'','7',NULL,87,217,14,NULL,181,NULL,NULL),(463,'otto','2018-05-16 09:16:18','2018-05-16 09:19:54','otto',0,'BH33TRM','7',1000,'+ TVA','+ TVA','\0',20,NULL,330,NULL,45,'C050','',NULL,700,'','7',125,85,218,14,NULL,NULL,NULL,NULL),(464,'otto','2018-05-17 07:33:00','2018-05-17 07:34:37','otto',0,'','',0,'+ TVA','+ TVA','\0',20,NULL,430,NULL,46,'C051','',NULL,1000,'','7',NULL,87,219,14,NULL,189,NULL,NULL),(465,'otto','2018-05-17 07:35:14','2018-05-17 07:38:27','otto',0,'','',0,'+ TVA','+ TVA','\0',20,NULL,530,NULL,47,'C052','',NULL,1000,'','7',NULL,81,219,14,NULL,185,NULL,NULL),(466,'otto','2018-05-18 07:01:53','2018-05-18 07:03:13','otto',0,'','',0,'+ TVA','+ TVA','\0',NULL,NULL,500,NULL,48,'C052','',NULL,500,'','7',NULL,86,220,14,NULL,184,NULL,NULL),(467,'otto','2018-05-18 07:04:00','2018-05-18 07:05:10','otto',0,'','',0,'+ TVA','+ TVA','\0',20,NULL,330,NULL,49,'C054','',NULL,1000,'','7',NULL,77,220,14,NULL,188,NULL,NULL),(468,'otto','2018-05-18 07:33:43','2018-05-18 07:34:54','otto',0,'','',0,'+ TVA','+ TVA','\0',50,NULL,600,NULL,50,'C055','',NULL,1000,'','7',NULL,87,220,14,NULL,188,NULL,NULL),(469,'otto','2018-05-21 12:42:37','2018-05-21 12:44:34','otto',0,'','',0,'+ TVA','+ TVA','\0',20,NULL,430,NULL,51,'','',NULL,500,'','7',NULL,84,223,14,NULL,188,NULL,NULL),(470,'otto','2018-05-23 06:09:40','2018-05-23 06:10:42','otto',0,'','',0,'+ TVA','+ TVA','\0',20,NULL,430,NULL,52,'','',NULL,700,'','7',NULL,88,225,14,NULL,181,NULL,NULL),(471,'otto','2018-05-23 06:11:20','2018-05-23 06:12:14','otto',0,'','',0,'+ TVA','+ TVA','\0',30,NULL,650,NULL,53,'','',NULL,500,'','7',NULL,86,225,14,NULL,189,NULL,NULL),(472,'otto','2018-05-23 08:43:49','2018-05-23 08:45:16','otto',0,'','',0,'+ TVA','+ TVA','\0',20,NULL,500,NULL,54,'','',NULL,800,'','7',NULL,85,225,14,NULL,182,NULL,NULL);
/*!40000 ALTER TABLE `orders` ENABLE KEYS */;
UNLOCK TABLES;

--
-- Table structure for table `unload_locations`
--

DROP TABLE IF EXISTS `unload_locations`;
/*!40101 SET @saved_cs_client     = @@character_set_client */;
/*!40101 SET character_set_client = utf8 */;
CREATE TABLE `unload_locations` (
  `id` bigint(20) NOT NULL AUTO_INCREMENT,
  `created_by` varchar(255) DEFAULT NULL,
  `created_date` datetime DEFAULT NULL,
  `last_update_date` datetime DEFAULT NULL,
  `updated_by` varchar(255) DEFAULT NULL,
  `version` int(11) NOT NULL,
  `address` varchar(255) DEFAULT NULL,
  `city` varchar(255) DEFAULT NULL,
  `company` varchar(255) DEFAULT NULL,
  `country` varchar(255) DEFAULT NULL,
  `date` datetime DEFAULT NULL,
  `deleted` bit(1) NOT NULL,
  `goods_length` varchar(255) DEFAULT NULL,
  `goods_reference` varchar(255) DEFAULT NULL,
  `goods_type` varchar(255) DEFAULT NULL,
  `goods_weight` varchar(255) DEFAULT NULL,
  `loading_number` int(11) DEFAULT NULL,
  `observation` varchar(255) DEFAULT NULL,
  `pallets_nr` varchar(255) DEFAULT NULL,
  `unloading_number` int(11) DEFAULT NULL,
  `customer_id` bigint(20) DEFAULT NULL,
  `order_id` bigint(20) DEFAULT NULL,
  `load_location_id` bigint(20) DEFAULT NULL,
  PRIMARY KEY (`id`),
  KEY `FKtm1b64vncjw3gpebggpxfn0r4` (`customer_id`),
  KEY `FKo25q6qkqr46f0pm2sp8v5xdd5` (`order_id`),
  KEY `FKfabsmoun33unhqfy2l4seprs3` (`load_location_id`),
  CONSTRAINT `FKfabsmoun33unhqfy2l4seprs3` FOREIGN KEY (`load_location_id`) REFERENCES `vehicles` (`id`),
  CONSTRAINT `FKo25q6qkqr46f0pm2sp8v5xdd5` FOREIGN KEY (`order_id`) REFERENCES `orders` (`id`),
  CONSTRAINT `FKtm1b64vncjw3gpebggpxfn0r4` FOREIGN KEY (`customer_id`) REFERENCES `customers` (`id`)
) ENGINE=InnoDB AUTO_INCREMENT=577 DEFAULT CHARSET=latin1;
/*!40101 SET character_set_client = @saved_cs_client */;

--
-- Dumping data for table `unload_locations`
--

LOCK TABLES `unload_locations` WRITE;
/*!40000 ALTER TABLE `unload_locations` DISABLE KEYS */;
INSERT INTO `unload_locations` VALUES (352,'logistix','2018-01-25 10:32:15','2018-01-25 14:55:23','logistix',0,'Bateaux Mouche ','75000 Paris','Swift Trans',NULL,'2018-01-04 00:00:00','\0','10','','Medicamente','22t',1,'','10',1,5,278,NULL),(353,'logistix','2018-01-25 10:44:42','2018-01-25 14:54:49','logistix',0,'Bulevardul 22 Dec. nr.5','330004 Deva','Etern Trans',NULL,'2018-01-07 00:00:00','\0','20','','Animale domestice','6t',1,'','10',1,5,279,NULL),(354,'logistix','2018-01-25 11:07:27','2018-01-25 14:54:30','logistix',0,'Divallo nr.3','1070 Anderlecht','Aurora Transportation Center',NULL,'2018-01-05 00:00:00','\0','13.6','','Carti','19t',1,'','20',1,5,280,NULL),(355,'logistix','2018-01-25 11:16:46','2018-01-25 14:54:02','logistix',0,'Legiendamm nr.4','10115 Berlin','Central Transportation Systems',NULL,'2018-01-08 00:00:00','\0','10','','Medicamente','7t',1,'','26',1,5,281,NULL),(356,'logistix','2018-01-25 11:25:03','2018-01-25 14:53:23','logistix',0,'Stifterstrasse 4','4020 Linz','CRST International Inc.',NULL,'2018-01-06 00:00:00','\0','13.6','','Medicamente','4t',1,'','28',1,5,282,NULL),(357,'logistix','2018-01-25 11:31:55','2018-01-25 14:52:46','logistix',0,'Alte Allee','80331 Munchen','Estes Express Lines',NULL,'2018-01-09 00:00:00','\0','13.6','','Medicamente','21t',1,'','30',1,5,283,NULL),(358,'logistix','2018-01-25 11:38:24','2018-01-25 14:51:43','logistix',0,'Rambla de Catalunya','08001 Barcelona','Heartland Express',NULL,'2018-01-10 00:00:00','\0','13.6','','Medicamente','10',1,'','33',1,5,284,NULL),(359,'logistix','2018-01-25 11:43:30','2018-01-25 14:51:19','logistix',0,'Calle Trinidad','29670 Malaga','Kirby Corporation',NULL,'2018-01-12 00:00:00','\0','13.6','','Marfa generala','22',1,'','33',1,5,285,NULL),(360,'logistix','2018-01-25 11:47:40','2018-01-25 14:49:59','logistix',0,'Paradeplats','8000 Zurich','Landstar Services',NULL,'2018-01-13 00:00:00','\0','5','','Medicamente','10t',1,'','15',1,5,286,NULL),(361,'logistix','2018-01-25 11:50:13','2018-01-25 14:50:14','logistix',0,'J. Junkerngasse','3000 Berna','National Carriers Inc.',NULL,'2018-01-14 00:00:00','\0','5','','Medicamente','10t',1,'','15',2,5,286,NULL),(362,'logistix','2018-01-25 11:53:27','2018-01-25 14:50:04','logistix',0,'Stronchasse','9000 St. Gallen','N-Motion Auto Transport',NULL,'2018-01-16 00:00:00','\0','3.6','','Medicamente','2t',1,'','3',3,5,286,NULL),(365,'logistix','2018-01-25 12:25:50','2018-01-25 14:48:09','logistix',0,'Ditzingen','70000 Stuttgart','Post Oak Auto Trans',NULL,'2018-01-26 00:00:00','\0','13.6','','Medicamente','10t',1,'Marfa de volum','32',1,5,288,NULL),(366,'logistix','2018-01-25 12:29:12','2018-01-25 14:47:35','logistix',0,'Robekk','6419 Molde','St George Shuttle',NULL,'2018-01-27 00:00:00','\0','12','','Medicamente','25',2,'','30',2,5,288,NULL),(367,'logistix','2018-01-25 12:44:50','2018-01-25 14:48:27','logistix',0,'Hochstrasse 97A','60000 Frankfurt','Sears LTD',NULL,'2018-01-27 00:00:00','\0','13.6','','Medicamente','8t',1,'Marfa usoara','33',1,5,287,NULL),(368,'logistix','2018-01-25 13:05:57','2018-01-25 14:45:55','logistix',0,'Zuidsloot 14','1008 Amsterdam','Conserv LTD',NULL,'2018-02-15 00:00:00','\0','13.6','','Marfa paletata','16t',1,'','33',1,5,289,NULL),(369,'logistix','2018-01-25 13:09:31','2018-01-25 14:45:20','logistix',0,'Alee de Frenes 76','66000 Perpignan','Auchan ',NULL,'2018-02-15 00:00:00','\0','13.6','','Marfa paletata','20',1,'','33',1,5,290,NULL),(370,'logistix','2018-01-25 13:40:51','2018-01-25 14:44:46','logistix',0,'Rout de 14 Juliet 13','31000 Toulouse','Logistics Toulouse',NULL,'2018-02-12 00:00:00','\0','13.6','','Marfa usoara','5t',1,'','33',1,5,291,NULL),(371,'logistix','2018-01-25 13:43:13','2018-01-25 14:44:06','logistix',0,'Via Marconi 32','20019 Milano','General Noli Spa.',NULL,'2018-02-19 00:00:00','\0','13.6','','Marfa generala','22t',1,'','33',1,5,292,NULL),(372,'logistix','2018-01-25 14:07:45','2018-01-25 14:07:45','logistix',0,'Walterscheid-Mller-Strae 14','53797 Lohmar','Kaufland ','France','2018-02-05 00:00:00','\0','13.6','','Marfa usoara','8t',1,'','30',1,5,293,NULL),(373,'logistix','2018-01-25 14:18:40','2018-01-25 14:18:40','logistix',0,'Robert Dansaertlaan 9','1702 Dilbeek','Bio Planet','Germany','2018-02-05 00:00:00','\0','13.6','','Marfa generala','20t',1,'','29',1,5,294,NULL),(374,'logistix','2018-01-25 14:28:02','2018-01-25 14:28:02','logistix',0,'Bd Victor Hugo 106','59000 Lille','Lidl','Germany','2018-02-19 00:00:00','\0','12.5','','Marfa generala','15t',1,'','28',1,5,295,NULL),(375,'logistix','2018-01-25 14:31:13','2018-01-25 14:37:23','logistix',0,'Hort-Dieter 7-10','34134 Kassel','Jardan GmbH',NULL,'2018-02-20 00:00:00','\0','13.6','','Marga paletata','5t',1,'','33',1,5,297,NULL),(376,'logistix','2018-01-25 14:34:27','2018-01-25 14:42:40','logistix',0,'Dioszegi ut ','4000 Debrecen ','Star Transport Inc.',NULL,'2018-02-06 00:00:00','\0','13','','Marfa usoara','25',1,'','15',1,5,296,NULL),(377,'logistix','2018-01-25 14:38:41','2018-01-25 14:38:41','logistix',0,'19 Alee de Gerledan','35135 Rennes','Leroy Merlin','Germany','2018-02-28 00:00:00','\0','13.6','','Marfa generala','19t',1,'','31',1,5,299,NULL),(378,'logistix','2018-01-25 14:40:56','2018-01-25 14:42:06','logistix',0,'Catalunya 134','08038 Barcelona','Swift Transportation',NULL,'2018-02-07 00:00:00','\0','10','','Marfa usaora','26',1,'','13',1,5,300,NULL),(379,'logistix','2018-01-25 14:41:27','2018-01-25 14:41:27','logistix',0,'Waltendorfer Hauptstrae 121','8010 Graz','Unimarkt ','France','2018-02-16 00:00:00','\0','13.6','','Marfa paletata','20t',1,'','33',1,5,301,NULL),(380,'logistix','2018-01-25 14:46:08','2018-01-25 14:46:08','logistix',0,'Bokrijk','2020 Genk','Trailer Wheel Inc','Romania','2018-02-11 00:00:00','\0','13','','Marfa usoara','27',1,'','10',1,5,302,NULL),(381,'logistix','2018-01-25 14:55:20','2018-01-25 14:57:25','logistix',0,'Calea Fagarasului nr.8','700259  Iasi','World  Distribution Inc',NULL,'2018-02-21 00:00:00','\0','13','','Marfa usoara','30',1,'','13',1,5,303,NULL),(382,'logistix','2018-01-25 15:01:41','2018-01-25 15:01:41','logistix',0,'Eroilor Avenue','400102 Cluj','Aurora Transportation ','Switzerland','2018-02-06 00:00:00','\0','13','','Marfa usoara ','29',1,'','13',1,5,304,NULL),(383,'logistix','2018-01-25 15:05:56','2018-01-25 15:05:56','logistix',0,'Calea Selimbarului','410001 Oradea','Dynamex Inc.','Poland','2018-02-12 00:00:00','\0','13','','Marfa usaora','28',1,'','12',1,5,305,NULL),(384,'logistix','2018-01-25 15:15:41','2018-01-25 15:15:41','logistix',0,'Herman Strasse 57','90745 Nurnberg','TSV Altenfurt','Czech Republic','2018-02-16 00:00:00','\0','13.6','','Marfa generala','15t',1,'','30',1,5,306,NULL),(385,'logistix','2018-01-25 15:17:12','2018-01-25 15:17:12','logistix',0,'Nuevo Marchesi 4','20034 Corsico','Ikea','France','2018-02-16 00:00:00','\0','13.6','','Marfa paletata','20t',1,'','33',1,5,307,NULL),(386,'logistix','2018-01-25 15:19:07','2018-02-16 11:19:21','logistix',0,'Rue du Bac 46','75007 Paris','Phillips','Belgium','2018-02-20 00:00:00','','13.6','','Marfa generala','18t',1,'','33',1,5,308,NULL),(387,'logistix','2018-01-25 15:21:58','2018-01-25 15:21:58','logistix',0,'Paseo Patasi 2','08030 Barcelona','Leroy Merlin','France','2018-02-21 00:00:00','\0','13.6','','Marfa paletata','19t',1,'','30',1,5,309,NULL),(388,'logistix','2018-01-25 16:40:31','2018-02-16 11:19:44','logistix',0,'Trebur','55112 Mainz','Sound Transit','Belgium','2018-02-10 00:00:00','','10','','Marfa usoara','10',1,'','15',1,5,310,NULL),(389,'logistix','2018-01-25 16:41:54','2018-02-16 11:19:44','logistix',0,'Leinburg','90402 Nurnberg','St George Shuttle','Germany','2018-02-12 00:00:00','','3,6','','Marfa usaora','10',1,'','15',2,5,310,NULL),(390,'logistix','2018-01-25 16:49:55','2018-01-25 16:49:55','logistix',0,'Osdorp','1093 Amsterdam','Swift Transportation','France','2018-02-20 00:00:00','\0','10','','Marfa usoara','10',1,'','15',1,5,311,NULL),(391,'logistix','2018-01-25 16:51:27','2018-01-25 16:51:27','logistix',0,'Weena','1016 LV Rotterdam','Trailer Wheel Inc','Netherlands','2018-02-22 00:00:00','\0','3,6','','Marfa usoara','10',1,'','15',2,5,311,NULL),(392,'logistix','2018-01-25 16:57:20','2018-01-25 16:57:20','logistix',0,'Auriol','13001 Marseille','Star Transport','Germany','2018-02-24 00:00:00','\0','10','','Marfa usoara','10',1,'','15',1,5,312,NULL),(393,'logistix','2018-01-25 17:01:17','2018-01-25 17:01:17','logistix',0,'Reze','44000 Nantes',' Inc.','France','2018-02-26 00:00:00','\0','3,6','','Marfa usoara','10',4,'','15',2,5,312,NULL),(394,'logistix','2018-01-25 17:06:14','2018-01-25 17:06:14','logistix',0,'Axberg','4020 Linz','Kirby Corporation','Germany','2018-02-16 00:00:00','\0','10','','Marfa usoara','10',1,'','15',1,5,313,NULL),(395,'logistix','2018-01-25 17:07:40','2018-01-25 17:07:40','logistix',0,'Wobling','8010 Graz','CRST Inc','Austria','2018-02-18 00:00:00','\0','3,6','','Marfa usoara','10',1,'','15',2,5,313,NULL),(396,'logistix','2018-01-25 17:11:42','2018-01-25 17:11:42','logistix',0,'Silla','46800 Valencia','Central Transportation','Hungary','2018-02-14 00:00:00','\0','10','','Marfa usoara','10',1,'','15',1,5,314,NULL),(397,'logistix','2018-01-25 17:13:09','2018-01-25 17:13:09','logistix',0,'Coslada','28008 Madrid','Con-Way Freight','Spain','2018-02-16 00:00:00','\0','3','','Marfa usaora','10',1,'','15',2,5,314,NULL),(398,'logistix','2018-01-25 17:19:40','2018-01-25 17:19:40','logistix',0,'Binningen','4000 Basel','Estes Express Lines','Slovakia','2018-02-17 00:00:00','\0','10','','Marfa usoara','10',1,'','15',1,5,315,NULL),(399,'logistix','2018-01-25 17:22:21','2018-01-26 07:52:19','logistix',0,'Zelenec','91702 Trnava','St George Shuttle',NULL,'2018-02-21 00:00:00','\0','3','','Marfa usoara','10',2,'','15',2,5,315,NULL),(400,'logistix','2018-01-25 17:27:17','2018-01-25 17:27:17','logistix',0,'Nova Vas','2000 Maribor','Clipper America Inc.','France','2018-02-17 00:00:00','\0','10','','Marfa usoara','10',1,'','15',1,5,316,NULL),(401,'logistix','2018-01-25 17:29:47','2018-01-25 17:29:47','logistix',0,'Hem','59000 Lille','Post Oak  Trans','Slovenia','2018-02-23 00:00:00','\0','3,6','','Marfa usoara','10',2,'','15',2,5,316,NULL),(402,'logistix','2018-01-25 17:41:00','2018-01-26 07:52:56','logistix',0,'Grunau','04103 Leipzig','Scheinder Trans',NULL,'2018-02-06 00:00:00','\0','10','','Marfa usoara','10',1,'','15',1,5,317,NULL),(403,'logistix','2018-01-25 17:43:50','2018-01-25 17:43:50','logistix',0,'Senov','700 30 Ostrava','Estes Inc ','Germany','2018-02-09 00:00:00','\0','3','','Marfa usoara','10',2,'','15',2,5,317,NULL),(404,'logistix','2018-01-25 17:48:24','2018-01-25 17:48:24','logistix',0,'Mutala','33100 Tampere','Navistar Trans','Belarus','2018-02-15 00:00:00','\0','10','','Marfa usoara','10',1,'','15',1,5,318,NULL),(405,'logistix','2018-01-25 17:51:51','2018-01-25 17:51:51','logistix',0,'Galevo','224831 Pinsk','Costas Trans','Finland','2018-02-23 00:00:00','\0','3','','Marfa usoara','10',2,'','15',2,5,318,NULL),(406,'logistix','2018-01-25 17:57:06','2018-01-25 17:57:06','logistix',0,'Madalena','4000-008 Porto','Fram Company Inc','Italy','2018-02-09 00:00:00','\0','10','','Marfa usoara','10',1,'','15',1,5,319,NULL),(407,'logistix','2018-01-25 17:59:54','2018-01-25 17:59:54','logistix',0,'Bogliasco','16121 Genoa','Swift Trans','Portugal','2018-02-18 00:00:00','\0','3.6','','Marfa usoara','10',2,'','15',2,5,319,NULL),(408,'logistix','2018-01-26 11:29:22','2018-01-26 11:29:22','logistix',0,'Portului nr. 3','Constanta','Firma B','Romania','2018-02-02 00:00:00','\0','13','','Generala','22 tone',1,'','33',1,5,320,NULL),(409,'logistix','2018-01-31 09:26:42','2018-01-31 09:26:42','logistix',0,'asd','asasdasd','asdasdasddasd','Romania','2018-03-09 00:00:00','\0','dasd','sdas','asdas','das',2,'d','asda',3,5,319,NULL),(410,'logistix','2018-02-15 06:44:32','2018-02-15 06:44:32','logistix',0,'Hilfestrasse 25','Munchen','Bayer','Romania','2018-02-20 00:00:00','\0','3','9001','Generala','1,3 tone',1,'','3',1,5,329,NULL),(411,'logistix','2018-02-15 12:13:55','2018-02-15 12:13:55','logistix',0,'abcd','cluj','ABC','Romania','2018-02-16 00:00:00','\0','2','jhgfd','paletata','22',1,'','3',1,5,330,NULL),(412,'logistix','2018-03-13 18:47:43','2018-03-14 09:00:26','logistix',0,'asdasda','asda','asdas','American Samoa','2018-03-19 00:00:00','','13.6','ref1234','generala','22',1,'','33',1,5,331,NULL),(413,'logistix','2018-04-10 18:41:48','2018-04-10 18:41:48','logistix',0,'abcd','cluj','ABC','Romania','2018-03-16 00:00:00','\0','2','jhgfd','paletata','22',1,'','3',1,5,332,NULL),(414,'logistix','2018-04-10 18:41:48','2018-04-10 18:41:48','logistix',0,'Hilfestrasse 25','Munchen','Bayer','Romania','2018-03-20 00:00:00','\0','3','9001','Generala','1,3 tone',1,'','3',1,5,333,NULL),(415,'logistix','2018-04-10 18:41:48','2018-04-10 18:41:48','logistix',0,'Portului nr. 3','Constanta','Firma B','Romania','2018-03-02 00:00:00','\0','13','','Generala','22 tone',1,'','33',1,5,334,NULL),(416,'logistix','2018-04-10 18:41:48','2018-04-10 18:41:48','logistix',0,'Madalena','4000-008 Porto','Fram Company Inc','Italy','2018-03-09 00:00:00','\0','10','','Marfa usoara','10',1,'','15',1,5,335,NULL),(417,'logistix','2018-04-10 18:41:48','2018-04-10 18:41:48','logistix',0,'Bogliasco','16121 Genoa','Swift Trans','Portugal','2018-03-18 00:00:00','\0','3.6','','Marfa usoara','10',2,'','15',2,5,335,NULL),(418,'logistix','2018-04-10 18:41:48','2018-04-10 18:41:48','logistix',0,'asd','asasdasd','asdasdasddasd','Romania','2018-04-09 00:00:00','\0','dasd','sdas','asdas','das',2,'d','asda',3,5,335,NULL),(419,'logistix','2018-04-10 18:41:48','2018-04-10 18:41:48','logistix',0,'Mutala','33100 Tampere','Navistar Trans','Belarus','2018-03-15 00:00:00','\0','10','','Marfa usoara','10',1,'','15',1,5,336,NULL),(420,'logistix','2018-04-10 18:41:48','2018-04-10 18:41:48','logistix',0,'Galevo','224831 Pinsk','Costas Trans','Finland','2018-03-23 00:00:00','\0','3','','Marfa usoara','10',2,'','15',2,5,336,NULL),(421,'logistix','2018-04-10 18:41:48','2018-04-10 18:41:48','logistix',0,'Grunau','04103 Leipzig','Scheinder Trans',NULL,'2018-03-06 00:00:00','\0','10','','Marfa usoara','10',1,'','15',1,5,337,NULL),(422,'logistix','2018-04-10 18:41:48','2018-04-10 18:41:48','logistix',0,'Senov','700 30 Ostrava','Estes Inc ','Germany','2018-03-09 00:00:00','\0','3','','Marfa usoara','10',2,'','15',2,5,337,NULL),(423,'logistix','2018-04-10 18:41:48','2018-04-10 18:41:48','logistix',0,'Nova Vas','2000 Maribor','Clipper America Inc.','France','2018-03-17 00:00:00','\0','10','','Marfa usoara','10',1,'','15',1,5,338,NULL),(424,'logistix','2018-04-10 18:41:48','2018-04-10 18:41:48','logistix',0,'Hem','59000 Lille','Post Oak  Trans','Slovenia','2018-03-23 00:00:00','\0','3,6','','Marfa usoara','10',2,'','15',2,5,338,NULL),(425,'logistix','2018-04-10 18:41:48','2018-04-10 18:41:48','logistix',0,'Binningen','4000 Basel','Estes Express Lines','Slovakia','2018-03-17 00:00:00','\0','10','','Marfa usoara','10',1,'','15',1,5,339,NULL),(426,'logistix','2018-04-10 18:41:48','2018-04-10 18:41:48','logistix',0,'Zelenec','91702 Trnava','St George Shuttle',NULL,'2018-03-21 00:00:00','\0','3','','Marfa usoara','10',2,'','15',2,5,339,NULL),(427,'logistix','2018-04-10 18:41:48','2018-04-10 18:41:48','logistix',0,'Silla','46800 Valencia','Central Transportation','Hungary','2018-03-14 00:00:00','\0','10','','Marfa usoara','10',1,'','15',1,5,340,NULL),(428,'logistix','2018-04-10 18:41:48','2018-04-10 18:41:48','logistix',0,'Coslada','28008 Madrid','Con-Way Freight','Spain','2018-03-16 00:00:00','\0','3','','Marfa usaora','10',1,'','15',2,5,340,NULL),(429,'logistix','2018-04-10 18:41:48','2018-04-10 18:41:48','logistix',0,'Axberg','4020 Linz','Kirby Corporation','Germany','2018-03-16 00:00:00','\0','10','','Marfa usoara','10',1,'','15',1,5,341,NULL),(430,'logistix','2018-04-10 18:41:48','2018-04-10 18:41:48','logistix',0,'Wobling','8010 Graz','CRST Inc','Austria','2018-03-18 00:00:00','\0','3,6','','Marfa usoara','10',1,'','15',2,5,341,NULL),(431,'logistix','2018-04-10 18:41:48','2018-04-10 18:41:48','logistix',0,'Auriol','13001 Marseille','Star Transport','Germany','2018-03-24 00:00:00','\0','10','','Marfa usoara','10',1,'','15',1,5,342,NULL),(432,'logistix','2018-04-10 18:41:48','2018-04-10 18:41:48','logistix',0,'Reze','44000 Nantes',' Inc.','France','2018-03-26 00:00:00','\0','3,6','','Marfa usoara','10',4,'','15',2,5,342,NULL),(433,'logistix','2018-04-10 18:41:48','2018-04-10 18:41:48','logistix',0,'Osdorp','1093 Amsterdam','Swift Transportation','France','2018-03-20 00:00:00','\0','10','','Marfa usoara','10',1,'','15',1,5,343,NULL),(434,'logistix','2018-04-10 18:41:48','2018-04-10 18:41:48','logistix',0,'Weena','1016 LV Rotterdam','Trailer Wheel Inc','Netherlands','2018-03-22 00:00:00','\0','3,6','','Marfa usoara','10',1,'','15',2,5,343,NULL),(435,'logistix','2018-04-10 18:41:48','2018-04-10 18:41:48','logistix',0,'Paseo Patasi 2','08030 Barcelona','Leroy Merlin','France','2018-03-21 00:00:00','\0','13.6','','Marfa paletata','19t',1,'','30',1,5,344,NULL),(436,'logistix','2018-04-10 18:41:48','2018-04-10 18:41:48','logistix',0,'Nuevo Marchesi 4','20034 Corsico','Ikea','France','2018-03-16 00:00:00','\0','13.6','','Marfa paletata','20t',1,'','33',1,5,345,NULL),(437,'logistix','2018-04-10 18:41:48','2018-04-10 18:41:48','logistix',0,'Herman Strasse 57','90745 Nurnberg','TSV Altenfurt','Czech Republic','2018-03-16 00:00:00','\0','13.6','','Marfa generala','15t',1,'','30',1,5,346,NULL),(438,'logistix','2018-04-10 18:41:49','2018-04-10 18:41:49','logistix',0,'Calea Selimbarului','410001 Oradea','Dynamex Inc.','Poland','2018-03-12 00:00:00','\0','13','','Marfa usaora','28',1,'','12',1,5,347,NULL),(439,'logistix','2018-04-10 18:41:49','2018-04-10 18:41:49','logistix',0,'Eroilor Avenue','400102 Cluj','Aurora Transportation ','Switzerland','2018-03-06 00:00:00','\0','13','','Marfa usoara ','29',1,'','13',1,5,348,NULL),(440,'logistix','2018-04-10 18:41:49','2018-04-10 18:41:49','logistix',0,'Calea Fagarasului nr.8','700259  Iasi','World  Distribution Inc',NULL,'2018-03-21 00:00:00','\0','13','','Marfa usoara','30',1,'','13',1,5,349,NULL),(441,'logistix','2018-04-10 18:41:49','2018-04-10 18:41:49','logistix',0,'Bokrijk','2020 Genk','Trailer Wheel Inc','Romania','2018-03-11 00:00:00','\0','13','','Marfa usoara','27',1,'','10',1,5,350,NULL),(442,'logistix','2018-04-10 18:41:49','2018-04-10 18:41:49','logistix',0,'Waltendorfer Hauptstrae 121','8010 Graz','Unimarkt ','France','2018-03-16 00:00:00','\0','13.6','','Marfa paletata','20t',1,'','33',1,5,351,NULL),(443,'logistix','2018-04-10 18:41:49','2018-04-10 18:41:49','logistix',0,'Catalunya 134','08038 Barcelona','Swift Transportation',NULL,'2018-03-07 00:00:00','\0','10','','Marfa usaora','26',1,'','13',1,5,352,NULL),(444,'logistix','2018-04-10 18:41:49','2018-04-10 18:41:49','logistix',0,'19 Alee de Gerledan','35135 Rennes','Leroy Merlin','Germany','2018-03-28 00:00:00','\0','13.6','','Marfa generala','19t',1,'','31',1,5,353,NULL),(445,'logistix','2018-04-10 18:41:49','2018-04-10 18:41:49','logistix',0,'Hort-Dieter 7-10','34134 Kassel','Jardan GmbH',NULL,'2018-03-20 00:00:00','\0','13.6','','Marga paletata','5t',1,'','33',1,5,354,NULL),(446,'logistix','2018-04-10 18:41:49','2018-04-10 18:41:49','logistix',0,'Dioszegi ut ','4000 Debrecen ','Star Transport Inc.',NULL,'2018-03-06 00:00:00','\0','13','','Marfa usoara','25',1,'','15',1,5,355,NULL),(447,'logistix','2018-04-10 18:41:49','2018-04-10 18:41:49','logistix',0,'Bd Victor Hugo 106','59000 Lille','Lidl','Germany','2018-03-19 00:00:00','\0','12.5','','Marfa generala','15t',1,'','28',1,5,356,NULL),(448,'logistix','2018-04-10 18:51:47','2018-04-10 18:51:47','logistix',0,'Eroilor Avenue','400102 Cluj','Aurora Transportation ','Switzerland','2018-04-06 00:00:00','\0','13','','Marfa usoara ','29',1,'','13',1,5,357,NULL),(449,'logistix','2018-04-10 18:51:47','2018-04-10 18:51:47','logistix',0,'Calea Fagarasului nr.8','700259  Iasi','World  Distribution Inc',NULL,'2018-04-21 00:00:00','\0','13','','Marfa usoara','30',1,'','13',1,5,358,NULL),(450,'logistix','2018-04-10 18:51:47','2018-04-10 18:51:47','logistix',0,'Bokrijk','2020 Genk','Trailer Wheel Inc','Romania','2018-04-11 00:00:00','\0','13','','Marfa usoara','27',1,'','10',1,5,359,NULL),(451,'logistix','2018-04-10 18:51:47','2018-04-10 18:51:47','logistix',0,'Waltendorfer Hauptstrae 121','8010 Graz','Unimarkt ','France','2018-04-16 00:00:00','\0','13.6','','Marfa paletata','20t',1,'','33',1,5,360,NULL),(452,'logistix','2018-04-10 18:51:47','2018-04-10 18:51:47','logistix',0,'Catalunya 134','08038 Barcelona','Swift Transportation',NULL,'2018-04-07 00:00:00','\0','10','','Marfa usaora','26',1,'','13',1,5,361,NULL),(453,'logistix','2018-04-10 18:51:47','2018-04-10 18:51:47','logistix',0,'19 Alee de Gerledan','35135 Rennes','Leroy Merlin','Germany','2018-04-28 00:00:00','\0','13.6','','Marfa generala','19t',1,'','31',1,5,362,NULL),(454,'logistix','2018-04-10 18:51:47','2018-04-10 18:51:47','logistix',0,'Hort-Dieter 7-10','34134 Kassel','Jardan GmbH',NULL,'2018-04-20 00:00:00','\0','13.6','','Marga paletata','5t',1,'','33',1,5,363,NULL),(455,'logistix','2018-04-10 18:51:47','2018-04-10 18:51:47','logistix',0,'Dioszegi ut ','4000 Debrecen ','Star Transport Inc.',NULL,'2018-04-06 00:00:00','\0','13','','Marfa usoara','25',1,'','15',1,5,364,NULL),(456,'logistix','2018-04-10 18:51:47','2018-04-10 18:51:47','logistix',0,'Bd Victor Hugo 106','59000 Lille','Lidl','Germany','2018-04-19 00:00:00','\0','12.5','','Marfa generala','15t',1,'','28',1,5,365,NULL),(457,'logistix','2018-04-10 18:51:47','2018-04-10 18:51:47','logistix',0,'abcd','cluj','ABC','Romania','2018-04-16 00:00:00','\0','2','jhgfd','paletata','22',1,'','3',1,5,366,NULL),(458,'logistix','2018-04-10 18:51:47','2018-04-10 18:51:47','logistix',0,'Hilfestrasse 25','Munchen','Bayer','Romania','2018-04-20 00:00:00','\0','3','9001','Generala','1,3 tone',1,'','3',1,5,367,NULL),(459,'logistix','2018-04-10 18:51:47','2018-04-10 18:51:47','logistix',0,'Portului nr. 3','Constanta','Firma B','Romania','2018-04-02 00:00:00','\0','13','','Generala','22 tone',1,'','33',1,5,368,NULL),(460,'logistix','2018-04-10 18:51:47','2018-04-10 18:51:47','logistix',0,'Madalena','4000-008 Porto','Fram Company Inc','Italy','2018-04-09 00:00:00','\0','10','','Marfa usoara','10',1,'','15',1,5,369,NULL),(461,'logistix','2018-04-10 18:51:47','2018-04-10 18:51:47','logistix',0,'Bogliasco','16121 Genoa','Swift Trans','Portugal','2018-04-18 00:00:00','\0','3.6','','Marfa usoara','10',2,'','15',2,5,369,NULL),(462,'logistix','2018-04-10 18:51:47','2018-04-10 18:51:47','logistix',0,'asd','asasdasd','asdasdasddasd','Romania','2018-05-09 00:00:00','\0','dasd','sdas','asdas','das',2,'d','asda',3,5,369,NULL),(463,'logistix','2018-04-10 18:51:47','2018-04-10 18:51:47','logistix',0,'Mutala','33100 Tampere','Navistar Trans','Belarus','2018-04-15 00:00:00','\0','10','','Marfa usoara','10',1,'','15',1,5,370,NULL),(464,'logistix','2018-04-10 18:51:47','2018-04-10 18:51:47','logistix',0,'Galevo','224831 Pinsk','Costas Trans','Finland','2018-04-23 00:00:00','\0','3','','Marfa usoara','10',2,'','15',2,5,370,NULL),(465,'logistix','2018-04-10 18:51:47','2018-04-10 18:51:47','logistix',0,'Grunau','04103 Leipzig','Scheinder Trans',NULL,'2018-04-06 00:00:00','\0','10','','Marfa usoara','10',1,'','15',1,5,371,NULL),(466,'logistix','2018-04-10 18:51:47','2018-04-10 18:51:47','logistix',0,'Senov','700 30 Ostrava','Estes Inc ','Germany','2018-04-09 00:00:00','\0','3','','Marfa usoara','10',2,'','15',2,5,371,NULL),(467,'logistix','2018-04-10 18:51:47','2018-04-10 18:51:47','logistix',0,'Nova Vas','2000 Maribor','Clipper America Inc.','France','2018-04-17 00:00:00','\0','10','','Marfa usoara','10',1,'','15',1,5,372,NULL),(468,'logistix','2018-04-10 18:51:47','2018-04-10 18:51:47','logistix',0,'Hem','59000 Lille','Post Oak  Trans','Slovenia','2018-04-23 00:00:00','\0','3,6','','Marfa usoara','10',2,'','15',2,5,372,NULL),(469,'logistix','2018-04-10 18:51:47','2018-04-10 18:51:47','logistix',0,'Binningen','4000 Basel','Estes Express Lines','Slovakia','2018-04-17 00:00:00','\0','10','','Marfa usoara','10',1,'','15',1,5,373,NULL),(470,'logistix','2018-04-10 18:51:47','2018-04-10 18:51:47','logistix',0,'Zelenec','91702 Trnava','St George Shuttle',NULL,'2018-04-21 00:00:00','\0','3','','Marfa usoara','10',2,'','15',2,5,373,NULL),(471,'logistix','2018-04-10 18:51:47','2018-04-10 18:51:47','logistix',0,'Silla','46800 Valencia','Central Transportation','Hungary','2018-04-14 00:00:00','\0','10','','Marfa usoara','10',1,'','15',1,5,374,NULL),(472,'logistix','2018-04-10 18:51:47','2018-04-10 18:51:47','logistix',0,'Coslada','28008 Madrid','Con-Way Freight','Spain','2018-04-16 00:00:00','\0','3','','Marfa usaora','10',1,'','15',2,5,374,NULL),(473,'logistix','2018-04-10 18:51:47','2018-04-10 18:51:47','logistix',0,'Axberg','4020 Linz','Kirby Corporation','Germany','2018-04-16 00:00:00','\0','10','','Marfa usoara','10',1,'','15',1,5,375,NULL),(474,'logistix','2018-04-10 18:51:47','2018-04-10 18:51:47','logistix',0,'Wobling','8010 Graz','CRST Inc','Austria','2018-04-18 00:00:00','\0','3,6','','Marfa usoara','10',1,'','15',2,5,375,NULL),(475,'logistix','2018-04-10 18:51:48','2018-04-10 18:51:48','logistix',0,'Auriol','13001 Marseille','Star Transport','Germany','2018-04-24 00:00:00','\0','10','','Marfa usoara','10',1,'','15',1,5,376,NULL),(476,'logistix','2018-04-10 18:51:48','2018-04-10 18:51:48','logistix',0,'Reze','44000 Nantes',' Inc.','France','2018-04-26 00:00:00','\0','3,6','','Marfa usoara','10',4,'','15',2,5,376,NULL),(477,'logistix','2018-04-10 18:51:48','2018-04-10 18:51:48','logistix',0,'Osdorp','1093 Amsterdam','Swift Transportation','France','2018-04-20 00:00:00','\0','10','','Marfa usoara','10',1,'','15',1,5,377,NULL),(478,'logistix','2018-04-10 18:51:48','2018-04-10 18:51:48','logistix',0,'Weena','1016 LV Rotterdam','Trailer Wheel Inc','Netherlands','2018-04-22 00:00:00','\0','3,6','','Marfa usoara','10',1,'','15',2,5,377,NULL),(479,'logistix','2018-04-10 18:51:48','2018-04-10 18:51:48','logistix',0,'Paseo Patasi 2','08030 Barcelona','Leroy Merlin','France','2018-04-21 00:00:00','\0','13.6','','Marfa paletata','19t',1,'','30',1,5,378,NULL),(480,'logistix','2018-04-10 18:51:48','2018-04-10 18:51:48','logistix',0,'Nuevo Marchesi 4','20034 Corsico','Ikea','France','2018-04-16 00:00:00','\0','13.6','','Marfa paletata','20t',1,'','33',1,5,379,NULL),(481,'logistix','2018-04-10 18:51:48','2018-04-10 18:51:48','logistix',0,'Herman Strasse 57','90745 Nurnberg','TSV Altenfurt','Czech Republic','2018-04-16 00:00:00','\0','13.6','','Marfa generala','15t',1,'','30',1,5,380,NULL),(482,'logistix','2018-04-10 18:51:48','2018-04-10 18:51:48','logistix',0,'Calea Selimbarului','410001 Oradea','Dynamex Inc.','Poland','2018-04-12 00:00:00','\0','13','','Marfa usaora','28',1,'','12',1,5,381,NULL),(483,'logistix','2018-04-12 07:40:43','2018-04-12 07:40:43','logistix',0,'Cibinului 23','Sibiu','Auchan','Romania','2018-04-23 00:00:00','\0','14','32333','Generala','17 tone',1,'','20',1,5,382,NULL),(484,'logistix','2018-04-12 08:01:29','2018-04-12 08:01:29','logistix',0,'strazii 3','alesd','unloading site','Romania','2018-04-13 00:00:00','\0','','','','',1,'','',1,5,383,NULL),(485,'logistix','2018-04-12 08:02:27','2018-04-12 08:02:27','logistix',0,'street','alesd','unload','Romania','2018-04-13 00:00:00','\0','','','','',1,'','',1,5,384,NULL),(486,'logistix','2018-04-12 08:03:41','2018-04-12 08:03:41','logistix',0,'nr44','suncuius','descarcare srl','Romania','2018-04-13 00:00:00','\0','','','','',1,'','',1,5,385,NULL),(487,'logistix','2018-04-12 08:04:34','2018-04-12 08:04:34','logistix',0,'Strada','Alesd','firma B','Romania','2018-04-16 00:00:00','\0','','','','',1,'','',1,5,386,NULL),(488,'logistix','2018-04-12 08:06:33','2018-04-12 08:06:33','logistix',0,'Soarelui','Cluj','NUme descarcare','Romania','2018-04-26 00:00:00','\0','13','','generala','22',1,'','33',1,5,387,NULL),(489,'otto','2018-04-14 12:19:57','2018-04-14 12:19:57','otto',0,'napoca 1','Cluj Napoca','firma 2','Romania','2018-04-16 00:00:00','\0','1.92','','palet ','1600 kg',1,'','2',1,14,389,NULL),(490,'otto','2018-04-15 16:40:53','2018-04-15 16:40:53','otto',0,'adresa 2','bucuresti','firma 2','Romania','2018-04-24 00:00:00','\0','3.8','','Europalet','200',1,'','4',1,14,390,NULL),(491,'otto','2018-04-16 11:25:43','2018-04-16 11:25:43','otto',0,'craiovei 1','Craiova','Firma 3','Romania','2018-04-17 00:00:00','\0','1.92','','Europalet','600',1,'','2',1,14,391,NULL),(492,'otto','2018-04-17 05:27:33','2018-04-17 05:27:33','otto',0,'republicii 6','constanta','firma 4','Romania','2018-04-19 00:00:00','\0','4','','europalet','1200',1,'','4',1,14,392,NULL),(493,'otto','2018-04-17 05:31:17','2018-04-19 07:16:07','otto',0,'aleea bucuresti 81','Brasov','firma 5','Romania','2018-04-22 00:00:00','','','','persoane','1600',1,'','',1,14,393,NULL),(494,'otto','2018-04-17 07:12:20','2018-04-17 07:12:20','otto',0,'strada Bucegi 18','Craiova','Client 6','Romania','2018-04-18 00:00:00','\0','','','palet','600',1,'','3',1,14,394,NULL),(495,'otto','2018-04-17 07:57:11','2018-04-17 07:57:11','otto',0,'republicii 16','Ploiesti','Firma 8','Romania','2018-04-20 00:00:00','\0','','','Europalet','300',1,'','3',1,14,395,NULL),(496,'otto','2018-04-17 08:04:19','2018-04-17 08:04:19','otto',0,'Victoriei 38','Satu Mare','Firma 9','Romania','2018-05-09 00:00:00','\0','','','Europalet','1500',1,'','5',1,14,396,NULL),(497,'otto','2018-04-17 11:42:51','2018-04-17 11:42:51','otto',0,'strada 2','cluj','firma descarcare','Romania','2018-04-19 00:00:00','\0','','','','',1,'','',1,14,397,NULL),(498,'logistix','2018-04-17 12:07:17','2018-04-17 12:07:17','logistix',0,'strada scunda','Oradea','Ghe SA','Romania','2018-04-12 00:00:00','\0','','','','',1,'','',1,5,398,NULL),(499,'logistix','2018-04-17 12:09:44','2018-04-18 10:26:20','logistix',0,'conform CMR','Cluj','XYZ SA',NULL,'2018-04-19 00:00:00','\0','','','','',1,'','',2,5,399,NULL),(500,'otto','2018-04-18 07:49:07','2018-04-18 07:49:07','otto',0,'decebal 30','Baia Mare','descarcare','Romania','2018-04-20 00:00:00','\0','2.9','','Europalet','600',1,'sunati inainte cu o ora de a ajunge la descarcare','3',1,14,400,NULL),(501,'otto','2018-04-18 08:19:17','2018-04-18 08:19:17','otto',0,'Aleea Bucuresti 15','Sibiu','Auchan Sibiu','Romania','2018-04-19 00:00:00','\0','24','','mobilier','800',1,'','',1,14,401,NULL),(502,'otto','2018-04-18 08:40:22','2018-04-18 10:41:37','otto',0,'Aviatorilor 47','Bucuresti','Firma descarcare',NULL,'2018-04-25 00:00:00','\0','19.2','','tamplarie PVC','4500',1,'Descarcare la adresa la ora 9 fix . ','',2,14,402,NULL),(503,'otto','2018-04-18 08:42:06','2018-04-18 10:41:33','otto',0,'calea Floresti 329','Cluj Napoca','descarcare Cluj Napoca',NULL,'2018-04-24 00:00:00','\0','2','','europalet','200',2,'','2',1,14,402,NULL),(504,'logistix','2018-04-18 10:25:58','2018-04-18 10:25:58','logistix',0,'Independentei 33','Alesd','SC DDD','Romania','2018-04-19 00:00:00','\0','','','','',2,'','',1,5,399,NULL),(505,'otto','2018-04-19 11:27:02','2018-04-19 11:27:02','otto',0,'Grivitei 32','Piatra Neamt','Simbac','Romania','2018-04-24 00:00:00','\0','','','materiale de constructii','2400',1,'','4',1,14,403,NULL),(506,'otto','2018-04-19 11:28:39','2018-04-19 11:28:39','otto',0,'aleea Bucuresti 26','Brasov','Segros Brasov','Romania','2018-04-25 00:00:00','\0','4','','Europalet','800',1,'','4',1,14,404,NULL),(507,'otto','2018-04-19 11:45:04','2018-04-19 11:45:04','otto',0,'Chiajnei 93','Iasi','Rolexim SRL','Romania','2018-04-26 00:00:00','\0','4','','Europalet','1000',1,'Descarcare programata la ora 11 A.M','4',1,14,405,NULL),(508,'otto','2018-04-19 12:34:44','2018-04-19 12:34:44','otto',0,'atomistilor 15','magurele','Roadmeister','Romania','2018-04-25 00:00:00','\0','9','','Europalet','4200',1,'descarcare la prima ora - 8 A.M','',1,14,406,NULL),(509,'otto','2018-04-19 12:45:02','2018-04-19 12:45:02','otto',0,'libertatii 93','Craiova','Transgex','Romania','2018-04-26 00:00:00','\0','3','','Europalet','600',1,'','3',1,14,407,NULL),(510,'otto','2018-04-19 13:07:52','2018-04-19 13:07:52','otto',0,'Apelor 14','Comarnic','Avitrans','Romania','2018-04-25 00:00:00','\0','','','Europalet','6000',1,'','',1,14,408,NULL),(511,'otto','2018-04-20 07:06:28','2018-04-20 07:06:28','otto',0,'apelor 39','sibiu','geocor srl','Romania','2018-04-25 00:00:00','\0','6','','Europalet','1000',1,'','',1,14,409,NULL),(512,'otto','2018-04-20 08:49:15','2018-04-20 08:49:15','otto',0,'Iosif Vulcan 49','targu mures','Art decor SRL','Romania','2018-04-21 00:00:00','\0','10','C018','','1400',1,'','',1,14,410,NULL),(513,'otto','2018-04-23 08:19:56','2018-04-23 08:19:56','otto',0,'Decebal 32','Pitesti','Hecomin','Romania','2018-04-25 00:00:00','\0','','','','4000',1,'','8',1,14,411,NULL),(514,'otto','2018-04-23 13:18:02','2018-04-23 13:18:02','otto',0,'Dunarii 93','Brasov','Contmar','Romania','2018-04-26 00:00:00','\0','5','','','6000',1,'','5',1,14,412,NULL),(515,'otto','2018-04-25 08:42:01','2018-04-25 08:42:24','otto',0,'napoca 12','cluj napoca','234','Romania','2018-04-26 00:00:00','','','','','3000',1,'','',1,14,413,NULL),(516,'otto','2018-04-26 09:03:06','2018-04-26 09:03:06','otto',0,'uzinelor 42','vaslui','Abac ','Hungary','2018-05-02 00:00:00','\0','8','','','6000',1,'','10',1,14,414,NULL),(517,'logistix','2018-04-30 05:56:14','2018-04-30 05:56:14','logistix',0,'Strada Sirenei nr 23','Constanta','Portul Constanta','Romania','2018-05-09 00:00:00','\0','14','333429','Generala','9 tone',1,'','14',1,5,415,NULL),(518,'otto','2018-05-02 08:59:47','2018-05-02 08:59:47','otto',0,'FR-13140 MIRAMAS','MIRAMAS','SUD ID LOGISTICS','Hungary','2018-05-15 00:00:00','\0','','C026','Europalet','7700',1,'17 paleti la schimb','17',1,14,416,NULL),(519,'otto','2018-05-03 06:32:04','2018-05-03 06:32:04','otto',0,'Ogorului 93','Oradea','Vandana','Romania','2018-05-03 00:00:00','\0','8','','Bauturi','6400',1,'Descarcare pana in ora 18','8',1,14,417,NULL),(520,'otto','2018-05-03 07:29:16','2018-05-03 07:29:16','otto',0,'calarasilor 29','Bistrita','volcom','Romania','2018-05-05 00:00:00','\0','7','','','5000',1,'descarcare pana in ora 12','7',1,14,418,NULL),(521,'otto','2018-05-03 07:34:19','2018-05-03 07:35:45','otto',0,'List Ferenc 15','Gyor','Tatramax KFT',NULL,'2018-05-08 00:00:00','\0','','C029','','6000',1,'9 paleti la schimb','9',1,14,419,NULL),(522,'otto','2018-05-03 13:25:16','2018-05-03 13:25:16','otto',0,'Robert-Bosch 8','Regensburg','DHL Regensburt','Romania','2018-05-09 00:00:00','\0','','C031','marfa ambalata in cutii carton','3200',1,'descarcare programata pe ora 10 ','6',1,14,420,NULL),(523,'otto','2018-05-04 07:33:49','2018-05-04 07:33:49','otto',0,'bradului 78','Slatina','Velcorom','Romania','2018-05-08 00:00:00','\0','','C032','','7000',1,'','14',1,14,421,NULL),(524,'otto','2018-05-04 08:14:18','2018-05-04 08:14:18','otto',0,'brailei 38','Braila','Ferexim','Romania','2018-05-10 00:00:00','\0','','C033','','5200',1,'descarcare programata la ora 9','9',1,14,422,NULL),(525,'otto','2018-05-04 08:58:08','2018-05-04 08:58:08','otto',0,'ulloi ut 283','Budapesta','hajdu epitkezes KFT','Romania','2018-05-09 00:00:00','\0','','C033','materiale de constructii','14 T',1,'','12',1,14,423,NULL),(526,'otto','2018-05-04 09:13:04','2018-05-04 09:13:04','otto',0,'Decebal 27','drobeta turnu severin','Luxor SRL','Romania','2018-05-08 00:00:00','\0','','C035','materiale de constructii','7600 KG',1,'','8',1,14,424,NULL),(527,'otto','2018-05-04 09:16:32','2018-05-04 09:16:32','otto',0,'moldovei 29','Chisinau','Pyrocon','Romania','2018-05-09 00:00:00','\0','','C036','','4600 KG',1,'descarcare la ora 10','6',1,14,425,NULL),(528,'otto','2018-05-04 09:20:52','2018-05-04 09:23:44','otto',0,'Belis, nr. 245','Belis ','Cabana Rustic',NULL,'2018-05-11 00:00:00','\0','','C037','Persoane','3500',1,'Sofer delegat pe weekend cu clientii','',1,14,426,NULL),(529,'otto','2018-05-04 09:22:34','2018-05-04 09:22:34','otto',0,'Borsului 271','Oradea','Celestica','Romania','2018-05-13 00:00:00','\0','','C037','Persoane ','3500',2,'','',2,14,426,NULL),(530,'otto','2018-05-04 09:32:02','2018-05-04 09:32:02','otto',0,'Aleea Calinului 18','Piatra Neamt','ZRAX SRL','Romania','2018-05-08 00:00:00','\0','10','C038','mobilier','1400',1,'','',1,14,427,NULL),(531,'otto','2018-05-04 13:18:20','2018-05-04 13:18:20','otto',0,'Apelor 3','constanta','MELALUC SRL','Romania','2018-05-10 00:00:00','\0','','','generala','2800',1,'','4',1,14,428,NULL),(532,'otto','2018-05-04 13:22:40','2018-05-04 13:22:40','otto',0,'salcamilor 2','Alesd','REMAT ALESD SA','Germany','2018-05-16 00:00:00','\0','10','C040','generala','6400',1,'descarcare la Oradea ora 13','10',1,14,429,NULL),(533,'logistix','2018-05-07 08:32:10','2018-05-07 08:32:10','logistix',0,'Strada Sirenei nr 23','Constanta','Portul Constanta','Romania','2018-06-09 00:00:00','\0','14','333429','Generala','9 tone',1,'','14',1,5,431,NULL),(534,'logistix','2018-05-07 08:32:10','2018-05-07 08:32:10','logistix',0,'conform CMR','Cluj','XYZ SA',NULL,'2018-05-19 00:00:00','\0','','','','',1,'','',2,5,432,NULL),(535,'logistix','2018-05-07 08:32:10','2018-05-07 08:32:10','logistix',0,'Independentei 33','Alesd','SC DDD','Romania','2018-05-19 00:00:00','\0','','','','',2,'','',1,5,432,NULL),(536,'logistix','2018-05-07 08:32:10','2018-05-07 08:32:10','logistix',0,'strada scunda','Oradea','Ghe SA','Romania','2018-05-12 00:00:00','\0','','','','',1,'','',1,5,433,NULL),(537,'logistix','2018-05-07 08:32:10','2018-05-07 08:32:10','logistix',0,'Soarelui','Cluj','NUme descarcare','Romania','2018-05-26 00:00:00','\0','13','','generala','22',1,'','33',1,5,435,NULL),(538,'logistix','2018-05-07 08:32:10','2018-05-07 08:32:10','logistix',0,'Strada','Alesd','firma B','Romania','2018-05-16 00:00:00','\0','','','','',1,'','',1,5,436,NULL),(539,'logistix','2018-05-07 08:32:10','2018-05-07 08:32:10','logistix',0,'nr44','suncuius','descarcare srl','Romania','2018-05-13 00:00:00','\0','','','','',1,'','',1,5,437,NULL),(540,'logistix','2018-05-07 08:32:10','2018-05-07 08:32:10','logistix',0,'street','alesd','unload','Romania','2018-05-13 00:00:00','\0','','','','',1,'','',1,5,438,NULL),(541,'logistix','2018-05-07 08:32:11','2018-05-07 08:32:11','logistix',0,'strazii 3','alesd','unloading site','Romania','2018-05-13 00:00:00','\0','','','','',1,'','',1,5,439,NULL),(542,'logistix','2018-05-07 08:32:11','2018-05-07 08:32:11','logistix',0,'Cibinului 23','Sibiu','Auchan','Romania','2018-05-23 00:00:00','\0','14','32333','Generala','17 tone',1,'','20',1,5,440,NULL),(543,'logistix','2018-05-07 08:32:11','2018-05-07 08:32:11','logistix',0,'Osdorp','1093 Amsterdam','Swift Transportation','France','2018-05-20 00:00:00','\0','10','','Marfa usoara','10',1,'','15',1,5,441,NULL),(544,'logistix','2018-05-07 08:32:11','2018-05-07 08:32:11','logistix',0,'Weena','1016 LV Rotterdam','Trailer Wheel Inc','Netherlands','2018-05-22 00:00:00','\0','3,6','','Marfa usoara','10',1,'','15',2,5,441,NULL),(545,'logistix','2018-05-07 08:32:11','2018-05-07 08:32:11','logistix',0,'Paseo Patasi 2','08030 Barcelona','Leroy Merlin','France','2018-05-21 00:00:00','\0','13.6','','Marfa paletata','19t',1,'','30',1,5,442,NULL),(546,'logistix','2018-05-07 08:32:11','2018-05-07 08:32:11','logistix',0,'Nuevo Marchesi 4','20034 Corsico','Ikea','France','2018-05-16 00:00:00','\0','13.6','','Marfa paletata','20t',1,'','33',1,5,443,NULL),(547,'logistix','2018-05-07 08:32:11','2018-05-07 08:32:11','logistix',0,'Herman Strasse 57','90745 Nurnberg','TSV Altenfurt','Czech Republic','2018-05-16 00:00:00','\0','13.6','','Marfa generala','15t',1,'','30',1,5,444,NULL),(548,'logistix','2018-05-07 08:32:11','2018-05-07 08:32:11','logistix',0,'Calea Selimbarului','410001 Oradea','Dynamex Inc.','Poland','2018-05-12 00:00:00','\0','13','','Marfa usaora','28',1,'','12',1,5,445,NULL),(549,'logistix','2018-05-07 08:32:11','2018-05-07 08:32:11','logistix',0,'Eroilor Avenue','400102 Cluj','Aurora Transportation ','Switzerland','2018-05-06 00:00:00','\0','13','','Marfa usoara ','29',1,'','13',1,5,446,NULL),(550,'logistix','2018-05-07 08:32:11','2018-05-07 08:32:11','logistix',0,'Calea Fagarasului nr.8','700259  Iasi','World  Distribution Inc',NULL,'2018-05-21 00:00:00','\0','13','','Marfa usoara','30',1,'','13',1,5,447,NULL),(551,'logistix','2018-05-07 08:32:11','2018-05-07 08:32:11','logistix',0,'Bokrijk','2020 Genk','Trailer Wheel Inc','Romania','2018-05-11 00:00:00','\0','13','','Marfa usoara','27',1,'','10',1,5,448,NULL),(552,'logistix','2018-05-07 08:32:11','2018-05-07 08:32:11','logistix',0,'Waltendorfer Hauptstrae 121','8010 Graz','Unimarkt ','France','2018-05-16 00:00:00','\0','13.6','','Marfa paletata','20t',1,'','33',1,5,449,NULL),(553,'logistix','2018-05-07 08:32:11','2018-05-07 08:32:11','logistix',0,'Catalunya 134','08038 Barcelona','Swift Transportation',NULL,'2018-05-07 00:00:00','\0','10','','Marfa usaora','26',1,'','13',1,5,450,NULL),(554,'logistix','2018-05-07 08:32:11','2018-05-07 08:32:11','logistix',0,'19 Alee de Gerledan','35135 Rennes','Leroy Merlin','Germany','2018-05-28 00:00:00','\0','13.6','','Marfa generala','19t',1,'','31',1,5,451,NULL),(555,'logistix','2018-05-07 08:32:11','2018-05-07 08:32:11','logistix',0,'Hort-Dieter 7-10','34134 Kassel','Jardan GmbH',NULL,'2018-05-20 00:00:00','\0','13.6','','Marga paletata','5t',1,'','33',1,5,452,NULL),(556,'logistix','2018-05-07 08:32:11','2018-05-07 08:32:11','logistix',0,'Dioszegi ut ','4000 Debrecen ','Star Transport Inc.',NULL,'2018-05-06 00:00:00','\0','13','','Marfa usoara','25',1,'','15',1,5,453,NULL),(557,'logistix','2018-05-07 08:32:11','2018-05-07 08:32:11','logistix',0,'Bd Victor Hugo 106','59000 Lille','Lidl','Germany','2018-05-19 00:00:00','\0','12.5','','Marfa generala','15t',1,'','28',1,5,454,NULL),(558,'logistix','2018-05-07 08:32:11','2018-05-07 08:32:11','logistix',0,'abcd','cluj','ABC','Romania','2018-05-16 00:00:00','\0','2','jhgfd','paletata','22',1,'','3',1,5,455,NULL),(559,'otto','2018-05-08 07:10:51','2018-05-08 07:10:51','otto',0,'stejarilor 20','Cerghizel, Ungheni','Ovirom impex','Germany','2018-05-09 00:00:00','\0','','C040','generala','18T',1,'plata OP la descarcare','20',1,14,456,NULL),(560,'otto','2018-05-09 06:38:31','2018-05-09 06:38:31','otto',0,'Primariei 19','Miercurea Ciuc','Chimtex','Romania','2018-05-10 00:00:00','\0','','','generala','1400',1,'','3',1,14,457,NULL),(561,'otto','2018-05-10 07:09:50','2018-05-10 07:09:50','otto',0,'Stefan cel Mare 15','Alba Iulia','Albalux','Italy','2018-05-16 00:00:00','\0','','','Generala','5 T',1,'','16',1,14,458,NULL),(562,'otto','2018-05-11 07:21:22','2018-05-11 07:21:22','otto',0,'Universitatii 21','Buzau','Mobex','Germany','2018-05-14 00:00:00','\0','','C043','mobilier','6.5 T',1,'la ora 10 descarcarea la adresa','',1,14,459,NULL),(563,'otto','2018-05-11 09:32:28','2018-05-11 09:32:28','otto',0,'dsf','dsfsd','sfda','Romania','2018-05-09 00:00:00','\0','22','2gfhg','dsf','22',1,'mnb','22',1,14,460,NULL),(564,'otto','2018-05-11 09:32:28','2018-05-11 09:32:28','otto',0,'dsf','dsfsd','sfda','Romania','2018-05-09 00:00:00','\0','22','2gfhg','dsf','22',2,'mnb','22',1,14,460,NULL),(565,'otto','2018-05-11 11:26:56','2018-05-11 11:26:56','otto',0,'dunarii 31','Galati','Electrometal Group','Romania','2018-05-15 00:00:00','\0','','C045','generala','7 T',1,'','',1,14,461,NULL),(566,'otto','2018-05-15 08:15:00','2018-05-15 08:15:00','otto',0,'Bradului 18','suceava','Resitex ','Romania','2018-05-17 00:00:00','\0','','C047','generala','5000',1,'','6',1,14,462,NULL),(567,'otto','2018-05-16 09:19:54','2018-05-16 09:19:54','otto',0,'aleea dunarii 32','Sibiu','firma 2','Romania','2018-05-18 00:00:00','\0','','','generala','5500',1,'','8',1,14,463,NULL),(568,'otto','2018-05-17 07:34:37','2018-05-17 07:34:37','otto',0,'Carpati 31','Brasov','Grosmetal','Romania','2018-05-18 00:00:00','\0','','C051','generala','7 T',1,'descarcare pana la 11:30 cel tarziu','6',1,14,464,NULL),(569,'otto','2018-05-17 07:38:27','2018-05-17 07:38:27','otto',0,'dunarii 31','Ploiesti','Termochim','Romania','2018-05-22 00:00:00','\0','','C052','generala','6500 Kg',1,'','8',1,14,465,NULL),(570,'otto','2018-05-18 07:03:13','2018-05-18 07:03:13','otto',0,'Dunarii 39','Craiova','Formexim','Romania','2018-05-22 00:00:00','\0','','C053','generala','3000 ',1,'','',1,14,466,NULL),(571,'otto','2018-05-18 07:05:11','2018-05-18 07:05:11','otto',0,'grivitei 12','Sibiu','ecokapa','Romania','2018-05-22 00:00:00','\0','4','C053','generla','40000',1,'','4',1,14,467,NULL),(572,'otto','2018-05-18 07:34:55','2018-05-18 07:34:55','otto',0,'Dunarii 39','Alexandria','Firma 8','Romania','2018-05-19 00:00:00','\0','6','','generala','7000',1,'','7',1,14,468,NULL),(573,'otto','2018-05-21 12:44:34','2018-05-21 12:44:34','otto',0,'Strada Mica 10','brasov','Rolideea','Romania','2018-05-23 00:00:00','\0','3','','generala','3500',1,'','4',1,14,469,NULL),(574,'otto','2018-05-23 06:10:43','2018-05-23 06:10:43','otto',0,'Clujului 112','Oradea','Plastor','Romania','2018-05-25 00:00:00','\0','3','','Generala','4500',1,'','3',1,14,470,NULL),(575,'otto','2018-05-23 06:12:14','2018-05-23 06:12:14','otto',0,'Aviatorilor 31','Bucuresti','Romplast','Romania','2018-05-26 00:00:00','\0','3','','Generala ','3000',1,'','3',1,14,471,NULL),(576,'otto','2018-05-23 08:45:16','2018-05-23 08:45:16','otto',0,'Dacia 48','Craiova','Prestcom','Romania','2018-05-29 00:00:00','\0','4','','generala','4500',1,'','4',1,14,472,NULL);
/*!40000 ALTER TABLE `unload_locations` ENABLE KEYS */;
UNLOCK TABLES;

--
-- Table structure for table `user_role`
--

DROP TABLE IF EXISTS `user_role`;
/*!40101 SET @saved_cs_client     = @@character_set_client */;
/*!40101 SET character_set_client = utf8 */;
CREATE TABLE `user_role` (
  `id` bigint(20) NOT NULL AUTO_INCREMENT,
  `role` varchar(255) DEFAULT NULL,
  `user_id` bigint(20) DEFAULT NULL,
  `app_user_id` bigint(20) DEFAULT NULL,
  PRIMARY KEY (`id`),
  KEY `FKg7fr1r7o0fkk41nfhnjdyqn7b` (`user_id`),
  KEY `FKj16wg2x08hwytvgys4y9idf4b` (`app_user_id`),
  CONSTRAINT `FKg7fr1r7o0fkk41nfhnjdyqn7b` FOREIGN KEY (`user_id`) REFERENCES `app_user` (`id`),
  CONSTRAINT `FKj16wg2x08hwytvgys4y9idf4b` FOREIGN KEY (`app_user_id`) REFERENCES `app_user` (`id`)
) ENGINE=InnoDB AUTO_INCREMENT=21 DEFAULT CHARSET=latin1;
/*!40101 SET character_set_client = @saved_cs_client */;

--
-- Dumping data for table `user_role`
--

LOCK TABLES `user_role` WRITE;
/*!40000 ALTER TABLE `user_role` DISABLE KEYS */;
INSERT INTO `user_role` VALUES (12,'COMPANY_SUPERVISOR',12,12),(13,'ADMIN',7,7),(14,'COMPANY_SUPERVISOR',13,13),(15,'COMPANY_SUPERVISOR',14,14),(16,'COMPANY_SUPERVISOR',15,15),(17,'MEMBER',16,16),(18,'COMPANY_SUPERVISOR',17,17),(19,'COMPANY_SUPERVISOR',18,18),(20,'COMPANY_SUPERVISOR',19,19);
/*!40000 ALTER TABLE `user_role` ENABLE KEYS */;
UNLOCK TABLES;

--
-- Table structure for table `vehicle_adr`
--

DROP TABLE IF EXISTS `vehicle_adr`;
/*!40101 SET @saved_cs_client     = @@character_set_client */;
/*!40101 SET character_set_client = utf8 */;
CREATE TABLE `vehicle_adr` (
  `id` bigint(20) NOT NULL AUTO_INCREMENT,
  `created_by` varchar(255) DEFAULT NULL,
  `created_date` datetime DEFAULT NULL,
  `last_update_date` datetime DEFAULT NULL,
  `updated_by` varchar(255) DEFAULT NULL,
  `version` int(11) NOT NULL,
  `adr_frc_date` datetime DEFAULT NULL,
  `deleted` bit(1) NOT NULL,
  `vehicle_id` bigint(20) DEFAULT NULL,
  PRIMARY KEY (`id`),
  KEY `FKtpjw7007km10ejepjx5k8uvto` (`vehicle_id`),
  CONSTRAINT `FKtpjw7007km10ejepjx5k8uvto` FOREIGN KEY (`vehicle_id`) REFERENCES `vehicles` (`id`)
) ENGINE=InnoDB AUTO_INCREMENT=58 DEFAULT CHARSET=latin1;
/*!40101 SET character_set_client = @saved_cs_client */;

--
-- Dumping data for table `vehicle_adr`
--

LOCK TABLES `vehicle_adr` WRITE;
/*!40000 ALTER TABLE `vehicle_adr` DISABLE KEYS */;
INSERT INTO `vehicle_adr` VALUES (1,'adi','2017-10-11 10:54:38','2017-10-11 10:54:38','adi',0,'2017-10-16 00:00:00','\0',44),(2,'adi','2017-10-11 10:55:13','2017-10-11 10:55:13','adi',0,'2017-10-31 00:00:00','\0',75),(3,'adi','2017-10-11 10:55:36','2017-10-11 10:55:36','adi',0,'2017-11-04 00:00:00','\0',65),(4,'adi','2017-10-11 10:57:37','2017-10-11 10:57:37','adi',0,'2017-11-08 00:00:00','\0',64),(5,'adi','2017-10-11 10:58:19','2017-10-11 10:58:19','adi',0,'2017-12-06 00:00:00','\0',73),(6,'Daniel','2017-10-13 08:14:48','2017-10-25 09:43:53','Daniel',0,'2017-10-20 00:00:00','',6),(7,'Daniel','2017-10-13 08:15:26','2017-10-13 08:15:26','Daniel',0,'2017-10-21 00:00:00','\0',22),(8,'Daniel','2017-10-13 08:15:57','2017-10-13 08:15:57','Daniel',0,'2017-10-22 00:00:00','\0',16),(9,'Daniel','2017-10-13 08:16:18','2017-10-13 08:16:18','Daniel',0,'2017-10-23 00:00:00','\0',29),(10,'Daniel','2017-10-13 08:16:47','2017-10-25 12:23:18','Daniel',0,'2017-10-24 00:00:00','',7),(11,'Daniel','2017-10-13 08:40:50','2017-10-13 08:40:50','Daniel',0,'2017-10-31 00:00:00','\0',25),(12,'Daniel','2017-10-13 08:45:28','2017-10-25 12:23:14','Daniel',0,'2017-11-22 00:00:00','',7),(13,'Daniel','2017-10-13 08:45:56','2017-10-13 08:45:56','Daniel',0,'2017-11-22 00:00:00','\0',23),(14,'Daniel','2017-10-13 08:46:14','2017-10-13 08:46:14','Daniel',0,'2017-11-22 00:00:00','\0',17),(15,'Daniel','2017-10-13 08:47:58','2017-10-13 08:47:58','Daniel',0,'2017-11-22 00:00:00','\0',8),(16,'Daniel','2017-10-13 08:48:15','2017-10-13 08:48:15','Daniel',0,'2017-11-22 00:00:00','\0',24),(17,'Daniel','2017-10-13 08:49:14','2017-10-13 08:49:14','Daniel',0,'2017-11-22 00:00:00','\0',18),(18,'Daniel','2017-10-13 08:49:51','2017-10-13 08:49:51','Daniel',0,'2017-11-22 00:00:00','\0',19),(19,'Daniel','2017-10-13 08:50:21','2017-10-13 08:50:21','Daniel',0,'2017-11-22 00:00:00','\0',9),(20,'Daniel','2017-10-13 08:50:55','2017-10-13 08:50:55','Daniel',0,'2017-11-22 00:00:00','\0',25),(21,'Daniel','2017-10-13 09:33:41','2017-10-13 09:33:41','Daniel',0,'2017-11-22 00:00:00','\0',30),(22,'Daniel','2017-10-13 09:34:11','2017-10-13 09:34:11','Daniel',0,'2017-11-22 00:00:00','\0',31),(23,'Daniel','2017-10-13 09:40:45','2017-10-13 09:40:45','Daniel',0,'2017-12-22 00:00:00','\0',32),(24,'Daniel','2017-10-13 09:40:59','2017-10-13 09:40:59','Daniel',0,'2017-12-22 00:00:00','\0',20),(25,'Daniel','2017-10-13 09:41:10','2017-10-13 09:41:10','Daniel',0,'2017-12-22 00:00:00','\0',10),(26,'Daniel','2017-10-13 09:41:34','2017-10-13 09:41:34','Daniel',0,'2017-12-22 00:00:00','\0',26),(27,'Daniel','2017-10-13 09:41:50','2017-10-13 09:41:50','Daniel',0,'2017-12-22 00:00:00','\0',33),(28,'Daniel','2017-10-13 09:42:05','2017-10-13 09:42:05','Daniel',0,'2017-12-22 00:00:00','\0',21),(29,'Daniel','2017-10-13 09:42:24','2017-10-13 09:42:24','Daniel',0,'2017-12-22 00:00:00','\0',11),(30,'Daniel','2017-10-13 09:42:46','2017-10-13 09:42:46','Daniel',0,'2017-12-22 00:00:00','\0',34),(31,'Daniel','2017-10-13 10:04:38','2017-10-13 10:04:38','Daniel',0,'2017-12-22 00:00:00','\0',12),(32,'Daniel','2017-10-13 10:05:01','2017-10-13 10:05:01','Daniel',0,'2017-12-22 00:00:00','\0',35),(33,'Daniel','2017-10-13 10:06:16','2017-10-13 10:06:16','Daniel',0,'2017-12-22 00:00:00','\0',13),(34,'Daniel','2017-10-13 10:06:35','2017-10-13 10:06:35','Daniel',0,'2017-12-22 00:00:00','\0',36),(35,'Daniel','2017-10-13 10:06:50','2017-10-13 10:06:50','Daniel',0,'2017-12-22 00:00:00','\0',14),(36,'Daniel','2017-10-13 10:07:06','2017-10-13 10:07:06','Daniel',0,'2017-12-22 00:00:00','\0',15),(37,'Daniel','2017-10-13 10:07:23','2017-10-13 10:07:23','Daniel',0,'2017-12-22 00:00:00','\0',37),(38,'Daniel','2017-10-13 10:19:39','2017-10-13 10:19:39','Daniel',0,'2017-12-22 00:00:00','\0',38),(39,'aditest','2017-10-16 12:17:36','2017-10-16 12:17:36','aditest',0,'2017-10-22 00:00:00','\0',82),(40,'aditest','2017-10-16 12:17:50','2017-10-16 12:17:50','aditest',0,'2017-10-24 00:00:00','\0',83),(41,'Daniel','2017-10-17 06:07:00','2017-10-17 06:07:00','Daniel',0,'2017-11-07 00:00:00','\0',23),(42,'Daniel','2017-10-23 08:25:48','2017-10-23 08:25:48','Daniel',0,'2017-11-22 00:00:00','\0',170),(43,'aditest','2017-10-25 08:36:36','2017-10-25 08:36:36','aditest',0,'2017-11-04 00:00:00','\0',83),(44,'aditest','2017-10-25 08:36:36','2017-10-25 08:36:36','aditest',0,'2017-11-04 00:00:00','\0',83),(45,'aditest','2017-10-25 08:38:28','2017-10-25 12:29:03','aditest',0,'2017-10-30 00:00:00','',118),(46,'logistix','2018-02-14 10:52:26','2018-02-14 10:52:26','logistix',0,'2018-02-22 00:00:00','\0',44),(47,'otto','2018-04-17 07:50:23','2018-04-17 07:50:23','otto',0,'2019-01-17 00:00:00','\0',180),(48,'otto','2018-04-17 07:50:49','2018-04-17 07:50:49','otto',0,'2019-01-17 00:00:00','\0',181),(49,'otto','2018-04-17 07:51:44','2018-04-17 07:51:44','otto',0,'2018-11-14 00:00:00','\0',182),(50,'otto','2018-04-17 07:52:15','2018-04-17 07:52:15','otto',0,'2018-11-25 00:00:00','\0',182),(51,'otto','2018-04-17 07:52:41','2018-04-17 07:52:41','otto',0,'2018-11-25 00:00:00','\0',183),(52,'otto','2018-04-17 08:05:27','2018-04-17 08:05:27','otto',0,'2019-04-17 00:00:00','\0',182),(53,'otto','2018-05-10 06:28:20','2018-05-10 06:28:20','otto',0,'2018-05-23 00:00:00','\0',186),(54,'otto','2018-05-10 06:29:13','2018-05-10 06:29:13','otto',0,'2018-11-13 00:00:00','\0',187),(55,'otto','2018-05-10 06:29:21','2018-05-10 06:29:21','otto',0,'2018-11-13 00:00:00','\0',185),(56,'otto','2018-05-10 06:29:43','2018-05-10 06:29:43','otto',0,'2018-11-20 00:00:00','\0',184),(57,'otto','2018-05-11 12:21:17','2018-05-11 12:21:17','otto',0,'2018-11-19 00:00:00','\0',186);
/*!40000 ALTER TABLE `vehicle_adr` ENABLE KEYS */;
UNLOCK TABLES;

--
-- Table structure for table `vehicle_cascos`
--

DROP TABLE IF EXISTS `vehicle_cascos`;
/*!40101 SET @saved_cs_client     = @@character_set_client */;
/*!40101 SET character_set_client = utf8 */;
CREATE TABLE `vehicle_cascos` (
  `id` bigint(20) NOT NULL AUTO_INCREMENT,
  `created_by` varchar(255) DEFAULT NULL,
  `created_date` datetime DEFAULT NULL,
  `last_update_date` datetime DEFAULT NULL,
  `updated_by` varchar(255) DEFAULT NULL,
  `version` int(11) NOT NULL,
  `casco_date` datetime DEFAULT NULL,
  `deleted` bit(1) NOT NULL,
  `vehicle_id` bigint(20) DEFAULT NULL,
  PRIMARY KEY (`id`),
  KEY `FKx53ahst5lmh3387dr84c25sx` (`vehicle_id`),
  CONSTRAINT `FKx53ahst5lmh3387dr84c25sx` FOREIGN KEY (`vehicle_id`) REFERENCES `vehicles` (`id`)
) ENGINE=InnoDB AUTO_INCREMENT=105 DEFAULT CHARSET=latin1;
/*!40101 SET character_set_client = @saved_cs_client */;

--
-- Dumping data for table `vehicle_cascos`
--

LOCK TABLES `vehicle_cascos` WRITE;
/*!40000 ALTER TABLE `vehicle_cascos` DISABLE KEYS */;
INSERT INTO `vehicle_cascos` VALUES (1,'adi','2017-10-11 10:54:38','2017-10-11 10:54:38','adi',0,'2017-10-14 00:00:00','\0',44),(2,'adi','2017-10-11 10:55:13','2017-10-11 10:55:13','adi',0,'2017-10-27 00:00:00','\0',75),(3,'adi','2017-10-11 10:55:44','2017-10-11 10:55:44','adi',0,'2017-10-19 00:00:00','\0',65),(4,'adi','2017-10-11 10:57:37','2017-10-11 10:57:37','adi',0,'2017-11-06 00:00:00','\0',64),(5,'adi','2017-10-11 10:58:19','2017-10-11 10:58:19','adi',0,'2017-12-06 00:00:00','\0',73),(6,'adi','2017-10-12 07:56:18','2017-10-12 07:56:18','adi',0,'2018-10-31 00:00:00','\0',65),(7,'adi','2017-10-12 07:56:18','2017-10-12 07:56:18','adi',0,'2018-10-31 00:00:00','\0',65),(8,'adi','2017-10-12 07:56:20','2017-10-12 07:56:20','adi',0,'2018-10-31 00:00:00','\0',65),(9,'adi','2017-10-12 07:56:20','2017-10-12 07:56:20','adi',0,'2018-10-31 00:00:00','\0',65),(10,'Daniel','2017-10-13 08:14:48','2017-10-25 12:29:33','Daniel',0,'2017-10-20 00:00:00','',6),(11,'Daniel','2017-10-13 08:15:26','2017-10-13 08:15:26','Daniel',0,'2017-10-21 00:00:00','\0',22),(12,'Daniel','2017-10-13 08:15:57','2017-10-13 08:15:57','Daniel',0,'2017-10-22 00:00:00','\0',16),(13,'Daniel','2017-10-13 08:16:18','2017-10-13 08:16:18','Daniel',0,'2017-10-23 00:00:00','\0',29),(14,'Daniel','2017-10-13 08:16:47','2017-10-13 08:16:47','Daniel',0,'2017-10-24 00:00:00','\0',7),(15,'Daniel','2017-10-13 08:40:50','2017-10-13 08:40:50','Daniel',0,'2017-10-31 00:00:00','\0',25),(16,'Daniel','2017-10-13 08:45:28','2017-10-13 08:45:28','Daniel',0,'2017-11-22 00:00:00','\0',7),(17,'Daniel','2017-10-13 08:45:56','2017-10-13 08:45:56','Daniel',0,'2017-11-22 00:00:00','\0',23),(18,'Daniel','2017-10-13 08:46:14','2017-10-13 08:46:14','Daniel',0,'2017-11-22 00:00:00','\0',17),(19,'Daniel','2017-10-13 08:47:58','2017-10-13 08:47:58','Daniel',0,'2017-11-22 00:00:00','\0',8),(20,'Daniel','2017-10-13 08:48:15','2017-10-13 08:48:15','Daniel',0,'2017-11-22 00:00:00','\0',24),(21,'Daniel','2017-10-13 08:49:13','2017-10-13 08:49:13','Daniel',0,'2017-11-22 00:00:00','\0',18),(22,'Daniel','2017-10-13 08:49:51','2017-10-13 08:49:51','Daniel',0,'2017-11-22 00:00:00','\0',19),(23,'Daniel','2017-10-13 08:50:21','2017-10-13 08:50:21','Daniel',0,'2017-11-22 00:00:00','\0',9),(24,'Daniel','2017-10-13 08:50:55','2017-10-13 08:50:55','Daniel',0,'2017-11-22 00:00:00','\0',25),(25,'Daniel','2017-10-13 09:33:41','2017-10-13 09:33:41','Daniel',0,'2017-11-22 00:00:00','\0',30),(26,'Daniel','2017-10-13 09:34:11','2017-10-13 09:34:11','Daniel',0,'2017-11-22 00:00:00','\0',31),(27,'Daniel','2017-10-13 09:40:45','2017-10-13 09:40:45','Daniel',0,'2017-12-22 00:00:00','\0',32),(28,'Daniel','2017-10-13 09:40:59','2017-10-13 09:40:59','Daniel',0,'2017-12-22 00:00:00','\0',20),(29,'Daniel','2017-10-13 09:41:10','2017-10-13 09:41:10','Daniel',0,'2017-12-22 00:00:00','\0',10),(30,'Daniel','2017-10-13 09:41:34','2017-10-13 09:41:34','Daniel',0,'2017-12-22 00:00:00','\0',26),(31,'Daniel','2017-10-13 09:41:50','2017-10-13 09:41:50','Daniel',0,'2017-12-22 00:00:00','\0',33),(32,'Daniel','2017-10-13 09:42:05','2017-10-13 09:42:05','Daniel',0,'2017-12-22 00:00:00','\0',21),(33,'Daniel','2017-10-13 09:42:24','2017-10-13 09:42:24','Daniel',0,'2017-12-22 00:00:00','\0',11),(34,'Daniel','2017-10-13 09:42:46','2017-10-13 09:42:46','Daniel',0,'2017-12-22 00:00:00','\0',34),(35,'Daniel','2017-10-13 10:04:38','2017-10-13 10:04:38','Daniel',0,'2017-12-22 00:00:00','\0',12),(36,'Daniel','2017-10-13 10:05:01','2017-10-13 10:05:01','Daniel',0,'2017-12-22 00:00:00','\0',35),(37,'Daniel','2017-10-13 10:06:16','2017-10-13 10:06:16','Daniel',0,'2017-12-22 00:00:00','\0',13),(38,'Daniel','2017-10-13 10:06:35','2017-10-13 10:06:35','Daniel',0,'2017-12-22 00:00:00','\0',36),(39,'Daniel','2017-10-13 10:06:50','2017-10-13 10:06:50','Daniel',0,'2017-12-22 00:00:00','\0',14),(40,'Daniel','2017-10-13 10:07:06','2017-10-13 10:07:06','Daniel',0,'2017-12-22 00:00:00','\0',15),(41,'Daniel','2017-10-13 10:07:23','2017-10-13 10:07:23','Daniel',0,'2017-12-22 00:00:00','\0',37),(42,'Daniel','2017-10-13 10:19:39','2017-10-13 10:19:39','Daniel',0,'2017-12-22 00:00:00','\0',38),(43,'Daniel','2017-10-16 07:49:44','2017-10-25 12:29:35','Daniel',0,'2017-10-17 00:00:00','',6),(44,'Daniel','2017-10-16 07:49:44','2017-10-25 12:29:36','Daniel',0,'2017-10-17 00:00:00','',6),(45,'aditest','2017-10-16 12:17:36','2017-10-16 12:17:36','aditest',0,'2017-10-22 00:00:00','\0',82),(46,'aditest','2017-10-16 12:17:50','2017-10-16 12:17:50','aditest',0,'2017-10-24 00:00:00','\0',83),(47,'Daniel','2017-10-17 06:07:00','2017-10-17 06:07:00','Daniel',0,'2017-11-07 00:00:00','\0',23),(48,'Daniel','2017-10-23 08:25:48','2017-10-23 08:25:48','Daniel',0,'2017-11-22 00:00:00','\0',170),(49,'adi','2017-10-25 08:08:22','2017-10-25 08:08:22','adi',0,'2017-10-26 00:00:00','\0',55),(50,'adi','2017-10-25 08:24:48','2017-10-25 08:24:48','adi',0,'2017-10-30 00:00:00','\0',54),(51,'adi','2017-10-25 08:28:37','2017-10-25 08:28:37','adi',0,'2017-11-01 00:00:00','\0',72),(52,'aditest','2017-10-25 08:36:32','2017-10-25 08:36:32','aditest',0,'2017-11-04 00:00:00','\0',83),(53,'aditest','2017-10-25 08:36:32','2017-10-25 08:36:32','aditest',0,'2017-11-04 00:00:00','\0',83),(54,'Daniel','2017-10-25 08:36:35','2017-10-25 12:29:31','Daniel',0,'2017-10-26 00:00:00','',6),(55,'Daniel','2017-10-25 08:36:35','2017-10-25 12:29:30','Daniel',0,'2017-10-26 00:00:00','',6),(56,'Daniel','2017-10-25 08:36:44','2017-10-25 12:29:28','Daniel',0,'2017-10-26 00:00:00','',6),(57,'Daniel','2017-10-25 08:36:44','2017-10-25 12:29:25','Daniel',0,'2017-10-26 00:00:00','',6),(58,'Daniel','2017-10-25 08:37:03','2017-10-25 12:29:24','Daniel',0,'2017-10-26 00:00:00','',6),(59,'Daniel','2017-10-25 08:37:03','2017-10-25 12:29:22','Daniel',0,'2017-10-26 00:00:00','',6),(60,'Daniel','2017-10-25 08:37:15','2017-10-25 12:29:21','Daniel',0,'2017-10-26 00:00:00','',6),(61,'Daniel','2017-10-25 08:37:15','2017-10-25 12:29:19','Daniel',0,'2017-10-26 00:00:00','',6),(62,'Daniel','2017-10-25 08:37:25','2017-10-25 12:29:18','Daniel',0,'2017-10-26 00:00:00','',6),(63,'Daniel','2017-10-25 08:37:25','2017-10-25 12:29:17','Daniel',0,'2017-10-26 00:00:00','',6),(64,'Daniel','2017-10-25 08:38:04','2017-10-25 12:29:15','Daniel',0,'2017-10-26 00:00:00','',6),(65,'Daniel','2017-10-25 08:38:04','2017-10-25 12:29:14','Daniel',0,'2017-10-26 00:00:00','',6),(66,'Daniel','2017-10-25 08:38:07','2017-10-25 12:26:34','Daniel',0,'2017-10-26 00:00:00','',6),(67,'Daniel','2017-10-25 08:38:07','2017-10-25 12:26:32','Daniel',0,'2017-10-26 00:00:00','',6),(68,'Daniel','2017-10-25 08:38:22','2017-10-25 12:26:31','Daniel',0,'2017-10-26 00:00:00','',6),(69,'Daniel','2017-10-25 08:38:22','2017-10-25 12:26:29','Daniel',0,'2017-10-26 00:00:00','',6),(70,'Daniel','2017-10-25 08:38:26','2017-10-25 12:26:27','Daniel',0,'2017-10-26 00:00:00','',6),(71,'Daniel','2017-10-25 08:38:26','2017-10-25 12:26:26','Daniel',0,'2017-10-26 00:00:00','',6),(72,'aditest','2017-10-25 08:38:28','2017-10-25 08:38:28','aditest',0,'2017-10-28 00:00:00','\0',118),(73,'Daniel','2017-10-25 08:38:51','2017-10-25 12:26:24','Daniel',0,'2017-10-26 00:00:00','',6),(74,'Daniel','2017-10-25 08:38:51','2017-10-25 12:26:22','Daniel',0,'2017-10-26 00:00:00','',6),(75,'Daniel','2017-10-25 08:40:09','2017-10-25 12:26:20','Daniel',0,'2017-10-26 00:00:00','',6),(76,'Daniel','2017-10-25 08:40:09','2017-10-25 12:26:18','Daniel',0,'2017-10-26 00:00:00','',6),(77,'Daniel','2017-10-25 08:40:13','2017-10-25 12:26:16','Daniel',0,'2017-10-26 00:00:00','',6),(78,'Daniel','2017-10-25 08:40:13','2017-10-25 12:23:37','Daniel',0,'2017-10-26 00:00:00','',6),(79,'Daniel','2017-10-25 08:40:18','2017-10-25 12:22:54','Daniel',0,'2017-10-26 00:00:00','',6),(80,'Daniel','2017-10-25 08:40:18','2017-10-25 12:18:48','Daniel',0,'2017-10-26 00:00:00','',6),(81,'Daniel','2017-10-25 08:40:22','2017-10-25 12:18:45','Daniel',0,'2017-10-26 00:00:00','',6),(82,'Daniel','2017-10-25 08:40:22','2017-10-25 09:44:11','Daniel',0,'2017-10-26 00:00:00','',6),(83,'Daniel','2017-10-25 08:40:25','2017-10-25 09:43:55','Daniel',0,'2017-10-26 00:00:00','',6),(84,'Daniel','2017-10-25 08:40:25','2017-10-25 09:43:39','Daniel',0,'2017-10-26 00:00:00','',6),(85,'Daniel','2017-10-25 08:41:14','2017-10-25 08:42:39','Daniel',0,'2017-10-27 00:00:00','',6),(86,'logistix','2018-02-14 10:53:27','2018-02-14 10:53:27','logistix',0,'2018-08-23 00:00:00','\0',44),(87,'otto','2018-04-14 12:05:29','2018-04-17 11:09:14','otto',0,'2019-04-08 00:00:00','',179),(88,'otto','2018-04-17 07:48:12','2018-04-17 07:48:12','otto',0,'2018-12-16 00:00:00','\0',179),(89,'otto','2018-04-17 07:49:26','2018-04-18 09:01:09','otto',0,'2020-01-01 00:00:00','',181),(90,'otto','2018-04-17 07:50:07','2018-04-17 07:50:07','otto',0,'2020-01-01 00:00:00','\0',180),(91,'otto','2018-04-17 07:50:49','2018-04-18 09:01:03','otto',0,'2020-01-27 00:00:00','',181),(92,'otto','2018-04-17 07:51:44','2018-04-17 07:51:44','otto',0,'2019-12-31 00:00:00','\0',182),(93,'otto','2018-04-17 07:52:15','2018-04-17 07:52:15','otto',0,'2018-12-31 00:00:00','\0',182),(94,'otto','2018-04-17 07:52:41','2018-04-17 07:52:41','otto',0,'2018-12-31 00:00:00','\0',183),(95,'otto','2018-04-17 11:09:05','2018-04-17 11:09:05','otto',0,'2018-09-01 00:00:00','\0',179),(96,'otto','2018-04-17 11:09:17','2018-04-17 11:09:17','otto',0,'2018-09-01 00:00:00','\0',179),(97,'otto','2018-04-18 08:51:51','2018-04-18 08:51:51','otto',0,'2018-12-31 00:00:00','\0',185),(98,'otto','2018-04-18 09:01:17','2018-04-18 09:01:17','otto',0,'2018-12-31 00:00:00','\0',181),(99,'otto','2018-05-09 06:48:25','2018-05-09 06:48:25','otto',0,'2018-06-02 00:00:00','\0',184),(100,'otto','2018-05-10 06:28:04','2018-05-10 06:28:04','otto',0,'2018-06-20 00:00:00','\0',186),(101,'otto','2018-05-10 06:29:13','2018-05-10 06:29:13','otto',0,'2018-07-01 00:00:00','\0',187),(102,'otto','2018-05-10 06:30:40','2018-05-10 06:30:40','otto',0,'2018-07-16 00:00:00','\0',188),(103,'otto','2018-05-11 12:19:48','2018-05-11 12:19:48','otto',0,'2018-12-01 00:00:00','\0',184),(104,'otto','2018-05-21 08:03:30','2018-05-21 08:03:30','otto',0,'2019-01-20 00:00:00','\0',186);
/*!40000 ALTER TABLE `vehicle_cascos` ENABLE KEYS */;
UNLOCK TABLES;

--
-- Table structure for table `vehicle_cmrs`
--

DROP TABLE IF EXISTS `vehicle_cmrs`;
/*!40101 SET @saved_cs_client     = @@character_set_client */;
/*!40101 SET character_set_client = utf8 */;
CREATE TABLE `vehicle_cmrs` (
  `id` bigint(20) NOT NULL AUTO_INCREMENT,
  `created_by` varchar(255) DEFAULT NULL,
  `created_date` datetime DEFAULT NULL,
  `last_update_date` datetime DEFAULT NULL,
  `updated_by` varchar(255) DEFAULT NULL,
  `version` int(11) NOT NULL,
  `cmr_date` datetime DEFAULT NULL,
  `deleted` bit(1) NOT NULL,
  `vehicle_id` bigint(20) DEFAULT NULL,
  PRIMARY KEY (`id`),
  KEY `FK22hvp69gh79q5mgyo2ps30531` (`vehicle_id`),
  CONSTRAINT `FK22hvp69gh79q5mgyo2ps30531` FOREIGN KEY (`vehicle_id`) REFERENCES `vehicles` (`id`)
) ENGINE=InnoDB AUTO_INCREMENT=11 DEFAULT CHARSET=latin1;
/*!40101 SET character_set_client = @saved_cs_client */;

--
-- Dumping data for table `vehicle_cmrs`
--

LOCK TABLES `vehicle_cmrs` WRITE;
/*!40000 ALTER TABLE `vehicle_cmrs` DISABLE KEYS */;
INSERT INTO `vehicle_cmrs` VALUES (1,'Daniel','2017-10-13 08:16:18','2017-10-13 08:16:18','Daniel',0,'2017-10-23 00:00:00','\0',29),(2,'Daniel','2017-10-13 09:33:41','2017-10-13 09:33:41','Daniel',0,'2017-11-22 00:00:00','\0',30),(3,'Daniel','2017-10-13 09:34:11','2017-10-13 09:34:11','Daniel',0,'2017-11-22 00:00:00','\0',31),(4,'Daniel','2017-10-13 09:40:45','2017-10-13 09:40:45','Daniel',0,'2017-12-22 00:00:00','\0',32),(5,'Daniel','2017-10-13 09:41:50','2017-10-13 09:41:50','Daniel',0,'2017-12-22 00:00:00','\0',33),(6,'Daniel','2017-10-13 09:42:46','2017-10-13 09:42:46','Daniel',0,'2017-12-22 00:00:00','\0',34),(7,'Daniel','2017-10-13 10:05:01','2017-10-13 10:05:01','Daniel',0,'2017-12-22 00:00:00','\0',35),(8,'Daniel','2017-10-13 10:06:35','2017-10-13 10:06:35','Daniel',0,'2017-12-22 00:00:00','\0',36),(9,'Daniel','2017-10-13 10:07:23','2017-10-13 10:07:23','Daniel',0,'2017-12-22 00:00:00','\0',37),(10,'Daniel','2017-10-13 10:19:39','2017-10-13 10:19:39','Daniel',0,'2017-12-22 00:00:00','\0',38);
/*!40000 ALTER TABLE `vehicle_cmrs` ENABLE KEYS */;
UNLOCK TABLES;

--
-- Table structure for table `vehicle_fuelling`
--

DROP TABLE IF EXISTS `vehicle_fuelling`;
/*!40101 SET @saved_cs_client     = @@character_set_client */;
/*!40101 SET character_set_client = utf8 */;
CREATE TABLE `vehicle_fuelling` (
  `id` bigint(20) NOT NULL AUTO_INCREMENT,
  `created_by` varchar(255) DEFAULT NULL,
  `created_date` datetime DEFAULT NULL,
  `last_update_date` datetime DEFAULT NULL,
  `updated_by` varchar(255) DEFAULT NULL,
  `version` int(11) NOT NULL,
  `ad_blue` bigint(20) DEFAULT NULL,
  `amount` int(11) DEFAULT NULL,
  `city` varchar(255) DEFAULT NULL,
  `date` datetime DEFAULT NULL,
  `deleted` bit(1) NOT NULL,
  `new_mileage` bigint(20) DEFAULT NULL,
  `old_mileage` bigint(20) DEFAULT NULL,
  `provider` varchar(255) DEFAULT NULL,
  `vehicle_id` bigint(20) DEFAULT NULL,
  PRIMARY KEY (`id`),
  KEY `FKegdnin9ak3gkhpb812uqelw2y` (`vehicle_id`),
  CONSTRAINT `FKegdnin9ak3gkhpb812uqelw2y` FOREIGN KEY (`vehicle_id`) REFERENCES `vehicles` (`id`)
) ENGINE=InnoDB AUTO_INCREMENT=103 DEFAULT CHARSET=latin1;
/*!40101 SET character_set_client = @saved_cs_client */;

--
-- Dumping data for table `vehicle_fuelling`
--

LOCK TABLES `vehicle_fuelling` WRITE;
/*!40000 ALTER TABLE `vehicle_fuelling` DISABLE KEYS */;
INSERT INTO `vehicle_fuelling` VALUES (1,'adi','2017-10-11 11:00:57','2017-10-11 11:00:57','adi',0,0,1100,'Oradea','2017-10-11 00:00:00','\0',11100,10000,'Lukoil',44),(2,'adi','2017-10-11 11:02:25','2017-10-11 11:02:25','adi',0,0,3000,'Oradea','2017-10-11 00:00:00','\0',14100,11100,'Lukoil',44),(3,'adi','2017-10-11 11:05:45','2017-10-11 11:05:45','adi',0,0,2000,'Oradea','2017-10-11 00:00:00','\0',12000,10000,'Rompetrol',47),(4,'adi','2017-10-11 11:12:29','2017-10-11 11:12:29','adi',0,0,2000,'Oradea','2017-10-11 00:00:00','\0',12000,10000,'Rompetrol',45),(5,'adi','2017-10-11 13:21:42','2017-10-11 13:21:42','adi',0,0,3000,'Oradea','2017-10-18 00:00:00','\0',23000,20000,'Lukoil',67),(6,'adi','2017-10-11 13:22:44','2017-10-11 13:22:44','adi',0,0,1100,'Oradea','2017-10-11 00:00:00','\0',24100,23000,'Lukoil',67),(7,'adi','2017-10-11 13:25:52','2017-10-11 13:25:52','adi',0,0,3000,'Oradea','2017-10-11 00:00:00','\0',33000,30000,'Lukoil',71),(8,'adi','2017-10-11 13:26:33','2017-10-11 13:26:33','adi',0,0,1100,'Oradea','2017-10-11 00:00:00','\0',34100,33000,'Lukoil',71),(9,'adi','2017-10-11 13:30:01','2017-10-11 13:30:01','adi',0,0,1100,'Oradea','2017-10-11 00:00:00','\0',11100,10000,'Lukoil',46),(10,'adi','2017-10-11 13:30:30','2017-10-11 13:30:30','adi',0,0,2000,'Oradea','2017-10-11 00:00:00','\0',12000,10000,'Lukoil',48),(11,'adi','2017-10-11 13:30:54','2017-10-11 13:30:54','adi',0,0,3500,'Oradea','2017-10-11 00:00:00','\0',13500,10000,'Lukoil',49),(12,'adi','2017-10-11 14:13:41','2017-10-11 14:13:41','adi',0,0,1000,'Oradea','2017-10-11 00:00:00','\0',31000,30000,'Lukoil',72),(13,'adi','2017-10-11 14:14:58','2017-10-11 14:14:58','adi',0,0,1000,'Oradea','2017-10-11 00:00:00','\0',32000,31000,'Lukoil',72),(14,'adi','2017-10-11 14:18:25','2017-10-11 14:18:25','adi',0,0,1000,'Oradea','2017-10-11 00:00:00','\0',33000,32000,'Lukoil',72),(15,'adi','2017-10-11 14:20:28','2017-10-11 14:20:28','adi',0,0,1500,'Oradea','2017-10-11 00:00:00','\0',34500,33000,'Lukoil',72),(16,'Daniel','2017-10-12 11:52:59','2017-10-14 16:31:39','Daniel',0,0,100,'oradea','2017-10-12 00:00:00','',11000,10000,'cineva',6),(17,'Daniel','2017-10-12 11:53:38','2017-10-12 11:54:02','Daniel',0,0,100,'arad','2017-10-09 00:00:00','',12000,11000,'shell',6),(18,'Daniel','2017-10-12 11:59:29','2017-10-12 11:59:29','Daniel',0,0,100,'Timisoara','2017-10-13 00:00:00','\0',31000,30000,'Petrom',22),(19,'Daniel','2017-10-12 12:02:08','2017-10-12 12:02:08','Daniel',0,0,100,'Focsani','2017-10-14 00:00:00','\0',32000,31000,'Petrom',22),(20,'Daniel','2017-10-12 12:03:24','2017-10-12 12:03:24','Daniel',0,0,100,'Calarasi','2017-10-15 00:00:00','\0',21000,20000,'OMV',16),(21,'Daniel','2017-10-12 12:04:41','2017-10-12 12:04:41','Daniel',0,0,100,'Galati','2017-10-18 00:00:00','\0',22000,21000,'OMV',16),(22,'Daniel','2017-10-12 12:38:50','2017-10-12 12:38:50','Daniel',0,0,100,'Timisoara','2017-10-13 00:00:00','\0',11000,10000,'OMV',7),(23,'Daniel','2017-10-12 12:39:20','2017-10-12 12:39:20','Daniel',0,0,100,'Arad','2017-10-14 00:00:00','\0',12000,11000,'OMV',7),(24,'Daniel','2017-10-13 08:17:55','2017-10-13 08:17:55','Daniel',0,0,100,'Oradea','2017-10-14 00:00:00','\0',100,0,'Petrom',29),(25,'Daniel','2017-10-13 08:22:27','2017-10-13 08:22:27','Daniel',0,0,100,'Oradea','2017-10-19 00:00:00','\0',200,100,'Petrom',29),(26,'Daniel','2017-10-13 08:25:42','2017-10-13 08:25:42','Daniel',0,0,100,'Oradea ','2017-10-19 00:00:00','\0',21000,20000,'OMV',19),(27,'Daniel','2017-10-13 08:26:20','2017-10-13 08:26:20','Daniel',0,0,50,'Oradea','2017-10-20 00:00:00','\0',22000,21000,'Petrom',19),(28,'Daniel','2017-10-13 08:28:06','2017-10-13 08:28:06','Daniel',0,0,100,'Oradea','2017-10-19 00:00:00','\0',31000,30000,'OMV',24),(29,'Daniel','2017-10-13 08:28:44','2017-10-13 08:28:44','Daniel',0,0,100,'Oradea','2017-10-20 00:00:00','\0',31000,30000,'Shell',23),(30,'Daniel','2017-10-13 08:29:18','2017-10-13 08:29:18','Daniel',0,0,100,'Oradea','2017-10-20 00:00:00','\0',32000,31000,'RomGaz',23),(31,'Daniel','2017-10-13 08:30:09','2017-10-13 08:30:09','Daniel',0,0,100,'Oradea','2017-10-20 00:00:00','\0',21000,20000,'OMV',17),(32,'Daniel','2017-10-13 08:30:41','2017-10-13 08:30:41','Daniel',0,0,100,'Timis','2017-10-20 00:00:00','\0',22000,21000,'Petrom',17),(33,'Daniel','2017-10-13 08:34:41','2017-10-13 08:34:41','Daniel',0,0,100,'Oradea','2017-10-20 00:00:00','\0',11000,10000,'OMV',8),(34,'Daniel','2017-10-13 08:35:18','2017-10-13 08:35:18','Daniel',0,0,100,'Oradea','2017-10-30 00:00:00','\0',12000,11000,'Shell',8),(35,'Daniel','2017-10-13 08:36:34','2017-10-13 08:36:34','Daniel',0,0,100,'Oradea','2017-10-30 00:00:00','\0',32000,31000,'OMV',24),(36,'Daniel','2017-10-13 08:37:22','2017-10-23 12:31:26','Daniel',0,0,100,'Oradea','2017-10-27 00:00:00','',11000,10000,'Petrom',9),(37,'Daniel','2017-10-13 08:37:52','2017-10-13 08:37:52','Daniel',0,0,100,'Oradea','2017-11-03 00:00:00','\0',12000,11000,'OMV',9),(38,'Daniel','2017-10-13 08:38:25','2017-10-13 08:38:25','Daniel',0,0,100,'Oradea','2017-10-20 00:00:00','\0',31000,30000,'GazProm',25),(39,'Daniel','2017-10-13 08:39:01','2017-10-13 08:39:01','Daniel',0,0,200,'Oradea','2017-11-03 00:00:00','\0',32000,31000,'Shell',25),(40,'Daniel','2017-10-13 08:51:44','2017-10-13 08:51:44','Daniel',0,0,100,'Oradea','2017-10-20 00:00:00','\0',21000,20000,'GazProm',18),(41,'Daniel','2017-10-13 08:52:08','2017-10-13 08:52:08','Daniel',0,0,100,'Oradea','2017-11-03 00:00:00','\0',22000,21000,'Shell',18),(42,'Daniel','2017-10-13 08:55:07','2017-10-13 08:55:07','Daniel',0,0,100,'Oradea','2017-10-20 00:00:00','\0',21000,20000,'GazProm',20),(43,'Daniel','2017-10-13 08:55:31','2017-10-13 08:55:31','Daniel',0,0,100,'Arad','2017-10-27 00:00:00','\0',22000,21000,'OMV',20),(44,'Daniel','2017-10-13 08:56:00','2017-10-13 08:56:00','Daniel',0,0,100,'Oradea','2017-10-20 00:00:00','\0',11000,10000,'OMV',10),(45,'Daniel','2017-10-13 08:56:28','2017-10-13 08:56:28','Daniel',0,0,100,'Oradea','2017-11-04 00:00:00','\0',12000,11000,'Shell',10),(46,'Daniel','2017-10-13 08:59:03','2017-10-13 08:59:03','Daniel',0,0,100,'Oradea','2017-10-27 00:00:00','\0',31000,30000,'Shell',26),(47,'Daniel','2017-10-13 08:59:34','2017-10-13 08:59:34','Daniel',0,2,100,'Oradea','2017-11-03 00:00:00','\0',32000,31000,'OMV',26),(48,'Daniel','2017-10-13 09:00:26','2017-10-13 09:00:26','Daniel',0,0,100,'Oradea','2017-10-20 00:00:00','\0',21000,20000,'Petrom',21),(49,'Daniel','2017-10-13 09:01:00','2017-10-13 09:01:00','Daniel',0,0,100,'Oradea','2017-10-10 00:00:00','\0',22000,21000,'Shell',21),(50,'Daniel','2017-10-13 09:07:12','2017-10-13 09:07:27','Daniel',0,0,100,'Oradea','2017-11-04 00:00:00','',23000,22000,'OMV',21),(51,'Daniel','2017-10-13 09:11:27','2017-10-13 09:11:27','Daniel',0,0,100,'Oradea','2017-10-27 00:00:00','\0',11000,10000,'Shell',11),(52,'Daniel','2017-10-13 09:11:54','2017-10-13 09:11:54','Daniel',0,0,100,'Oradea','2017-11-03 00:00:00','\0',12000,11000,'OMV',11),(53,'Daniel','2017-10-13 09:12:23','2017-10-13 09:12:23','Daniel',0,0,100,'Oradea','2017-10-27 00:00:00','\0',11000,10000,'Petrom',12),(54,'Daniel','2017-10-13 09:12:42','2017-10-13 09:12:42','Daniel',0,0,100,'Oradea','2017-11-03 00:00:00','\0',12000,11000,'Petrom',12),(55,'Daniel','2017-10-13 09:13:22','2017-10-13 09:13:22','Daniel',0,0,100,'Oradea','2017-10-27 00:00:00','\0',11000,10000,'Shell',13),(56,'Daniel','2017-10-13 09:13:50','2017-10-13 09:13:50','Daniel',0,0,100,'Oradea','2017-11-03 00:00:00','\0',12000,11000,'Petrom',13),(57,'Daniel','2017-10-13 09:14:22','2017-10-13 09:14:22','Daniel',0,0,100,'Oradea','2017-10-27 00:00:00','\0',11000,10000,'OMV',14),(58,'Daniel','2017-10-13 09:14:48','2017-10-13 09:14:48','Daniel',0,0,100,'Oradea','2017-11-03 00:00:00','\0',12000,11000,'Shell',14),(59,'Daniel','2017-10-13 09:20:55','2017-10-13 09:20:55','Daniel',0,0,100,'Oradea','2017-10-27 00:00:00','\0',11000,10000,'OMV',15),(60,'Daniel','2017-10-13 09:21:16','2017-10-13 09:21:16','Daniel',0,0,100,'Oradea','2017-11-03 00:00:00','\0',12000,11000,'Shell',15),(61,'Daniel','2017-10-13 09:49:21','2017-10-13 09:49:29','Daniel',0,0,100,'oradea','2017-10-27 00:00:00','',33000,32000,'shell',26),(62,'adi','2017-10-13 09:49:29','2017-10-13 09:49:29','adi',0,0,1000,'Oradea','2017-10-05 00:00:00','\0',0,34500,'Luloil',72),(63,'Daniel','2017-10-13 09:51:23','2017-10-13 09:51:31','Daniel',0,0,1000,'Oradea','2017-11-03 00:00:00','',33000,32000,'Shell',23),(64,'adi','2017-10-13 09:52:29','2017-10-13 09:52:29','adi',0,0,1,'Oradea','2017-09-29 00:00:00','\0',35000,34100,'Lukoil',71),(65,'Daniel','2017-10-13 09:53:15','2017-10-13 09:53:29','Daniel',0,0,100,'Oradea','2017-11-03 00:00:00','',33000,33000,'OMV',23),(66,'Daniel','2017-10-14 16:31:28','2017-10-14 16:31:28','Daniel',0,0,100,'Oradea','2017-10-12 00:00:00','\0',13000,12000,'Shell',6),(67,'Daniel','2017-10-14 16:36:35','2017-10-25 07:28:04','Daniel',0,0,200,'Oradea','2017-10-07 00:00:00','',14000,13000,'OMV',6),(68,'aditest','2017-10-16 12:19:45','2017-10-16 12:19:45','aditest',0,23,1000,'Oradea','2017-10-16 00:00:00','\0',11500,10000,'Lukoil',90),(69,'aditest','2017-10-16 12:20:49','2017-10-16 12:20:49','aditest',0,0,2000,'Oradea','2017-10-16 00:00:00','\0',12000,10000,'Lukoil',83),(70,'aditest','2017-10-16 12:24:11','2017-10-16 12:24:11','aditest',0,0,1000,'Oradea','2017-10-16 00:00:00','\0',11000,10000,'Lukoil',82),(71,'aditest','2017-10-16 12:27:04','2017-10-16 12:27:04','aditest',0,34,1001,'Oradea','2017-10-16 00:00:00','\0',11001,10000,'Lukoil',99),(72,'aditest','2017-10-16 12:29:16','2017-10-16 12:29:16','aditest',0,0,3000,'Oradea','2017-10-16 00:00:00','\0',13000,10000,'Lukoil',98),(73,'aditest','2017-10-16 12:32:24','2017-10-16 12:32:24','aditest',0,0,1,'Oradea','2017-10-15 00:00:00','\0',10001,10000,'Lukoil',85),(74,'aditest','2017-10-16 12:33:06','2017-10-16 12:33:06','aditest',0,342,512,'Oradea','2017-10-16 00:00:00','\0',10512,10000,'Lukoil',86),(75,'Daniel','2017-10-16 14:13:09','2017-10-23 08:29:55','Daniel',0,0,1200,'Arad','2017-11-04 00:00:00','',21000,12000,'Petrom',9),(76,'Daniel','2017-10-16 14:21:33','2017-10-16 14:21:33','Daniel',0,0,1000,'Oradea','2017-11-03 00:00:00','\0',15000,12000,'Petrom',15),(77,'aditest','2017-10-16 14:25:19','2017-10-16 14:25:19','aditest',0,343,2000,'Oradea','2017-10-16 00:00:00','\0',13000,11000,'Lukoil',82),(78,'aditest','2017-10-16 14:28:15','2017-10-16 14:28:15','aditest',0,0,1500,'Oradea','2017-10-16 00:00:00','\0',14500,13000,'Lukoil',82),(79,'Daniel','2017-10-23 08:26:35','2017-10-23 08:26:35','Daniel',0,0,100,'Oradea','2017-10-23 00:00:00','\0',31000,30000,'OMV',170),(80,'Daniel','2017-10-23 08:28:27','2017-10-23 08:28:27','Daniel',0,0,200,'Oradea','2017-11-03 00:00:00','\0',32000,31000,'Shell',170),(81,'Daniel','2017-10-23 08:35:39','2017-10-23 08:35:50','Daniel',0,0,200,'Oradea','2017-11-04 00:00:00','',22000,21000,'Petrom',9),(82,'Daniel','2017-10-23 08:40:06','2017-10-23 08:40:06','Daniel',0,0,100,'Oradea','2017-11-04 00:00:00','\0',33000,32000,'Petrom',170),(83,'Daniel','2017-10-23 12:37:26','2017-10-23 12:38:23','Daniel',0,0,200,'Oradea','2017-11-04 00:00:00','',23000,22000,'Shell',9),(84,'Daniel','2017-10-25 07:28:42','2017-10-25 07:28:42','Daniel',0,0,200,'Oradea','2017-10-26 00:00:00','\0',14000,14000,'OMV',6),(85,'logistix','2018-02-15 12:25:23','2018-02-15 12:25:23','logistix',0,0,80,'cluj','2018-02-15 00:00:00','\0',15200,14100,'omv',44),(86,'otto','2018-04-17 07:01:12','2018-04-17 07:01:12','otto',0,0,500,'Oradea','2018-04-16 00:00:00','\0',640600,640000,'Petrom',179),(87,'otto','2018-04-17 07:02:40','2018-04-17 07:02:40','otto',0,0,250,'Cluj Napoca','2018-04-16 00:00:00','\0',52500,51000,'Petrom',180),(88,'otto','2018-04-17 07:05:44','2018-04-17 07:05:44','otto',0,0,250,'Timisoara','2018-04-17 00:00:00','\0',69000,68150,'Petrom',181),(89,'logistix','2018-04-17 12:18:14','2018-04-17 12:18:14','logistix',0,66,1234,'asdf','2018-04-17 00:00:00','\0',16200,15200,'shell',44),(90,'otto','2018-04-18 08:05:56','2018-04-18 08:05:56','otto',0,50,200,'Oradea','2018-04-18 00:00:00','\0',74000,72900,'Petrom',184),(91,'otto','2018-04-18 08:22:54','2018-04-18 08:22:54','otto',0,50,400,'oradea','2018-04-18 00:00:00','\0',162500,160000,'Petrom',185),(92,'otto','2018-04-23 10:56:39','2018-04-23 10:56:39','otto',0,50,500,'Oradea','2018-04-23 00:00:00','\0',90300,88394,'Petrom',182),(93,'otto','2018-04-23 10:57:08','2018-04-23 10:57:08','otto',0,25,250,'Oradea','2018-04-23 00:00:00','\0',165000,162500,'Petrom',185),(94,'otto','2018-05-08 07:15:01','2018-05-08 07:15:01','otto',0,50,250,'Oradea','2018-05-08 00:00:00','\0',71300,69000,'Petrom',181),(95,'otto','2018-05-10 07:11:22','2018-05-10 07:11:22','otto',0,50,250,'Cluj Napoca','2018-05-10 00:00:00','\0',490000,475000,'Petrom',188),(96,'otto','2018-05-10 07:11:50','2018-05-10 07:12:18','otto',0,50,250,'Baia Mare','2018-05-10 00:00:00','',642000,640600,'Petrom',179),(97,'otto','2018-05-10 07:13:27','2018-05-10 07:13:27','otto',0,30,250,'Baia Mare','2018-05-10 00:00:00','\0',643000,640600,'Petrom',179),(98,'otto','2018-05-10 07:14:25','2018-05-10 07:14:25','otto',0,30,250,'Cluj Napoca','2018-05-10 00:00:00','\0',92500,90300,'Petrom',182),(99,'otto','2018-05-10 07:15:42','2018-05-10 07:15:42','otto',0,30,250,'sibiu','2018-05-10 00:00:00','\0',75200,74000,'Petrom',184),(100,'otto','2018-05-10 07:16:22','2018-05-10 07:16:22','otto',0,50,500,'Oradea','2018-05-10 00:00:00','\0',166300,165000,'Petrom',185),(101,'otto','2018-05-10 07:16:51','2018-05-10 07:16:51','otto',0,50,500,'Oradea','2018-05-10 00:00:00','\0',693000,690000,'Petrom',187),(102,'otto','2018-05-10 07:17:12','2018-05-10 07:17:12','otto',0,50,500,'Timisoara','2018-05-10 00:00:00','\0',643000,640000,'Petrom',186);
/*!40000 ALTER TABLE `vehicle_fuelling` ENABLE KEYS */;
UNLOCK TABLES;

--
-- Table structure for table `vehicle_inspections`
--

DROP TABLE IF EXISTS `vehicle_inspections`;
/*!40101 SET @saved_cs_client     = @@character_set_client */;
/*!40101 SET character_set_client = utf8 */;
CREATE TABLE `vehicle_inspections` (
  `id` bigint(20) NOT NULL AUTO_INCREMENT,
  `created_by` varchar(255) DEFAULT NULL,
  `created_date` datetime DEFAULT NULL,
  `last_update_date` datetime DEFAULT NULL,
  `updated_by` varchar(255) DEFAULT NULL,
  `version` int(11) NOT NULL,
  `deleted` bit(1) NOT NULL,
  `inspection_date` datetime DEFAULT NULL,
  `vehicle_id` bigint(20) DEFAULT NULL,
  PRIMARY KEY (`id`),
  KEY `FKqdqvuaks9sk1oqd9i6yb99rr7` (`vehicle_id`),
  CONSTRAINT `FKqdqvuaks9sk1oqd9i6yb99rr7` FOREIGN KEY (`vehicle_id`) REFERENCES `vehicles` (`id`)
) ENGINE=InnoDB AUTO_INCREMENT=129 DEFAULT CHARSET=latin1;
/*!40101 SET character_set_client = @saved_cs_client */;

--
-- Dumping data for table `vehicle_inspections`
--

LOCK TABLES `vehicle_inspections` WRITE;
/*!40000 ALTER TABLE `vehicle_inspections` DISABLE KEYS */;
INSERT INTO `vehicle_inspections` VALUES (1,'adi','2017-10-11 10:54:38','2017-10-11 10:54:38','adi',0,'\0','2017-10-12 00:00:00',44),(2,'adi','2017-10-11 10:55:13','2017-10-11 10:55:13','adi',0,'\0','2017-10-18 00:00:00',75),(3,'adi','2017-10-11 10:55:36','2017-10-11 10:55:36','adi',0,'\0','2017-11-04 00:00:00',65),(4,'adi','2017-10-11 10:57:37','2017-10-11 10:57:37','adi',0,'\0','2017-11-08 00:00:00',64),(5,'adi','2017-10-11 10:58:19','2017-10-11 10:58:19','adi',0,'\0','2017-12-06 00:00:00',73),(6,'adi','2017-10-11 11:03:31','2017-10-11 11:03:31','adi',0,'\0','2017-10-31 00:00:00',75),(7,'adi','2017-10-11 11:03:31','2017-10-11 11:03:31','adi',0,'\0','2017-10-31 00:00:00',75),(8,'adi','2017-10-11 12:23:28','2017-10-11 12:23:28','adi',0,'\0','2017-10-18 00:00:00',62),(9,'adi','2017-10-11 12:24:22','2017-10-11 12:24:22','adi',0,'\0','2017-12-27 00:00:00',64),(10,'adi','2017-10-11 12:24:22','2017-10-11 12:24:22','adi',0,'\0','2017-12-27 00:00:00',64),(11,'adi','2017-10-11 12:43:42','2017-10-11 12:43:42','adi',0,'\0','2018-01-03 00:00:00',62),(12,'adi','2017-10-11 12:43:42','2017-10-11 12:43:42','adi',0,'\0','2018-01-03 00:00:00',62),(13,'adi','2017-10-11 12:44:03','2017-10-11 12:44:03','adi',0,'\0','2017-10-18 00:00:00',53),(14,'adi','2017-10-11 12:44:24','2017-10-11 12:44:24','adi',0,'\0','2017-10-18 00:00:00',63),(15,'adi','2017-10-11 13:20:46','2017-10-11 13:20:46','adi',0,'\0','2018-02-07 00:00:00',63),(16,'adi','2017-10-11 13:20:46','2017-10-11 13:20:46','adi',0,'\0','2018-02-07 00:00:00',63),(17,'adi','2017-10-11 13:20:52','2017-10-11 13:20:52','adi',0,'\0','2017-11-01 00:00:00',53),(18,'adi','2017-10-11 13:20:52','2017-10-11 13:20:52','adi',0,'\0','2017-11-01 00:00:00',53),(19,'adi','2017-10-12 08:19:08','2017-10-12 08:19:08','adi',0,'\0','2017-10-19 00:00:00',70),(20,'adi','2017-10-12 08:26:46','2017-10-12 08:26:46','adi',0,'\0','2017-11-02 00:00:00',70),(21,'adi','2017-10-12 08:26:46','2017-10-12 08:26:46','adi',0,'\0','2017-11-02 00:00:00',70),(22,'Daniel','2017-10-13 08:14:48','2017-10-25 12:27:59','Daniel',0,'','2017-10-20 00:00:00',6),(23,'Daniel','2017-10-13 08:15:26','2017-10-13 08:15:26','Daniel',0,'\0','2017-10-21 00:00:00',22),(24,'Daniel','2017-10-13 08:15:57','2017-10-13 08:15:57','Daniel',0,'\0','2017-10-22 00:00:00',16),(25,'Daniel','2017-10-13 08:16:18','2017-10-13 08:16:18','Daniel',0,'\0','2017-10-23 00:00:00',29),(26,'Daniel','2017-10-13 08:16:47','2017-10-13 08:16:47','Daniel',0,'\0','2017-10-24 00:00:00',7),(27,'Daniel','2017-10-13 08:40:50','2017-10-13 08:40:50','Daniel',0,'\0','2017-10-31 00:00:00',25),(28,'Daniel','2017-10-13 08:45:28','2017-10-13 08:45:28','Daniel',0,'\0','2017-11-22 00:00:00',7),(29,'Daniel','2017-10-13 08:45:56','2017-10-13 08:45:56','Daniel',0,'\0','2017-11-22 00:00:00',23),(30,'Daniel','2017-10-13 08:46:14','2017-10-13 08:46:14','Daniel',0,'\0','2017-11-22 00:00:00',17),(31,'Daniel','2017-10-13 08:47:58','2017-10-13 08:47:58','Daniel',0,'\0','2017-11-22 00:00:00',8),(32,'Daniel','2017-10-13 08:48:15','2017-10-13 08:48:15','Daniel',0,'\0','2017-11-22 00:00:00',24),(33,'Daniel','2017-10-13 08:49:13','2017-10-13 08:49:13','Daniel',0,'\0','2017-11-22 00:00:00',18),(34,'Daniel','2017-10-13 08:49:51','2017-10-13 08:49:51','Daniel',0,'\0','2017-11-22 00:00:00',19),(35,'Daniel','2017-10-13 08:50:21','2017-10-13 08:50:21','Daniel',0,'\0','2017-11-22 00:00:00',9),(36,'Daniel','2017-10-13 08:50:55','2017-10-13 08:50:55','Daniel',0,'\0','2017-11-22 00:00:00',25),(37,'Daniel','2017-10-13 09:33:41','2017-10-13 09:33:41','Daniel',0,'\0','2017-11-22 00:00:00',30),(38,'Daniel','2017-10-13 09:34:11','2017-10-13 09:34:11','Daniel',0,'\0','2017-11-22 00:00:00',31),(39,'Daniel','2017-10-13 09:40:45','2017-10-13 09:40:45','Daniel',0,'\0','2017-12-22 00:00:00',32),(40,'Daniel','2017-10-13 09:40:59','2017-10-13 09:40:59','Daniel',0,'\0','2017-12-22 00:00:00',20),(41,'Daniel','2017-10-13 09:41:10','2017-10-13 09:41:10','Daniel',0,'\0','2017-12-22 00:00:00',10),(42,'Daniel','2017-10-13 09:41:34','2017-10-13 09:41:34','Daniel',0,'\0','2017-12-22 00:00:00',26),(43,'Daniel','2017-10-13 09:41:50','2017-10-13 09:41:50','Daniel',0,'\0','2017-12-22 00:00:00',33),(44,'Daniel','2017-10-13 09:42:05','2017-10-13 09:42:05','Daniel',0,'\0','2017-12-22 00:00:00',21),(45,'Daniel','2017-10-13 09:42:24','2017-10-13 09:42:24','Daniel',0,'\0','2017-12-22 00:00:00',11),(46,'Daniel','2017-10-13 09:42:46','2017-10-13 09:42:46','Daniel',0,'\0','2017-12-22 00:00:00',34),(47,'Daniel','2017-10-13 10:04:38','2017-10-13 10:04:38','Daniel',0,'\0','2017-12-22 00:00:00',12),(48,'Daniel','2017-10-13 10:05:01','2017-10-13 10:05:01','Daniel',0,'\0','2017-12-22 00:00:00',35),(49,'Daniel','2017-10-13 10:06:16','2017-10-13 10:06:16','Daniel',0,'\0','2017-12-22 00:00:00',13),(50,'Daniel','2017-10-13 10:06:35','2017-10-13 10:06:35','Daniel',0,'\0','2017-12-22 00:00:00',36),(51,'Daniel','2017-10-13 10:06:50','2017-10-13 10:06:50','Daniel',0,'\0','2017-12-22 00:00:00',14),(52,'Daniel','2017-10-13 10:07:06','2017-10-13 10:07:06','Daniel',0,'\0','2017-12-22 00:00:00',15),(53,'Daniel','2017-10-13 10:07:23','2017-10-13 10:07:23','Daniel',0,'\0','2017-12-22 00:00:00',37),(54,'Daniel','2017-10-13 10:19:39','2017-10-13 10:19:39','Daniel',0,'\0','2017-12-22 00:00:00',38),(55,'aditest','2017-10-16 12:13:20','2017-10-16 12:13:20','aditest',0,'\0','2017-11-26 00:00:00',93),(56,'aditest','2017-10-16 12:13:37','2017-10-16 12:13:37','aditest',0,'\0','2017-11-28 00:00:00',93),(57,'aditest','2017-10-16 12:14:20','2017-10-16 12:14:20','aditest',0,'\0','2017-12-10 00:00:00',89),(58,'aditest','2017-10-16 12:14:36','2017-10-16 12:14:36','aditest',0,'\0','2017-12-12 00:00:00',88),(59,'aditest','2017-10-16 12:14:55','2017-10-16 12:14:55','aditest',0,'\0','2017-10-22 00:00:00',95),(60,'aditest','2017-10-16 12:15:02','2017-10-25 12:23:37','aditest',0,'','2017-10-23 00:00:00',98),(61,'aditest','2017-10-16 12:15:12','2017-10-16 12:15:12','aditest',0,'\0','2017-10-24 00:00:00',99),(62,'Daniel','2017-10-17 06:07:00','2017-10-17 06:07:00','Daniel',0,'\0','2017-11-07 00:00:00',23),(63,'Daniel','2017-10-20 11:41:29','2017-10-25 12:27:57','Daniel',0,'','2017-10-26 00:00:00',6),(64,'Daniel','2017-10-20 11:41:29','2017-10-25 12:26:04','Daniel',0,'','2017-10-26 00:00:00',6),(65,'aditest','2017-10-23 07:07:18','2017-10-25 12:21:59','aditest',0,'','2017-10-25 00:00:00',117),(66,'Daniel','2017-10-23 08:25:48','2017-10-23 08:25:48','Daniel',0,'\0','2017-11-22 00:00:00',170),(67,'adi','2017-10-25 08:08:22','2017-10-25 08:08:22','adi',0,'\0','2017-10-29 00:00:00',55),(68,'adi','2017-10-25 08:24:48','2017-10-25 08:24:48','adi',0,'\0','2017-10-26 00:00:00',54),(69,'adi','2017-10-25 08:28:37','2017-10-25 08:28:37','adi',0,'\0','2017-10-26 00:00:00',72),(70,'aditest','2017-10-25 08:35:47','2017-10-25 08:35:47','aditest',0,'\0','2018-01-06 00:00:00',95),(71,'aditest','2017-10-25 08:35:47','2017-10-25 08:35:47','aditest',0,'\0','2018-01-06 00:00:00',95),(72,'aditest','2017-10-25 08:36:01','2017-10-25 12:23:28','aditest',0,'','2017-11-04 00:00:00',98),(73,'aditest','2017-10-25 08:36:01','2017-10-25 12:23:12','aditest',0,'','2017-11-04 00:00:00',98),(74,'aditest','2017-10-25 08:36:04','2017-10-25 08:36:04','aditest',0,'\0','2017-11-04 00:00:00',99),(75,'aditest','2017-10-25 08:36:04','2017-10-25 08:36:04','aditest',0,'\0','2017-11-04 00:00:00',99),(76,'Daniel','2017-10-25 08:36:31','2017-10-25 12:26:02','Daniel',0,'','2017-10-26 00:00:00',6),(77,'Daniel','2017-10-25 08:36:31','2017-10-25 12:26:00','Daniel',0,'','2017-10-26 00:00:00',6),(78,'aditest','2017-10-25 08:36:52','2017-10-25 12:19:30','aditest',0,'','2017-11-04 00:00:00',117),(79,'aditest','2017-10-25 08:36:52','2017-10-25 12:19:16','aditest',0,'','2017-11-04 00:00:00',117),(80,'Daniel','2017-10-25 08:36:53','2017-10-25 12:25:57','Daniel',0,'','2017-10-26 00:00:00',6),(81,'Daniel','2017-10-25 08:36:53','2017-10-25 12:25:55','Daniel',0,'','2017-10-26 00:00:00',6),(82,'Daniel','2017-10-25 08:36:56','2017-10-25 12:25:53','Daniel',0,'','2017-10-26 00:00:00',6),(83,'Daniel','2017-10-25 08:36:56','2017-10-25 12:25:52','Daniel',0,'','2017-10-26 00:00:00',6),(84,'Daniel','2017-10-25 08:37:07','2017-10-25 12:25:50','Daniel',0,'','2017-10-26 00:00:00',6),(85,'Daniel','2017-10-25 08:37:07','2017-10-25 12:25:48','Daniel',0,'','2017-10-26 00:00:00',6),(86,'Daniel','2017-10-25 08:37:18','2017-10-25 12:25:47','Daniel',0,'','2017-10-26 00:00:00',6),(87,'Daniel','2017-10-25 08:37:18','2017-10-25 12:25:45','Daniel',0,'','2017-10-26 00:00:00',6),(88,'Daniel','2017-10-25 08:37:21','2017-10-25 12:25:43','Daniel',0,'','2017-10-26 00:00:00',6),(89,'Daniel','2017-10-25 08:37:21','2017-10-25 12:25:42','Daniel',0,'','2017-10-26 00:00:00',6),(90,'Daniel','2017-10-25 08:37:58','2017-10-25 12:25:40','Daniel',0,'','2017-10-26 00:00:00',6),(91,'Daniel','2017-10-25 08:37:58','2017-10-25 12:25:38','Daniel',0,'','2017-10-26 00:00:00',6),(92,'aditest','2017-10-25 08:38:28','2017-10-25 12:29:07','aditest',0,'','2017-10-26 00:00:00',118),(93,'Daniel','2017-10-25 08:38:44','2017-10-25 12:24:45','Daniel',0,'','2017-10-26 00:00:00',6),(94,'Daniel','2017-10-25 08:38:44','2017-10-25 12:24:43','Daniel',0,'','2017-10-26 00:00:00',6),(95,'Daniel','2017-10-25 08:38:47','2017-10-25 12:24:40','Daniel',0,'','2017-10-26 00:00:00',6),(96,'Daniel','2017-10-25 08:38:47','2017-10-25 12:24:38','Daniel',0,'','2017-10-26 00:00:00',6),(97,'Daniel','2017-10-25 08:38:59','2017-10-25 12:24:37','Daniel',0,'','2017-10-26 00:00:00',6),(98,'Daniel','2017-10-25 08:38:59','2017-10-25 12:24:35','Daniel',0,'','2017-10-26 00:00:00',6),(99,'Daniel','2017-10-25 08:39:22','2017-10-25 12:22:58','Daniel',0,'','2017-10-26 00:00:00',6),(100,'Daniel','2017-10-25 08:39:22','2017-10-25 12:18:59','Daniel',0,'','2017-10-26 00:00:00',6),(101,'Daniel','2017-10-25 08:39:26','2017-10-25 09:42:44','Daniel',0,'','2017-10-26 00:00:00',6),(102,'Daniel','2017-10-25 08:39:26','2017-10-25 09:42:33','Daniel',0,'','2017-10-26 00:00:00',6),(103,'Daniel','2017-10-25 08:39:49','2017-10-25 08:42:51','Daniel',0,'','2017-10-26 00:00:00',6),(104,'Daniel','2017-10-25 08:39:49','2017-10-25 08:42:35','Daniel',0,'','2017-10-26 00:00:00',6),(105,'Daniel','2017-10-25 08:39:54','2017-10-25 08:42:32','Daniel',0,'','2017-10-26 00:00:00',6),(106,'Daniel','2017-10-25 08:39:54','2017-10-25 08:42:27','Daniel',0,'','2017-10-26 00:00:00',6),(107,'Daniel','2017-10-25 08:39:59','2017-10-25 08:42:24','Daniel',0,'','2017-10-26 00:00:00',6),(108,'Daniel','2017-10-25 08:39:59','2017-10-25 08:42:04','Daniel',0,'','2017-10-26 00:00:00',6),(109,'Daniel','2017-10-25 12:27:45','2017-10-25 12:27:54','Daniel',0,'','2017-11-04 00:00:00',6),(110,'logistix','2018-02-14 10:52:09','2018-05-07 07:00:57','logistix',0,'','2018-06-20 00:00:00',44),(111,'otto','2018-04-14 12:05:13','2018-04-14 12:05:13','otto',0,'\0','2018-06-01 00:00:00',179),(112,'otto','2018-04-17 07:48:12','2018-04-17 07:48:12','otto',0,'\0','2019-01-06 00:00:00',179),(113,'otto','2018-04-17 07:49:26','2018-04-17 07:49:26','otto',0,'\0','2019-01-07 00:00:00',181),(114,'otto','2018-04-17 07:50:07','2018-04-17 07:50:07','otto',0,'\0','2019-01-07 00:00:00',180),(115,'otto','2018-04-17 07:50:49','2018-04-17 07:50:49','otto',0,'\0','2019-01-01 00:00:00',181),(116,'otto','2018-04-17 07:51:44','2018-04-17 07:51:44','otto',0,'\0','2019-04-03 00:00:00',182),(117,'otto','2018-04-17 07:52:15','2018-04-17 07:52:15','otto',0,'\0','2019-04-09 00:00:00',182),(118,'otto','2018-04-17 07:52:41','2018-04-17 07:52:41','otto',0,'\0','2019-01-01 00:00:00',183),(119,'otto','2018-04-18 08:51:51','2018-04-18 08:51:51','otto',0,'\0','2018-12-01 00:00:00',185),(120,'otto','2018-04-23 16:14:53','2018-04-23 16:14:53','otto',0,'\0','2019-06-14 00:00:00',187),(121,'logistix','2018-05-07 07:00:10','2018-05-07 07:00:10','logistix',0,'\0','2018-05-09 00:00:00',44),(122,'logistix','2018-05-07 07:00:31','2018-05-07 07:00:31','logistix',0,'\0','2018-05-10 00:00:00',44),(123,'otto','2018-05-09 06:46:18','2018-05-09 06:46:18','otto',0,'\0','2018-06-12 00:00:00',184),(124,'otto','2018-05-09 06:50:46','2018-05-09 06:50:46','otto',0,'\0','2018-05-23 00:00:00',188),(125,'logistix','2018-05-09 08:41:27','2018-05-09 08:41:27','logistix',0,'\0','2019-05-09 00:00:00',44),(126,'otto','2018-05-10 06:28:04','2018-05-10 06:28:04','otto',0,'\0','2018-12-01 00:00:00',186),(127,'otto','2018-05-11 12:18:39','2018-05-11 12:18:39','otto',0,'\0','2019-01-01 00:00:00',184),(128,'otto','2018-05-11 12:21:45','2018-05-11 12:21:45','otto',0,'\0','2019-06-01 00:00:00',188);
/*!40000 ALTER TABLE `vehicle_inspections` ENABLE KEYS */;
UNLOCK TABLES;

--
-- Table structure for table `vehicle_rcas`
--

DROP TABLE IF EXISTS `vehicle_rcas`;
/*!40101 SET @saved_cs_client     = @@character_set_client */;
/*!40101 SET character_set_client = utf8 */;
CREATE TABLE `vehicle_rcas` (
  `id` bigint(20) NOT NULL AUTO_INCREMENT,
  `created_by` varchar(255) DEFAULT NULL,
  `created_date` datetime DEFAULT NULL,
  `last_update_date` datetime DEFAULT NULL,
  `updated_by` varchar(255) DEFAULT NULL,
  `version` int(11) NOT NULL,
  `deleted` bit(1) NOT NULL,
  `rca_date` datetime DEFAULT NULL,
  `vehicle_id` bigint(20) DEFAULT NULL,
  PRIMARY KEY (`id`),
  KEY `FKnm128930erhriqm4gjvgi0ooc` (`vehicle_id`),
  CONSTRAINT `FKnm128930erhriqm4gjvgi0ooc` FOREIGN KEY (`vehicle_id`) REFERENCES `vehicles` (`id`)
) ENGINE=InnoDB AUTO_INCREMENT=105 DEFAULT CHARSET=latin1;
/*!40101 SET character_set_client = @saved_cs_client */;

--
-- Dumping data for table `vehicle_rcas`
--

LOCK TABLES `vehicle_rcas` WRITE;
/*!40000 ALTER TABLE `vehicle_rcas` DISABLE KEYS */;
INSERT INTO `vehicle_rcas` VALUES (1,'adi','2017-10-11 10:54:38','2017-10-11 10:54:38','adi',0,'\0','2017-10-13 00:00:00',44),(2,'adi','2017-10-11 10:55:13','2017-10-11 10:55:13','adi',0,'\0','2017-10-25 00:00:00',75),(3,'adi','2017-10-11 10:55:36','2017-10-11 10:55:36','adi',0,'\0','2017-11-06 00:00:00',65),(4,'adi','2017-10-11 10:57:37','2017-10-11 10:57:37','adi',0,'\0','2017-11-08 00:00:00',64),(5,'adi','2017-10-11 10:58:19','2017-10-11 10:58:19','adi',0,'\0','2017-12-06 00:00:00',73),(6,'adi','2017-10-11 12:25:41','2017-10-11 12:25:41','adi',0,'\0','2017-12-27 00:00:00',64),(7,'adi','2017-10-11 12:25:41','2017-10-11 12:25:41','adi',0,'\0','2017-12-27 00:00:00',64),(8,'Daniel','2017-10-13 08:14:48','2017-10-25 12:29:11','Daniel',0,'','2017-10-20 00:00:00',6),(9,'Daniel','2017-10-13 08:15:26','2017-10-13 08:15:26','Daniel',0,'\0','2017-10-21 00:00:00',22),(10,'Daniel','2017-10-13 08:15:57','2017-10-13 08:15:57','Daniel',0,'\0','2017-10-22 00:00:00',16),(11,'Daniel','2017-10-13 08:16:18','2017-10-13 08:16:18','Daniel',0,'\0','2017-10-23 00:00:00',29),(12,'Daniel','2017-10-13 08:16:47','2017-10-13 08:16:47','Daniel',0,'\0','2017-10-24 00:00:00',7),(13,'Daniel','2017-10-13 08:40:50','2017-10-13 08:40:50','Daniel',0,'\0','2017-10-31 00:00:00',25),(14,'Daniel','2017-10-13 08:45:28','2017-10-13 08:45:28','Daniel',0,'\0','2017-11-14 00:00:00',7),(15,'Daniel','2017-10-13 08:45:56','2017-10-13 08:45:56','Daniel',0,'\0','2017-11-22 00:00:00',23),(16,'Daniel','2017-10-13 08:46:14','2017-10-13 08:46:14','Daniel',0,'\0','2017-11-22 00:00:00',17),(17,'Daniel','2017-10-13 08:47:58','2017-10-13 08:47:58','Daniel',0,'\0','2017-11-22 00:00:00',8),(18,'Daniel','2017-10-13 08:48:15','2017-10-13 08:48:15','Daniel',0,'\0','2017-11-22 00:00:00',24),(19,'Daniel','2017-10-13 08:49:13','2017-10-13 08:49:13','Daniel',0,'\0','2017-11-22 00:00:00',18),(20,'Daniel','2017-10-13 08:49:51','2017-10-13 08:49:51','Daniel',0,'\0','2017-11-22 00:00:00',19),(21,'Daniel','2017-10-13 08:50:21','2017-10-13 08:50:21','Daniel',0,'\0','2017-11-22 00:00:00',9),(22,'Daniel','2017-10-13 08:50:55','2017-10-13 08:50:55','Daniel',0,'\0','2017-11-22 00:00:00',25),(23,'Daniel','2017-10-13 09:33:41','2017-10-13 09:33:41','Daniel',0,'\0','2017-11-22 00:00:00',30),(24,'Daniel','2017-10-13 09:34:11','2017-10-13 09:34:11','Daniel',0,'\0','2017-11-22 00:00:00',31),(25,'Daniel','2017-10-13 09:40:45','2017-10-13 09:40:45','Daniel',0,'\0','2017-12-22 00:00:00',32),(26,'Daniel','2017-10-13 09:40:59','2017-10-13 09:40:59','Daniel',0,'\0','2017-12-22 00:00:00',20),(27,'Daniel','2017-10-13 09:41:10','2017-10-13 09:41:10','Daniel',0,'\0','2017-12-22 00:00:00',10),(28,'Daniel','2017-10-13 09:41:34','2017-10-13 09:41:34','Daniel',0,'\0','2017-12-22 00:00:00',26),(29,'Daniel','2017-10-13 09:41:50','2017-10-13 09:41:50','Daniel',0,'\0','2017-12-22 00:00:00',33),(30,'Daniel','2017-10-13 09:42:05','2017-10-13 09:42:05','Daniel',0,'\0','2017-12-22 00:00:00',21),(31,'Daniel','2017-10-13 09:42:24','2017-10-13 09:42:24','Daniel',0,'\0','2017-12-22 00:00:00',11),(32,'Daniel','2017-10-13 09:42:46','2017-10-13 09:42:46','Daniel',0,'\0','2017-12-22 00:00:00',34),(33,'Daniel','2017-10-13 10:04:38','2017-10-13 10:04:38','Daniel',0,'\0','2017-12-22 00:00:00',12),(34,'Daniel','2017-10-13 10:05:01','2017-10-13 10:05:01','Daniel',0,'\0','2017-12-22 00:00:00',35),(35,'Daniel','2017-10-13 10:06:16','2017-10-13 10:06:16','Daniel',0,'\0','2017-12-22 00:00:00',13),(36,'Daniel','2017-10-13 10:06:35','2017-10-13 10:06:35','Daniel',0,'\0','2017-12-22 00:00:00',36),(37,'Daniel','2017-10-13 10:06:50','2017-10-13 10:06:50','Daniel',0,'\0','2017-12-22 00:00:00',14),(38,'Daniel','2017-10-13 10:07:06','2017-10-13 10:07:06','Daniel',0,'\0','2017-12-22 00:00:00',15),(39,'Daniel','2017-10-13 10:07:23','2017-10-13 10:07:23','Daniel',0,'\0','2017-12-22 00:00:00',37),(40,'Daniel','2017-10-13 10:19:39','2017-10-13 10:19:39','Daniel',0,'\0','2017-12-22 00:00:00',38),(41,'aditest','2017-10-16 12:17:36','2017-10-16 12:17:36','aditest',0,'\0','2017-10-22 00:00:00',82),(42,'aditest','2017-10-16 12:17:50','2017-10-16 12:17:50','aditest',0,'\0','2017-10-24 00:00:00',83),(43,'Daniel','2017-10-17 06:07:00','2017-10-17 06:07:00','Daniel',0,'\0','2017-11-07 00:00:00',23),(44,'Daniel','2017-10-20 11:41:52','2017-10-25 08:42:29','Daniel',0,'','2017-10-27 00:00:00',6),(45,'Daniel','2017-10-20 11:41:52','2017-10-25 08:42:37','Daniel',0,'','2017-10-27 00:00:00',6),(46,'Daniel','2017-10-21 14:36:03','2017-10-25 09:42:36','Daniel',0,'','2017-10-27 00:00:00',6),(47,'Daniel','2017-10-21 14:36:03','2017-10-25 09:43:36','Daniel',0,'','2017-10-27 00:00:00',6),(48,'Daniel','2017-10-23 07:39:18','2017-10-25 12:29:09','Daniel',0,'','2017-10-24 00:00:00',6),(49,'Daniel','2017-10-23 07:39:18','2017-10-25 12:29:07','Daniel',0,'','2017-10-24 00:00:00',6),(50,'Daniel','2017-10-23 08:25:48','2017-10-23 08:25:48','Daniel',0,'\0','2017-11-22 00:00:00',170),(51,'adi','2017-10-25 08:08:22','2017-10-25 08:08:22','adi',0,'\0','2017-10-27 00:00:00',55),(52,'adi','2017-10-25 08:24:48','2017-10-25 08:24:48','adi',0,'\0','2017-10-28 00:00:00',54),(53,'adi','2017-10-25 08:28:37','2017-10-25 08:28:37','adi',0,'\0','2017-10-30 00:00:00',72),(54,'Daniel','2017-10-25 08:36:17','2017-10-25 09:43:57','Daniel',0,'','2017-10-26 00:00:00',6),(55,'Daniel','2017-10-25 08:36:17','2017-10-25 09:43:58','Daniel',0,'','2017-10-26 00:00:00',6),(56,'aditest','2017-10-25 08:36:28','2017-10-25 12:24:20','aditest',0,'','2017-11-04 00:00:00',83),(57,'aditest','2017-10-25 08:36:28','2017-10-25 12:24:10','aditest',0,'','2017-11-04 00:00:00',83),(58,'Daniel','2017-10-25 08:36:40','2017-10-25 09:51:46','Daniel',0,'','2017-10-26 00:00:00',6),(59,'Daniel','2017-10-25 08:36:40','2017-10-25 12:18:52','Daniel',0,'','2017-10-26 00:00:00',6),(60,'Daniel','2017-10-25 08:36:49','2017-10-25 12:22:56','Daniel',0,'','2017-10-26 00:00:00',6),(61,'Daniel','2017-10-25 08:36:49','2017-10-25 12:23:40','Daniel',0,'','2017-10-26 00:00:00',6),(62,'Daniel','2017-10-25 08:36:59','2017-10-25 12:28:03','Daniel',0,'','2017-10-26 00:00:00',6),(63,'Daniel','2017-10-25 08:36:59','2017-10-25 12:28:06','Daniel',0,'','2017-10-26 00:00:00',6),(64,'Daniel','2017-10-25 08:37:11','2017-10-25 12:28:07','Daniel',0,'','2017-10-26 00:00:00',6),(65,'Daniel','2017-10-25 08:37:11','2017-10-25 12:28:09','Daniel',0,'','2017-10-26 00:00:00',6),(66,'Daniel','2017-10-25 08:37:55','2017-10-25 12:28:11','Daniel',0,'','2017-10-26 00:00:00',6),(67,'Daniel','2017-10-25 08:37:55','2017-10-25 12:28:12','Daniel',0,'','2017-10-26 00:00:00',6),(68,'Daniel','2017-10-25 08:38:14','2017-10-25 12:28:13','Daniel',0,'','2017-10-26 00:00:00',6),(69,'Daniel','2017-10-25 08:38:14','2017-10-25 12:28:15','Daniel',0,'','2017-10-26 00:00:00',6),(70,'Daniel','2017-10-25 08:38:18','2017-10-25 12:28:16','Daniel',0,'','2017-10-26 00:00:00',6),(71,'Daniel','2017-10-25 08:38:18','2017-10-25 12:28:18','Daniel',0,'','2017-10-26 00:00:00',6),(72,'aditest','2017-10-25 08:38:28','2017-10-25 08:38:28','aditest',0,'\0','2017-10-27 00:00:00',118),(73,'Daniel','2017-10-25 08:38:55','2017-10-25 12:28:28','Daniel',0,'','2017-10-26 00:00:00',6),(74,'Daniel','2017-10-25 08:38:55','2017-10-25 12:28:29','Daniel',0,'','2017-10-26 00:00:00',6),(75,'Daniel','2017-10-25 08:39:13','2017-10-25 12:28:31','Daniel',0,'','2017-10-26 00:00:00',6),(76,'Daniel','2017-10-25 08:39:13','2017-10-25 12:28:32','Daniel',0,'','2017-10-26 00:00:00',6),(77,'Daniel','2017-10-25 08:39:17','2017-10-25 12:28:34','Daniel',0,'','2017-10-26 00:00:00',6),(78,'Daniel','2017-10-25 08:39:17','2017-10-25 12:28:35','Daniel',0,'','2017-10-26 00:00:00',6),(79,'Daniel','2017-10-25 08:39:42','2017-10-25 12:28:37','Daniel',0,'','2017-10-26 00:00:00',6),(80,'Daniel','2017-10-25 08:39:42','2017-10-25 12:28:39','Daniel',0,'','2017-10-26 00:00:00',6),(81,'Daniel','2017-10-25 08:41:14','2017-10-25 12:28:40','Daniel',0,'','2017-10-26 00:00:00',6),(82,'logistix','2018-02-14 10:51:13','2018-02-14 10:51:13','logistix',0,'\0','2018-02-24 00:00:00',44),(83,'otto','2018-04-14 12:05:13','2018-05-09 06:49:58','otto',0,'','2019-01-07 00:00:00',179),(84,'otto','2018-04-17 07:49:26','2018-04-17 07:49:26','otto',0,'\0','2018-12-01 00:00:00',181),(85,'otto','2018-04-17 07:50:07','2018-04-17 07:50:07','otto',0,'\0','2018-12-01 00:00:00',180),(86,'otto','2018-04-17 07:50:49','2018-04-17 07:50:49','otto',0,'\0','2018-12-20 00:00:00',181),(87,'otto','2018-04-17 07:51:44','2018-04-17 07:51:44','otto',0,'\0','2019-01-01 00:00:00',182),(88,'otto','2018-04-17 07:52:15','2018-04-17 07:52:15','otto',0,'\0','2019-01-24 00:00:00',182),(89,'otto','2018-04-17 07:52:41','2018-04-17 07:52:41','otto',0,'\0','2018-12-31 00:00:00',183),(90,'otto','2018-04-18 08:51:51','2018-04-18 08:51:51','otto',0,'\0','2018-12-31 00:00:00',185),(91,'otto','2018-04-18 09:02:55','2018-04-18 09:02:55','otto',0,'\0','2018-04-25 00:00:00',179),(92,'otto','2018-05-09 06:47:46','2018-05-09 06:47:46','otto',0,'\0','2018-06-01 00:00:00',184),(93,'otto','2018-05-09 06:49:23','2018-05-09 06:50:29','otto',0,'','2018-06-04 00:00:00',188),(94,'otto','2018-05-09 06:50:16','2018-05-09 06:50:16','otto',0,'\0','2018-06-09 00:00:00',179),(95,'otto','2018-05-09 06:50:40','2018-05-09 06:50:40','otto',0,'\0','2018-06-09 00:00:00',188),(96,'otto','2018-05-09 08:57:19','2018-05-09 08:57:19','otto',0,'\0','2018-07-01 00:00:00',184),(97,'logistix','2018-05-09 12:54:18','2018-05-09 12:54:18','logistix',0,'\0','2019-01-01 00:00:00',44),(98,'otto','2018-05-10 06:28:04','2018-05-10 06:28:04','otto',0,'\0','2018-06-01 00:00:00',186),(99,'otto','2018-05-10 06:29:13','2018-05-10 06:29:13','otto',0,'\0','2018-06-01 00:00:00',187),(100,'otto','2018-05-10 06:30:40','2018-05-10 06:30:40','otto',0,'\0','2018-06-20 00:00:00',188),(101,'otto','2018-05-11 12:19:57','2018-05-11 12:19:57','otto',0,'\0','2018-12-01 00:00:00',179),(102,'otto','2018-05-11 12:20:56','2018-05-11 12:20:56','otto',0,'\0','2018-12-07 00:00:00',186),(103,'otto','2018-05-11 12:21:32','2018-05-11 12:21:32','otto',0,'\0','2019-10-03 00:00:00',187),(104,'otto','2018-05-23 06:14:40','2018-05-23 06:14:40','otto',0,'\0','2019-06-20 00:00:00',188);
/*!40000 ALTER TABLE `vehicle_rcas` ENABLE KEYS */;
UNLOCK TABLES;

--
-- Table structure for table `vehicle_revisions`
--

DROP TABLE IF EXISTS `vehicle_revisions`;
/*!40101 SET @saved_cs_client     = @@character_set_client */;
/*!40101 SET character_set_client = utf8 */;
CREATE TABLE `vehicle_revisions` (
  `id` bigint(20) NOT NULL AUTO_INCREMENT,
  `created_by` varchar(255) DEFAULT NULL,
  `created_date` datetime DEFAULT NULL,
  `last_update_date` datetime DEFAULT NULL,
  `updated_by` varchar(255) DEFAULT NULL,
  `version` int(11) NOT NULL,
  `deleted` bit(1) NOT NULL,
  `revision` bigint(20) DEFAULT NULL,
  `vehicle_id` bigint(20) DEFAULT NULL,
  PRIMARY KEY (`id`),
  KEY `FKdtwp3ubablrgrmspx72phhaog` (`vehicle_id`),
  CONSTRAINT `FKdtwp3ubablrgrmspx72phhaog` FOREIGN KEY (`vehicle_id`) REFERENCES `vehicles` (`id`)
) ENGINE=InnoDB AUTO_INCREMENT=145 DEFAULT CHARSET=latin1;
/*!40101 SET character_set_client = @saved_cs_client */;

--
-- Dumping data for table `vehicle_revisions`
--

LOCK TABLES `vehicle_revisions` WRITE;
/*!40000 ALTER TABLE `vehicle_revisions` DISABLE KEYS */;
INSERT INTO `vehicle_revisions` VALUES (1,'adi','2017-10-11 10:54:38','2017-10-11 10:54:38','adi',0,'\0',15000,44),(2,'adi','2017-10-11 10:55:13','2017-10-11 10:55:13','adi',0,'\0',31000,75),(3,'adi','2017-10-11 10:55:36','2017-10-11 10:55:36','adi',0,'\0',29000,65),(4,'adi','2017-10-11 10:59:43','2017-10-11 10:59:43','adi',0,'\0',35000,73),(5,'adi','2017-10-11 11:05:04','2017-10-11 11:05:04','adi',0,'\0',15000,47),(6,'adi','2017-10-11 11:09:08','2017-10-11 11:09:08','adi',0,'\0',15000,45),(7,'adi','2017-10-11 12:23:52','2017-10-11 12:23:52','adi',0,'\0',10000,44),(8,'adi','2017-10-11 12:23:52','2017-10-11 12:23:52','adi',0,'\0',10000,44),(9,'adi','2017-10-11 12:23:57','2017-10-11 12:23:57','adi',0,'\0',10000,45),(10,'adi','2017-10-11 12:23:57','2017-10-11 12:23:57','adi',0,'\0',10000,45),(11,'adi','2017-10-11 12:24:02','2017-10-11 12:24:02','adi',0,'\0',10000,73),(12,'adi','2017-10-11 12:24:02','2017-10-11 12:24:02','adi',0,'\0',10000,73),(13,'adi','2017-10-11 12:24:07','2017-10-11 12:24:07','adi',0,'\0',10000,44),(14,'adi','2017-10-11 12:24:07','2017-10-11 12:24:07','adi',0,'\0',10000,44),(15,'adi','2017-10-11 12:25:04','2017-10-11 12:25:04','adi',0,'\0',10000,45),(16,'adi','2017-10-11 12:25:04','2017-10-11 12:25:04','adi',0,'\0',10000,45),(17,'adi','2017-10-11 12:25:25','2017-10-11 12:25:25','adi',0,'\0',10000,44),(18,'adi','2017-10-11 12:25:25','2017-10-11 12:25:25','adi',0,'\0',10000,44),(19,'adi','2017-10-11 12:25:32','2017-10-11 12:25:32','adi',0,'\0',10000,73),(20,'adi','2017-10-11 12:25:32','2017-10-11 12:25:32','adi',0,'\0',10000,73),(21,'adi','2017-10-11 12:25:51','2017-10-11 12:25:51','adi',0,'\0',10000,75),(22,'adi','2017-10-11 12:25:51','2017-10-11 12:25:51','adi',0,'\0',10000,75),(23,'adi','2017-10-11 12:25:59','2017-10-11 12:25:59','adi',0,'\0',10000,47),(24,'adi','2017-10-11 12:25:59','2017-10-11 12:25:59','adi',0,'\0',10000,47),(25,'adi','2017-10-11 12:34:01','2017-10-11 12:34:01','adi',0,'\0',40000,47),(26,'adi','2017-10-11 12:34:01','2017-10-11 12:34:01','adi',0,'\0',40000,47),(27,'adi','2017-10-11 12:34:08','2017-10-11 12:34:08','adi',0,'\0',40000,75),(28,'adi','2017-10-11 12:34:08','2017-10-11 12:34:08','adi',0,'\0',40000,75),(29,'adi','2017-10-11 12:34:28','2017-10-11 12:34:28','adi',0,'\0',40000,73),(30,'adi','2017-10-11 12:34:28','2017-10-11 12:34:28','adi',0,'\0',40000,73),(31,'adi','2017-10-11 12:34:34','2017-10-11 12:34:34','adi',0,'\0',40000,45),(32,'adi','2017-10-11 12:34:34','2017-10-11 12:34:34','adi',0,'\0',40000,45),(33,'adi','2017-10-11 12:34:42','2017-10-11 12:34:42','adi',0,'\0',40000,44),(34,'adi','2017-10-11 12:34:42','2017-10-11 12:34:42','adi',0,'\0',40000,44),(35,'adi','2017-10-11 13:20:29','2017-10-11 13:20:29','adi',0,'\0',25000,67),(36,'adi','2017-10-11 13:24:27','2017-10-11 13:24:27','adi',0,'\0',35000,71),(37,'adi','2017-10-11 13:28:09','2017-10-11 13:28:09','adi',0,'\0',15000,46),(38,'adi','2017-10-11 13:28:19','2017-10-11 13:28:19','adi',0,'\0',15000,48),(39,'adi','2017-10-11 13:28:30','2017-10-11 13:28:30','adi',0,'\0',15000,49),(40,'adi','2017-10-11 14:09:01','2017-10-11 14:09:01','adi',0,'\0',50000,46),(41,'adi','2017-10-11 14:09:01','2017-10-11 14:09:01','adi',0,'\0',50000,46),(42,'adi','2017-10-11 14:09:07','2017-10-11 14:09:07','adi',0,'\0',50000,49),(43,'adi','2017-10-11 14:09:07','2017-10-11 14:09:07','adi',0,'\0',50000,49),(44,'adi','2017-10-11 14:09:11','2017-10-11 14:09:11','adi',0,'\0',50000,48),(45,'adi','2017-10-11 14:09:11','2017-10-11 14:09:11','adi',0,'\0',50000,48),(46,'adi','2017-10-11 14:09:15','2017-10-11 14:09:15','adi',0,'\0',50000,67),(47,'adi','2017-10-11 14:09:15','2017-10-11 14:09:15','adi',0,'\0',50000,67),(48,'adi','2017-10-11 14:09:20','2017-10-11 14:09:20','adi',0,'\0',50000,71),(49,'adi','2017-10-11 14:09:20','2017-10-11 14:09:20','adi',0,'\0',50000,71),(50,'adi','2017-10-11 14:12:01','2017-10-11 14:12:01','adi',0,'\0',38000,74),(51,'adi','2017-10-11 14:12:33','2017-10-11 14:12:33','adi',0,'\0',35000,72),(52,'adi','2017-10-12 07:56:09','2017-10-12 07:56:09','adi',0,'\0',50000,72),(53,'adi','2017-10-12 07:56:09','2017-10-12 07:56:09','adi',0,'\0',50000,72),(54,'Daniel','2017-10-13 08:14:48','2017-10-25 12:26:12','Daniel',0,'',100,6),(55,'Daniel','2017-10-13 08:15:26','2017-10-13 08:15:26','Daniel',0,'\0',200,22),(56,'Daniel','2017-10-13 08:15:57','2017-10-13 08:15:57','Daniel',0,'\0',250,16),(57,'Daniel','2017-10-13 08:16:18','2017-10-13 08:16:18','Daniel',0,'\0',300,29),(58,'Daniel','2017-10-13 08:16:47','2017-10-13 08:16:47','Daniel',0,'\0',330,7),(59,'Daniel','2017-10-13 08:40:50','2017-10-13 08:40:50','Daniel',0,'\0',15000,25),(60,'Daniel','2017-10-13 08:41:01','2017-10-25 12:26:10','Daniel',0,'',15000,6),(61,'Daniel','2017-10-13 08:41:57','2017-10-13 08:41:57','Daniel',0,'\0',15000,22),(62,'Daniel','2017-10-13 08:45:28','2017-10-13 08:45:28','Daniel',0,'\0',15000,7),(63,'Daniel','2017-10-13 08:45:56','2017-10-13 08:45:56','Daniel',0,'\0',15000,23),(64,'Daniel','2017-10-13 08:46:14','2017-10-13 08:46:14','Daniel',0,'\0',15000,17),(65,'Daniel','2017-10-13 08:47:58','2017-10-13 08:47:58','Daniel',0,'\0',15000,8),(66,'Daniel','2017-10-13 08:48:16','2017-10-13 08:48:16','Daniel',0,'\0',15000,24),(67,'Daniel','2017-10-13 08:49:13','2017-10-13 08:49:13','Daniel',0,'\0',15000,18),(68,'Daniel','2017-10-13 08:49:51','2017-10-13 08:49:51','Daniel',0,'\0',15000,19),(69,'Daniel','2017-10-13 08:50:21','2017-10-13 08:50:21','Daniel',0,'\0',15000,9),(70,'Daniel','2017-10-13 09:33:41','2017-10-13 09:33:41','Daniel',0,'\0',15000,30),(71,'Daniel','2017-10-13 09:34:11','2017-10-13 09:34:11','Daniel',0,'\0',15000,31),(72,'Daniel','2017-10-13 09:38:18','2017-10-13 09:38:18','Daniel',0,'\0',15000,16),(73,'Daniel','2017-10-13 09:40:45','2017-10-13 09:40:45','Daniel',0,'\0',20000,32),(74,'Daniel','2017-10-13 09:40:59','2017-10-13 09:40:59','Daniel',0,'\0',20000,20),(75,'Daniel','2017-10-13 09:41:10','2017-10-13 09:41:10','Daniel',0,'\0',20000,10),(76,'Daniel','2017-10-13 09:41:34','2017-10-13 09:41:34','Daniel',0,'\0',20000,26),(77,'Daniel','2017-10-13 09:41:50','2017-10-13 09:41:50','Daniel',0,'\0',20000,33),(78,'Daniel','2017-10-13 09:42:05','2017-10-13 09:42:05','Daniel',0,'\0',20000,21),(79,'Daniel','2017-10-13 09:42:24','2017-10-13 09:42:24','Daniel',0,'\0',20000,11),(80,'Daniel','2017-10-13 09:42:46','2017-10-13 09:42:46','Daniel',0,'\0',20000,34),(81,'Daniel','2017-10-13 10:00:45','2017-10-13 10:00:45','Daniel',0,'\0',20000,29),(82,'Daniel','2017-10-13 10:04:38','2017-10-13 10:04:38','Daniel',0,'\0',20000,12),(83,'Daniel','2017-10-13 10:05:01','2017-10-13 10:05:01','Daniel',0,'\0',20000,35),(84,'Daniel','2017-10-13 10:06:16','2017-10-13 10:06:16','Daniel',0,'\0',20000,13),(85,'Daniel','2017-10-13 10:06:35','2017-10-13 10:06:35','Daniel',0,'\0',20000,36),(86,'Daniel','2017-10-13 10:06:50','2017-10-13 10:06:50','Daniel',0,'\0',20000,14),(87,'Daniel','2017-10-13 10:07:06','2017-10-13 10:07:06','Daniel',0,'\0',20000,15),(88,'Daniel','2017-10-13 10:07:23','2017-10-13 10:07:23','Daniel',0,'\0',20000,37),(89,'Daniel','2017-10-13 10:19:39','2017-10-13 10:19:39','Daniel',0,'\0',20000,38),(90,'aditest','2017-10-16 12:18:31','2017-10-16 12:18:31','aditest',0,'\0',3000,91),(91,'aditest','2017-10-16 12:19:12','2017-10-16 12:19:12','aditest',0,'\0',17000,90),(92,'aditest','2017-10-16 12:20:28','2017-10-16 12:20:28','aditest',0,'\0',18000,83),(93,'aditest','2017-10-16 12:22:45','2017-10-16 12:22:45','aditest',0,'\0',15000,82),(94,'aditest','2017-10-16 12:26:29','2017-10-16 12:26:29','aditest',0,'\0',15000,99),(95,'aditest','2017-10-16 12:26:32','2017-10-16 12:26:32','aditest',0,'\0',15000,99),(96,'aditest','2017-10-16 12:28:45','2017-10-25 12:30:27','aditest',0,'',15000,98),(97,'aditest','2017-10-16 12:29:52','2017-10-16 12:29:52','aditest',0,'\0',11000,88),(98,'aditest','2017-10-16 12:30:36','2017-10-16 12:30:36','aditest',0,'\0',14000,89),(99,'aditest','2017-10-16 12:31:29','2017-10-16 12:31:29','aditest',0,'\0',11000,85),(100,'aditest','2017-10-16 12:32:36','2017-10-25 12:29:21','aditest',0,'',11000,86),(101,'Daniel','2017-10-16 14:14:01','2017-10-16 14:14:01','Daniel',0,'\0',27000,25),(102,'Daniel','2017-10-17 06:07:00','2017-10-17 06:07:00','Daniel',0,'\0',25000,23),(103,'aditest','2017-10-19 13:18:28','2017-10-25 12:29:18','aditest',0,'',20000,86),(104,'aditest','2017-10-19 13:18:28','2017-10-25 12:29:15','aditest',0,'',20000,86),(105,'Daniel','2017-10-20 10:11:03','2017-10-25 08:41:04','Daniel',0,'',1234567890,6),(106,'Daniel','2017-10-20 10:11:03','2017-10-25 08:42:16','Daniel',0,'',1234567890,6),(107,'aditest','2017-10-20 13:13:01','2017-10-20 13:13:01','aditest',0,'\0',7000,82),(108,'aditest','2017-10-20 13:13:01','2017-10-20 13:13:01','aditest',0,'\0',7000,82),(109,'Daniel','2017-10-21 14:36:32','2017-10-21 14:36:32','Daniel',0,'\0',0,6),(110,'Daniel','2017-10-21 14:36:32','2017-10-21 14:36:32','Daniel',0,'\0',0,6),(111,'aditest','2017-10-23 07:23:37','2017-10-23 07:23:37','aditest',0,'\0',10000,168),(112,'Daniel','2017-10-23 08:25:48','2017-10-23 08:25:48','Daniel',0,'\0',27000,170),(113,'aditest','2017-10-25 08:35:55','2017-10-25 08:35:55','aditest',0,'\0',7000,83),(114,'aditest','2017-10-25 08:35:55','2017-10-25 08:35:55','aditest',0,'\0',7000,83),(115,'aditest','2017-10-25 08:36:09','2017-10-25 08:36:09','aditest',0,'\0',7000,168),(116,'aditest','2017-10-25 08:36:09','2017-10-25 08:36:09','aditest',0,'\0',7000,168),(117,'aditest','2017-10-25 08:36:16','2017-10-25 12:25:37','aditest',0,'',7000,91),(118,'aditest','2017-10-25 08:36:16','2017-10-25 12:25:29','aditest',0,'',7000,91),(119,'aditest','2017-10-25 08:36:21','2017-10-25 08:36:21','aditest',0,'\0',7000,90),(120,'aditest','2017-10-25 08:36:21','2017-10-25 08:36:21','aditest',0,'\0',7000,90),(121,'aditest','2017-10-25 08:36:41','2017-10-25 08:36:41','aditest',0,'\0',7000,99),(122,'aditest','2017-10-25 08:36:41','2017-10-25 08:36:41','aditest',0,'\0',7000,99),(123,'aditest','2017-10-25 08:36:45','2017-10-25 08:36:45','aditest',0,'\0',7000,98),(124,'aditest','2017-10-25 08:36:45','2017-10-25 08:36:45','aditest',0,'\0',7000,98),(125,'aditest','2017-10-25 08:36:48','2017-10-25 08:36:48','aditest',0,'\0',7000,88),(126,'aditest','2017-10-25 08:36:48','2017-10-25 08:36:48','aditest',0,'\0',7000,88),(127,'Daniel','2017-10-25 08:39:38','2017-10-25 12:26:09','Daniel',0,'',15000,6),(128,'Daniel','2017-10-25 08:39:38','2017-10-25 12:26:07','Daniel',0,'',15000,6),(129,'Daniel','2017-10-25 12:30:53','2017-10-25 12:30:53','Daniel',0,'\0',30000,6),(130,'Daniel','2017-10-25 12:31:10','2017-10-25 12:31:10','Daniel',0,'\0',30001,6),(131,'otto','2018-04-17 07:48:12','2018-04-17 07:48:12','otto',0,'\0',645000,179),(132,'otto','2018-04-17 07:49:26','2018-04-17 07:49:26','otto',0,'\0',55000,181),(133,'otto','2018-04-17 07:50:07','2018-04-17 07:50:07','otto',0,'\0',55000,180),(134,'otto','2018-04-17 07:50:49','2018-04-17 07:50:49','otto',0,'\0',75000,181),(135,'otto','2018-04-17 07:51:44','2018-04-17 07:51:44','otto',0,'\0',75000,182),(136,'otto','2018-04-17 07:52:15','2018-04-17 07:52:15','otto',0,'\0',95000,182),(137,'otto','2018-04-17 07:52:41','2018-04-17 07:52:41','otto',0,'\0',80000,183),(138,'otto','2018-04-18 08:52:18','2018-04-18 08:52:18','otto',0,'\0',180000,185),(139,'otto','2018-05-10 06:27:31','2018-05-10 06:27:31','otto',0,'\0',1000,186),(140,'otto','2018-05-10 06:28:47','2018-05-10 06:28:47','otto',0,'\0',710000,187),(141,'otto','2018-05-10 06:30:02','2018-05-10 06:30:02','otto',0,'\0',90000,184),(142,'otto','2018-05-10 06:30:40','2018-05-10 06:30:40','otto',0,'\0',500000,188),(143,'otto','2018-05-23 06:14:24','2018-05-23 06:14:24','otto',0,'\0',460500,180),(144,'otto','2018-05-23 06:14:57','2018-05-23 06:14:57','otto',0,'\0',661000,186);
/*!40000 ALTER TABLE `vehicle_revisions` ENABLE KEYS */;
UNLOCK TABLES;

--
-- Table structure for table `vehicle_tach`
--

DROP TABLE IF EXISTS `vehicle_tach`;
/*!40101 SET @saved_cs_client     = @@character_set_client */;
/*!40101 SET character_set_client = utf8 */;
CREATE TABLE `vehicle_tach` (
  `id` bigint(20) NOT NULL AUTO_INCREMENT,
  `created_by` varchar(255) DEFAULT NULL,
  `created_date` datetime DEFAULT NULL,
  `last_update_date` datetime DEFAULT NULL,
  `updated_by` varchar(255) DEFAULT NULL,
  `version` int(11) NOT NULL,
  `deleted` bit(1) NOT NULL,
  `tacho_date` datetime DEFAULT NULL,
  `vehicle_id` bigint(20) DEFAULT NULL,
  PRIMARY KEY (`id`),
  KEY `FKmb9inwq6exbongx7c1bwejw8j` (`vehicle_id`),
  CONSTRAINT `FKmb9inwq6exbongx7c1bwejw8j` FOREIGN KEY (`vehicle_id`) REFERENCES `vehicles` (`id`)
) ENGINE=InnoDB AUTO_INCREMENT=61 DEFAULT CHARSET=latin1;
/*!40101 SET character_set_client = @saved_cs_client */;

--
-- Dumping data for table `vehicle_tach`
--

LOCK TABLES `vehicle_tach` WRITE;
/*!40000 ALTER TABLE `vehicle_tach` DISABLE KEYS */;
INSERT INTO `vehicle_tach` VALUES (1,'adi','2017-10-11 10:54:38','2017-10-11 10:54:38','adi',0,'\0','2017-10-15 00:00:00',44),(2,'adi','2017-10-11 10:55:13','2017-10-11 10:55:13','adi',0,'\0','2017-10-29 00:00:00',75),(3,'adi','2017-10-11 10:55:36','2017-10-11 10:55:36','adi',0,'\0','2017-10-13 00:00:00',65),(4,'adi','2017-10-11 10:57:37','2017-10-11 10:57:37','adi',0,'\0','2017-11-08 00:00:00',64),(5,'adi','2017-10-11 10:58:19','2017-10-11 10:58:19','adi',0,'\0','2017-12-06 00:00:00',73),(6,'Daniel','2017-10-13 08:14:48','2017-10-25 09:43:41','Daniel',0,'','2017-10-20 00:00:00',6),(7,'Daniel','2017-10-13 08:15:26','2017-10-13 08:15:26','Daniel',0,'\0','2017-10-21 00:00:00',22),(8,'Daniel','2017-10-13 08:15:57','2017-10-13 08:15:57','Daniel',0,'\0','2017-10-22 00:00:00',16),(9,'Daniel','2017-10-13 08:16:18','2017-10-13 08:16:18','Daniel',0,'\0','2017-10-23 00:00:00',29),(10,'Daniel','2017-10-13 08:16:47','2017-10-25 12:23:23','Daniel',0,'','2017-10-24 00:00:00',7),(11,'Daniel','2017-10-13 08:40:50','2017-10-13 08:40:50','Daniel',0,'\0','2017-10-31 00:00:00',25),(12,'Daniel','2017-10-13 08:45:28','2017-10-25 12:23:20','Daniel',0,'','2017-11-22 00:00:00',7),(13,'Daniel','2017-10-13 08:45:56','2017-10-13 08:45:56','Daniel',0,'\0','2017-11-22 00:00:00',23),(14,'Daniel','2017-10-13 08:46:14','2017-10-13 08:46:14','Daniel',0,'\0','2017-11-22 00:00:00',17),(15,'Daniel','2017-10-13 08:47:58','2017-10-13 08:47:58','Daniel',0,'\0','2017-11-22 00:00:00',8),(16,'Daniel','2017-10-13 08:48:15','2017-10-13 08:48:15','Daniel',0,'\0','2017-11-22 00:00:00',24),(17,'Daniel','2017-10-13 08:49:14','2017-10-13 08:49:14','Daniel',0,'\0','2017-11-22 00:00:00',18),(18,'Daniel','2017-10-13 08:49:51','2017-10-13 08:49:51','Daniel',0,'\0','2017-11-22 00:00:00',19),(19,'Daniel','2017-10-13 08:50:21','2017-10-13 08:50:21','Daniel',0,'\0','2017-11-22 00:00:00',9),(20,'Daniel','2017-10-13 08:50:55','2017-10-13 08:50:55','Daniel',0,'\0','2017-11-22 00:00:00',25),(21,'Daniel','2017-10-13 09:33:41','2017-10-13 09:33:41','Daniel',0,'\0','2017-11-22 00:00:00',30),(22,'Daniel','2017-10-13 09:34:11','2017-10-13 09:34:11','Daniel',0,'\0','2017-11-22 00:00:00',31),(23,'Daniel','2017-10-13 09:40:45','2017-10-13 09:40:45','Daniel',0,'\0','2017-12-22 00:00:00',32),(24,'Daniel','2017-10-13 09:40:59','2017-10-13 09:40:59','Daniel',0,'\0','2017-12-22 00:00:00',20),(25,'Daniel','2017-10-13 09:41:10','2017-10-13 09:41:10','Daniel',0,'\0','2017-12-22 00:00:00',10),(26,'Daniel','2017-10-13 09:41:34','2017-10-13 09:41:34','Daniel',0,'\0','2017-12-22 00:00:00',26),(27,'Daniel','2017-10-13 09:41:50','2017-10-13 09:41:50','Daniel',0,'\0','2017-12-22 00:00:00',33),(28,'Daniel','2017-10-13 09:42:05','2017-10-13 09:42:05','Daniel',0,'\0','2017-12-22 00:00:00',21),(29,'Daniel','2017-10-13 09:42:24','2017-10-13 09:42:24','Daniel',0,'\0','2017-12-22 00:00:00',11),(30,'Daniel','2017-10-13 09:42:46','2017-10-13 09:42:46','Daniel',0,'\0','2017-12-22 00:00:00',34),(31,'Daniel','2017-10-13 10:04:38','2017-10-13 10:04:38','Daniel',0,'\0','2017-12-22 00:00:00',12),(32,'Daniel','2017-10-13 10:05:01','2017-10-13 10:05:01','Daniel',0,'\0','2017-12-22 00:00:00',35),(33,'Daniel','2017-10-13 10:06:16','2017-10-13 10:06:16','Daniel',0,'\0','2017-12-22 00:00:00',13),(34,'Daniel','2017-10-13 10:06:35','2017-10-13 10:06:35','Daniel',0,'\0','2017-12-22 00:00:00',36),(35,'Daniel','2017-10-13 10:06:50','2017-10-13 10:06:50','Daniel',0,'\0','2017-12-22 00:00:00',14),(36,'Daniel','2017-10-13 10:07:06','2017-10-13 10:07:06','Daniel',0,'\0','2017-12-22 00:00:00',15),(37,'Daniel','2017-10-13 10:07:23','2017-10-13 10:07:23','Daniel',0,'\0','2017-12-22 00:00:00',37),(38,'Daniel','2017-10-13 10:19:39','2017-10-13 10:19:39','Daniel',0,'\0','2017-12-22 00:00:00',38),(39,'aditest','2017-10-16 12:17:36','2017-10-16 12:17:36','aditest',0,'\0','2017-10-22 00:00:00',82),(40,'aditest','2017-10-16 12:17:50','2017-10-16 12:17:50','aditest',0,'\0','2017-10-24 00:00:00',83),(41,'Daniel','2017-10-17 06:07:00','2017-10-17 06:07:00','Daniel',0,'\0','2017-11-07 00:00:00',23),(42,'Daniel','2017-10-23 08:25:48','2017-10-23 08:25:48','Daniel',0,'\0','2017-11-22 00:00:00',170),(43,'aditest','2017-10-25 08:36:25','2017-10-25 08:36:25','aditest',0,'\0','2017-11-04 00:00:00',83),(44,'aditest','2017-10-25 08:36:25','2017-10-25 08:36:25','aditest',0,'\0','2017-11-04 00:00:00',83),(45,'aditest','2017-10-25 08:38:28','2017-10-25 08:38:28','aditest',0,'\0','2017-10-29 00:00:00',118),(46,'Daniel','2017-10-25 08:41:14','2017-10-25 08:42:41','Daniel',0,'','2017-10-28 00:00:00',6),(47,'logistix','2018-01-29 15:11:50','2018-01-29 15:11:50','logistix',0,'\0','2018-02-10 00:00:00',44),(48,'logistix','2018-01-29 15:11:50','2018-01-29 15:11:50','logistix',0,'\0','2018-02-10 00:00:00',44),(49,'otto','2018-04-17 07:48:12','2018-04-17 07:48:12','otto',0,'\0','2018-12-01 00:00:00',179),(50,'otto','2018-04-17 07:49:26','2018-04-17 07:49:26','otto',0,'\0','2019-01-17 00:00:00',181),(51,'otto','2018-04-17 07:50:07','2018-04-17 07:50:07','otto',0,'\0','2019-01-17 00:00:00',180),(52,'otto','2018-04-17 07:50:49','2018-04-17 07:50:49','otto',0,'\0','2019-01-15 00:00:00',181),(53,'otto','2018-04-17 07:51:44','2018-04-17 07:51:44','otto',0,'\0','2019-01-01 00:00:00',182),(54,'otto','2018-04-17 07:52:41','2018-04-17 07:52:41','otto',0,'\0','2019-01-01 00:00:00',183),(55,'otto','2018-04-17 11:37:45','2018-04-17 11:37:45','otto',0,'\0','2018-04-18 00:00:00',179),(56,'otto','2018-04-18 08:51:51','2018-04-18 08:51:51','otto',0,'\0','2018-12-31 00:00:00',185),(57,'otto','2018-05-10 06:28:20','2018-05-10 06:28:20','otto',0,'\0','2018-09-18 00:00:00',186),(58,'otto','2018-05-10 06:29:13','2018-05-10 06:29:13','otto',0,'\0','2018-11-21 00:00:00',187),(59,'otto','2018-05-10 06:29:43','2018-05-10 06:29:43','otto',0,'\0','2018-10-30 00:00:00',184),(60,'otto','2018-05-10 06:30:40','2018-05-10 06:30:40','otto',0,'\0','2018-10-18 00:00:00',188);
/*!40000 ALTER TABLE `vehicle_tach` ENABLE KEYS */;
UNLOCK TABLES;

--
-- Table structure for table `vehicle_tires`
--

DROP TABLE IF EXISTS `vehicle_tires`;
/*!40101 SET @saved_cs_client     = @@character_set_client */;
/*!40101 SET character_set_client = utf8 */;
CREATE TABLE `vehicle_tires` (
  `id` bigint(20) NOT NULL AUTO_INCREMENT,
  `created_by` varchar(255) DEFAULT NULL,
  `created_date` datetime DEFAULT NULL,
  `last_update_date` datetime DEFAULT NULL,
  `updated_by` varchar(255) DEFAULT NULL,
  `version` int(11) NOT NULL,
  `deleted` bit(1) NOT NULL,
  `tire_date` datetime DEFAULT NULL,
  `tire_distance` bigint(20) DEFAULT NULL,
  `tire_size` varchar(255) DEFAULT NULL,
  `tire_type` varchar(255) DEFAULT NULL,
  `vehicle_id` bigint(20) DEFAULT NULL,
  PRIMARY KEY (`id`),
  KEY `FKatlk8j6hefq7bvcpl0sm7aprs` (`vehicle_id`),
  CONSTRAINT `FKatlk8j6hefq7bvcpl0sm7aprs` FOREIGN KEY (`vehicle_id`) REFERENCES `vehicles` (`id`)
) ENGINE=InnoDB AUTO_INCREMENT=216 DEFAULT CHARSET=latin1;
/*!40101 SET character_set_client = @saved_cs_client */;

--
-- Dumping data for table `vehicle_tires`
--

LOCK TABLES `vehicle_tires` WRITE;
/*!40000 ALTER TABLE `vehicle_tires` DISABLE KEYS */;
INSERT INTO `vehicle_tires` VALUES (1,'Daniel','2017-10-10 13:13:09','2017-10-10 13:13:09','Daniel',0,'\0','2017-10-10 00:00:00',100000,'1/1/1','WB 22,5',2),(2,'Daniel','2017-10-10 13:15:16','2017-10-10 13:15:16','Daniel',0,'\0','2017-10-11 00:00:00',100000,'2/2/2','WB 22,5',3),(3,'Daniel','2017-10-10 13:19:45','2017-10-10 13:19:45','Daniel',0,'\0','2017-10-10 00:00:00',100000,'1/1/1','WB,22.5',4),(4,'Daniel','2017-10-10 13:21:16','2017-10-10 13:21:16','Daniel',0,'\0','2017-10-12 00:00:00',100000,'3/3/3','Eng Brake',5),(5,'Daniel','2017-10-10 13:22:15','2017-10-10 13:22:15','Daniel',0,'\0','2017-10-12 00:00:00',10000,'3/3/3','Eng Brake',5),(6,'Daniel','2017-10-10 13:22:23','2017-10-10 13:22:23','Daniel',0,'\0','2017-10-11 00:00:00',10000,'2/2/2','WB 22,5',3),(7,'Daniel','2017-10-10 13:25:45','2017-10-10 13:25:45','Daniel',0,'\0','2017-10-10 00:00:00',100,'1/1/1','MF1',6),(8,'Daniel','2017-10-10 13:27:31','2017-10-10 13:27:31','Daniel',0,'\0','2017-10-11 00:00:00',200,'2/2/2','WB, 22.5',7),(9,'Daniel','2017-10-10 13:29:18','2017-10-10 13:29:18','Daniel',0,'\0','2017-10-12 00:00:00',300,'3/3/3','WB LP22.5',8),(10,'Daniel','2017-10-10 13:30:54','2017-10-10 13:30:54','Daniel',0,'\0','2017-10-13 00:00:00',400,'4/4/4','Detroit 14.0',9),(11,'Daniel','2017-10-10 13:32:38','2017-10-10 13:32:38','Daniel',0,'\0','2017-10-14 00:00:00',500,'5/5/5','435 HP',10),(12,'Daniel','2017-10-10 13:34:55','2017-10-10 13:34:55','Daniel',0,'\0','2017-10-15 00:00:00',600,'6/6/6','260 HP',11),(13,'Daniel','2017-10-10 13:36:33','2017-10-10 13:36:33','Daniel',0,'\0','2017-10-16 00:00:00',700,'7/7/7','Mack Engine',12),(14,'Daniel','2017-10-10 13:38:05','2017-10-10 13:38:05','Daniel',0,'\0','2017-10-17 00:00:00',800,'8/8/8','DD15',13),(15,'Daniel','2017-10-10 13:39:24','2017-10-10 13:39:24','Daniel',0,'\0','2017-10-18 00:00:00',900,'9/9/9','MP7',14),(16,'Daniel','2017-10-10 13:40:46','2017-10-10 13:40:46','Daniel',0,'\0','2017-10-19 00:00:00',1000,'10/10/10','C13',15),(17,'Daniel','2017-10-10 18:22:56','2017-10-10 18:22:56','Daniel',0,'\0','2017-10-10 00:00:00',100,'1/1/1','13 Spd',16),(18,'Daniel','2017-10-10 18:24:33','2017-10-10 18:24:33','Daniel',0,'\0','2017-10-11 00:00:00',200,'2/2/2','SB-230',17),(19,'Daniel','2017-10-10 18:25:33','2017-10-10 18:25:33','Daniel',0,'\0','2017-10-12 00:00:00',300,'3/3/3','10 Spd',18),(20,'Daniel','2017-10-10 18:27:57','2017-10-10 18:27:57','Daniel',0,'\0','2017-10-14 00:00:00',400,'4/4/4','M2 106',19),(21,'Daniel','2017-10-10 18:29:20','2017-10-10 18:29:20','Daniel',0,'\0','2017-10-14 00:00:00',500,'5/5/5','Jake',20),(22,'Daniel','2017-10-10 18:30:29','2017-10-10 18:30:29','Daniel',0,'\0','2017-10-15 00:00:00',600,'6/6/6','Jake',21),(23,'Daniel','2017-10-10 18:32:16','2017-10-10 18:32:16','Daniel',0,'\0','2017-10-10 00:00:00',100,'1/1/1','Detroit',22),(24,'Daniel','2017-10-10 18:33:36','2017-10-10 18:33:36','Daniel',0,'\0','2017-10-11 00:00:00',200,'2/2/2','Detroit',23),(25,'Daniel','2017-10-10 18:34:38','2017-10-10 18:34:38','Daniel',0,'\0','2017-10-12 00:00:00',300,'3/3/3','Detroit',24),(26,'Daniel','2017-10-10 18:35:43','2017-10-10 18:35:43','Daniel',0,'\0','2017-10-13 00:00:00',400,'4/4/4','Detroit',25),(27,'Daniel','2017-10-10 18:37:05','2017-10-10 18:37:05','Daniel',0,'\0','2017-10-14 00:00:00',500,'5/5/5','Detroit',26),(28,'Daniel','2017-10-10 18:44:07','2017-10-10 18:44:07','Daniel',0,'\0','2017-10-10 00:00:00',100,'1/1/1','A1',27),(29,'Daniel','2017-10-10 18:45:20','2017-10-10 18:45:20','Daniel',0,'\0','2017-10-11 00:00:00',200,'2/2/2','A2',28),(30,'Daniel','2017-10-10 18:58:51','2017-10-10 18:58:51','Daniel',0,'\0','2017-10-10 00:00:00',100,'1/1/1','A1',29),(31,'Daniel','2017-10-10 18:59:59','2017-10-10 18:59:59','Daniel',0,'\0','2017-10-11 00:00:00',200,'2/2/2','A2',30),(32,'Daniel','2017-10-10 19:01:19','2017-10-10 19:01:19','Daniel',0,'\0','2017-10-12 00:00:00',300,'3/3/3','A3',31),(33,'Daniel','2017-10-10 19:02:14','2017-10-10 19:02:14','Daniel',0,'\0','2017-10-13 00:00:00',400,'4/4/4','A4',32),(34,'Daniel','2017-10-10 19:03:23','2017-10-10 19:03:23','Daniel',0,'\0','2017-10-14 00:00:00',500,'5/5/5','A5',33),(35,'Daniel','2017-10-10 19:04:10','2017-10-10 19:04:10','Daniel',0,'\0','2017-10-15 00:00:00',600,'6/6/6','A6',34),(36,'Daniel','2017-10-10 19:05:05','2017-10-10 19:05:05','Daniel',0,'\0','2017-10-16 00:00:00',700,'7/7/7','A7',35),(37,'Daniel','2017-10-10 19:06:39','2017-10-10 19:06:39','Daniel',0,'\0','2017-10-17 00:00:00',800,'8/8/8','A8',36),(38,'Daniel','2017-10-10 19:07:47','2017-10-10 19:07:47','Daniel',0,'\0','2017-10-18 00:00:00',900,'9/9/9','A9',37),(39,'Daniel','2017-10-10 19:08:48','2017-10-10 19:08:48','Daniel',0,'\0','2017-10-19 00:00:00',1000,'10/10/10','A10',38),(40,'adi','2017-10-11 07:07:53','2017-10-11 07:07:53','adi',0,'\0','2017-10-02 00:00:00',100,'10','Monsanto',39),(41,'adi','2017-10-11 07:10:42','2017-10-11 07:10:42','adi',0,'\0','2017-10-09 00:00:00',100,'10','Eurolite',40),(42,'adi','2017-10-11 07:13:26','2017-10-11 07:13:26','adi',0,'\0','2017-09-19 00:00:00',900,'10','Goodyear',41),(43,'adi','2017-10-11 07:15:03','2017-10-11 07:15:03','adi',0,'\0','2017-09-26 00:00:00',500,'10','Goodyear',42),(44,'adi','2017-10-11 07:17:33','2017-10-11 07:17:33','adi',0,'\0',NULL,0,'1/1/1','Michellin',43),(45,'adi','2017-10-11 07:23:03','2017-10-11 07:23:03','adi',0,'\0','2017-09-11 00:00:00',100,'1/1/1','Goodyear',44),(46,'adi','2017-10-11 07:25:08','2017-10-11 07:25:08','adi',0,'\0','2017-10-08 00:00:00',500,'2/2/2','Snowdrifter',45),(47,'adi','2017-10-11 07:26:18','2017-10-11 07:26:18','adi',0,'\0','2017-08-23 00:00:00',1400,'3/3/3','Fusil',46),(48,'adi','2017-10-11 07:27:49','2017-10-11 07:27:49','adi',0,'\0','2017-09-29 00:00:00',190,'4/4/4','Genoa',47),(49,'adi','2017-10-11 07:29:07','2017-10-11 07:29:07','adi',0,'\0','2016-12-15 00:00:00',1300,'5/5/5','Goodyear',48),(50,'adi','2017-10-11 07:31:32','2017-10-11 07:31:32','adi',0,'\0','2017-10-11 00:00:00',15,'5/5/5','Giovana',49),(51,'adi','2017-10-11 07:32:33','2017-10-11 07:32:33','adi',0,'\0','2017-09-27 00:00:00',100,'7/7/7','Goodyear',50),(52,'adi','2017-10-11 07:34:21','2017-10-11 07:34:21','adi',0,'\0','2017-09-30 00:00:00',150,'8/8/8','Giovana',51),(53,'adi','2017-10-11 07:35:21','2017-10-11 07:35:21','adi',0,'\0','2017-08-10 00:00:00',400,'9/9/9','Goodyear',52),(54,'adi','2017-10-11 07:36:19','2017-10-11 07:36:19','adi',0,'\0','2017-09-25 00:00:00',200,'10/10/10','Goodyear',53),(55,'adi','2017-10-11 07:40:39','2017-10-11 07:40:39','adi',0,'\0','2017-09-10 00:00:00',300,'1/1/1','Goodyear',54),(56,'adi','2017-10-11 07:41:57','2017-10-11 07:41:57','adi',0,'\0','2017-09-04 00:00:00',400,'2/2/2','Goodyear',55),(57,'adi','2017-10-11 07:45:07','2017-10-11 07:45:07','adi',0,'\0','2017-10-09 00:00:00',90,'3/3/3','Semperit',56),(58,'adi','2017-10-11 07:46:13','2017-10-11 07:46:13','adi',0,'\0','2017-09-25 00:00:00',250,'4/4/4','Dayton',57),(59,'adi','2017-10-11 07:47:18','2017-10-11 07:47:18','adi',0,'\0','2017-05-08 00:00:00',670,'4/4/4','Firenza',58),(60,'adi','2017-10-11 07:48:59','2017-10-11 07:48:59','adi',0,'\0','2017-10-06 00:00:00',50,'6/6/6','Infinity',59),(61,'adi','2017-10-11 07:50:21','2017-10-11 07:50:21','adi',0,'\0','2016-11-30 00:00:00',500,'7/7/7','Kormoran',60),(62,'adi','2017-10-11 07:51:25','2017-10-11 07:51:25','adi',0,'\0','2017-09-26 00:00:00',150,'8/8/8','Continental',61),(63,'adi','2017-10-11 07:52:23','2017-10-11 07:52:23','adi',0,'\0','2017-03-13 00:00:00',300,'10/10/10','Goodyear',62),(64,'adi','2017-10-11 07:53:25','2017-10-11 07:53:25','adi',0,'\0','2017-10-09 00:00:00',100,'9/9/9','Michelin',63),(65,'adi','2017-10-11 07:57:56','2017-10-11 07:57:56','adi',0,'\0','2017-10-07 00:00:00',300,'4/4/4','Continental',64),(66,'adi','2017-10-11 07:59:12','2017-10-11 07:59:12','adi',0,'\0','2017-10-10 00:00:00',100,'5/5/5','Goodyear',65),(67,'adi','2017-10-11 08:00:23','2017-10-11 08:00:23','adi',0,'\0','2017-05-10 00:00:00',700,'6/6/6','Duramax',66),(68,'adi','2017-10-11 08:02:03','2017-10-11 08:02:03','adi',0,'\0','2017-06-13 00:00:00',800,'1/1/1','Canter',67),(69,'adi','2017-10-11 08:04:21','2017-10-11 08:04:21','adi',0,'\0','2017-10-10 00:00:00',50,'2/2/2','Jacobi',68),(70,'adi','2017-10-11 08:07:29','2017-10-11 08:07:29','adi',0,'\0','2017-10-08 00:00:00',100,'3/3/3','Joma',69),(71,'adi','2017-10-11 08:08:40','2017-10-11 08:08:40','adi',0,'\0','2017-09-25 00:00:00',400,'6/6/6','Continental',70),(72,'adi','2017-10-11 08:09:55','2017-10-11 08:09:55','adi',0,'\0','2017-10-08 00:00:00',50,'1/1/1','Giovanna',71),(73,'adi','2017-10-11 08:11:01','2017-10-11 08:11:01','adi',0,'\0','2016-05-04 00:00:00',1000,'2/2/2','Michellin',72),(74,'adi','2017-10-11 08:12:41','2017-10-11 08:12:41','adi',0,'\0','2017-10-08 00:00:00',400,'3/3/3','Continental',73),(75,'adi','2017-10-11 08:14:17','2017-10-11 08:14:17','adi',0,'\0','2017-10-09 00:00:00',100,'4/4/4','Giovana',74),(76,'adi','2017-10-11 08:15:36','2017-10-11 08:15:36','adi',0,'\0','2017-10-08 00:00:00',100,'5/5/5','Goodyear',75),(77,'aditest','2017-10-13 14:02:35','2017-10-13 14:02:35','aditest',0,'\0','2017-10-13 00:00:00',100,'1/1/1','Goodyear',76),(78,'aditest','2017-10-13 14:03:26','2017-10-13 14:03:26','aditest',0,'\0','2017-10-22 00:00:00',200,'2/2/2','Pneu',77),(79,'aditest','2017-10-13 14:04:56','2017-10-13 14:04:56','aditest',0,'\0','2017-10-27 00:00:00',1400,'3/3/3','Fusil',78),(80,'aditest','2017-10-13 14:16:34','2017-10-13 14:16:34','aditest',0,'\0','2017-09-29 00:00:00',190,'4/4/4','Genoa',79),(81,'aditest','2017-10-13 14:17:24','2017-10-13 14:17:24','aditest',0,'\0','2017-10-22 00:00:00',1300,'5/5/5','Goodyear',80),(82,'aditest','2017-10-13 14:18:23','2017-10-13 14:18:23','aditest',0,'\0','2017-10-11 00:00:00',15,'6/6/6','Giovana',81),(83,'aditest','2017-10-13 14:21:24','2017-10-13 14:21:24','aditest',0,'\0','2017-09-27 00:00:00',100,'7/7/7','Goodyear',82),(84,'aditest','2017-10-13 14:22:35','2017-10-13 14:22:35','aditest',0,'\0','2017-09-30 00:00:00',150,'8/8/8','Giovana',83),(85,'aditest','2017-10-13 14:24:35','2017-10-13 14:24:35','aditest',0,'\0','2017-09-11 00:00:00',100,'1/1/1','Goodyear',84),(86,'aditest','2017-10-13 14:25:29','2017-10-13 14:25:29','aditest',0,'\0','2017-10-08 00:00:00',500,'2/2/2','Snowdrifter',85),(87,'aditest','2017-10-13 14:26:08','2017-10-13 14:26:08','aditest',0,'\0','2017-10-01 00:00:00',100,'1/1/1','Goodyear',86),(88,'aditest','2017-10-13 14:27:08','2017-10-13 14:27:08','aditest',0,'\0','2017-08-23 00:00:00',1400,'3/3/3','Fusil',87),(89,'aditest','2017-10-13 14:27:56','2017-10-13 14:27:56','aditest',0,'\0','2017-09-29 00:00:00',190,'4/4/4','Genoa',88),(90,'aditest','2017-10-13 14:28:49','2017-10-13 14:28:49','aditest',0,'\0','2017-10-18 00:00:00',190,'3/3/3','Fusil',89),(91,'aditest','2017-10-13 14:30:43','2017-10-13 14:30:43','aditest',0,'\0','2017-08-10 00:00:00',400,'9/9/9','Goodyear',90),(92,'aditest','2017-10-13 14:32:07','2017-10-13 14:32:07','aditest',0,'\0','2017-09-25 00:00:00',200,'10/10/10','Goodyear',91),(93,'aditest','2017-10-13 14:33:16','2017-10-13 14:33:16','aditest',0,'\0','2017-09-10 00:00:00',300,'1/1/1','Goodyear',92),(94,'aditest','2017-10-13 14:34:30','2017-10-13 14:34:30','aditest',0,'\0','2017-09-04 00:00:00',400,'2/2/2','Goodyear',93),(95,'aditest','2017-10-13 14:35:23','2017-10-13 14:35:23','aditest',0,'\0','2017-10-09 00:00:00',90,'3/3/3','Semperit',94),(96,'aditest','2017-10-13 14:38:47','2017-10-13 14:38:47','aditest',0,'\0','2017-07-11 00:00:00',400,'4/4/4','Goodyear',95),(97,'aditest','2017-10-13 14:39:52','2017-10-13 14:39:52','aditest',0,'\0','2017-09-12 00:00:00',450,'5/5/5','Goodyear',96),(98,'aditest','2017-10-13 14:41:00','2017-10-13 14:41:00','aditest',0,'\0','2017-10-06 00:00:00',50,'6/6/6','Infinity',97),(99,'aditest','2017-10-13 14:42:29','2017-10-13 14:42:29','aditest',0,'\0','2017-06-28 00:00:00',900,'5/5/5','eurolite',98),(100,'aditest','2017-10-13 14:43:14','2017-10-13 14:43:14','aditest',0,'\0','2017-10-13 00:00:00',14,'6/6/6','Giovana',99),(101,'aditest','2017-10-13 14:44:07','2017-10-13 14:44:07','aditest',0,'\0','2017-11-30 00:00:00',500,'7/7/7','Kormoran',100),(102,'aditest','2017-10-13 14:45:14','2017-10-13 14:45:14','aditest',0,'\0','2017-09-26 00:00:00',150,'8/8/8','Continental',101),(103,'aditest','2017-10-13 14:46:19','2017-10-13 14:46:19','aditest',0,'\0','2017-10-09 00:00:00',100,'9/9/9','Michellin',102),(104,'aditest','2017-10-13 14:47:22','2017-10-13 14:47:22','aditest',0,'\0','2017-10-13 00:00:00',300,'10/10/10','Goodyear',103),(105,'aditest','2017-10-16 06:45:36','2017-10-16 06:45:36','aditest',0,'\0','2017-10-08 00:00:00',100,'4/4/4','Continental',104),(106,'aditest','2017-10-16 06:46:28','2017-10-16 06:46:28','aditest',0,'\0','2017-09-25 00:00:00',400,'5/5/5','79',105),(107,'aditest','2017-10-16 06:47:33','2017-10-16 06:47:33','aditest',0,'\0','2017-10-02 00:00:00',500,'5/5/5','Goodyear',106),(108,'aditest','2017-10-16 06:48:15','2017-10-16 06:48:15','aditest',0,'\0','2017-10-15 00:00:00',100,'6/6/6','Octoracer',107),(109,'aditest','2017-10-16 06:49:19','2017-10-16 06:49:19','aditest',0,'\0','2017-10-09 00:00:00',100,'1/1/1','London',108),(110,'aditest','2017-10-16 06:50:06','2017-10-16 06:50:06','aditest',0,'\0','2016-10-10 00:00:00',1000,'2/2/2','500',109),(111,'aditest','2017-10-16 06:52:19','2017-10-16 06:52:19','aditest',0,'\0','2017-09-24 00:00:00',1000,'3/3/3','London',110),(112,'aditest','2017-10-16 06:55:36','2017-10-16 06:55:36','aditest',0,'\0','2017-10-16 00:00:00',39403,'30943','0394=3',111),(113,'aditest','2017-10-16 06:56:11','2017-10-16 06:56:11','aditest',0,'\0','2017-10-16 00:00:00',33424,'093-0493-0','0394-0394-',113),(114,'aditest','2017-10-16 06:56:53','2017-10-16 06:56:53','aditest',0,'\0','2017-10-16 00:00:00',2312312,'0923-0492','093-423-0492-',114),(115,'aditest','2017-10-16 06:57:19','2017-10-16 06:57:19','aditest',0,'\0','2017-10-16 00:00:00',231231,'askjdakl','skjdlaj',115),(116,'aditest','2017-10-16 06:58:21','2017-10-16 06:58:21','aditest',0,'\0','2017-10-16 00:00:00',321312,'12311','231223',116),(117,'aditest','2017-10-17 06:53:03','2017-10-17 06:53:03','aditest',0,'\0','2017-10-17 00:00:00',300,'1/1/1','Spintires',117),(118,'aditest','2017-10-17 06:53:55','2017-10-17 06:53:55','aditest',0,'\0','2017-10-17 00:00:00',300,'2/2/2','Goodyear',118),(119,'aditest','2017-10-17 06:55:40','2017-10-17 06:55:40','aditest',0,'\0','2017-10-03 00:00:00',1000,'3/3/3','Goodyear',119),(120,'aditest','2017-10-17 06:57:19','2017-10-17 06:57:19','aditest',0,'\0','2017-10-17 00:00:00',200,'4/4/4','Goodyear',120),(121,'aditest','2017-10-17 06:57:56','2017-10-17 06:57:56','aditest',0,'\0','2017-10-17 00:00:00',200,'5/5/5','Goodyear',121),(122,'aditest','2017-10-17 06:59:04','2017-10-17 06:59:04','aditest',0,'\0','2017-10-17 00:00:00',150,'1/1/1','Goodyear',122),(123,'aditest','2017-10-17 06:59:58','2017-10-17 06:59:58','aditest',0,'\0','2017-07-04 00:00:00',400,'2/2/2','Goodyear',123),(124,'aditest','2017-10-17 07:03:18','2017-10-17 07:03:18','aditest',0,'\0','2017-02-16 00:00:00',200,'2/2/2','Eurolite',124),(125,'aditest','2017-10-17 07:24:08','2017-10-17 07:24:08','aditest',0,'\0','2017-08-07 00:00:00',400,'1/1/1','Goodyear',125),(126,'Daniel','2017-10-17 07:24:45','2017-10-17 07:24:45','Daniel',0,'\0','2017-10-18 00:00:00',70000,'7/7/7','2A',126),(127,'aditest','2017-10-17 07:35:55','2017-10-17 07:35:55','aditest',0,'\0','2017-02-06 00:00:00',300,'2/2/2','Goodyear',127),(128,'aditest','2017-10-17 07:37:01','2017-10-17 07:37:01','aditest',0,'\0','2017-09-15 00:00:00',400,'3/3/3','Goodyear',128),(129,'aditest','2017-10-17 07:37:55','2017-10-17 07:37:55','aditest',0,'\0','2017-10-17 00:00:00',2313132131,'lkjsdlka','kdjsalkdsa',129),(130,'aditest','2017-10-17 07:38:17','2017-10-17 07:38:17','aditest',0,'\0','2017-10-17 00:00:00',32131,'sdadsad','sadasdas',130),(131,'aditest','2017-10-17 07:38:31','2017-10-17 07:38:31','aditest',0,'\0','2017-10-17 00:00:00',31231,'32131','1231321',131),(132,'aditest','2017-10-17 07:38:56','2017-10-17 07:38:56','aditest',0,'\0','2017-10-17 00:00:00',24242,'423424','234244',132),(133,'aditest','2017-10-17 07:39:10','2017-10-17 07:39:10','aditest',0,'\0','2017-10-17 00:00:00',4234,'2424','24242',133),(134,'aditest','2017-10-17 07:39:26','2017-10-17 07:39:26','aditest',0,'\0','2017-10-17 00:00:00',234234,'342','3243',134),(135,'aditest','2017-10-17 07:39:52','2017-10-17 07:39:52','aditest',0,'\0','2017-10-17 00:00:00',42342,'42342','43242',135),(136,'aditest','2017-10-17 07:40:18','2017-10-17 07:40:18','aditest',0,'\0','2017-10-17 00:00:00',12313,'321321','1231',136),(137,'aditest','2017-10-17 07:40:40','2017-10-17 07:40:40','aditest',0,'\0','2017-10-17 00:00:00',3432,'34223423','43243',137),(138,'aditest','2017-10-17 07:41:06','2017-10-17 07:41:06','aditest',0,'\0','2017-10-17 00:00:00',432242342,'432423','342424',138),(139,'aditest','2017-10-17 07:42:15','2017-10-17 07:42:15','aditest',0,'\0','2017-10-17 00:00:00',32132,'3213123','3213123',139),(140,'aditest','2017-10-17 07:43:00','2017-10-17 07:43:00','aditest',0,'\0','2017-10-17 00:00:00',342424242,'34234242','34342432',140),(141,'aditest','2017-10-17 07:43:41','2017-10-17 07:43:41','aditest',0,'\0','2017-10-17 00:00:00',424242,'344342234','64354535',141),(142,'aditest','2017-10-17 07:44:11','2017-10-17 07:44:11','aditest',0,'\0','2017-10-17 00:00:00',5453453,'55345345345','43534535',142),(143,'aditest','2017-10-17 07:44:44','2017-10-17 07:44:44','aditest',0,'\0','2017-10-17 00:00:00',52345,'543252','543345',143),(144,'aditest','2017-10-17 07:45:26','2017-10-17 07:45:26','aditest',0,'\0','2017-10-17 00:00:00',453543,'45453453','4543543',144),(145,'aditest','2017-10-17 07:45:53','2017-10-17 07:45:53','aditest',0,'\0','2017-10-17 00:00:00',4545523,'6424532','3423434',145),(146,'aditest','2017-10-17 07:46:20','2017-10-17 07:46:20','aditest',0,'\0','2017-10-17 00:00:00',5545344,'5453452','454534',146),(147,'aditest','2017-10-17 07:46:51','2017-10-17 07:46:51','aditest',0,'\0','2017-10-17 00:00:00',434534,'5353534','45435354',147),(148,'aditest','2017-10-17 07:47:24','2017-10-17 07:47:24','aditest',0,'\0','2017-10-17 00:00:00',53453453453,'4535434252','34324342',148),(149,'aditest','2017-10-17 07:47:55','2017-10-17 07:47:55','aditest',0,'\0','2017-10-17 00:00:00',45345353,'54535435','53453354',149),(150,'aditest','2017-10-17 07:49:30','2017-10-17 07:49:30','aditest',0,'\0','2017-10-17 00:00:00',343423,'463454553','445353534',151),(151,'aditest','2017-10-17 07:50:03','2017-10-17 07:50:03','aditest',0,'\0','2017-10-17 00:00:00',334234,'dadada','dasdad',152),(152,'aditest','2017-10-17 07:50:29','2017-10-17 07:50:29','aditest',0,'\0','2017-10-17 00:00:00',54525242342,'4635345232','4324425254',153),(153,'aditest','2017-10-17 07:50:56','2017-10-17 07:50:56','aditest',0,'\0','2017-10-17 00:00:00',2342342342,'3424242423','345242434',154),(154,'aditest','2017-10-17 07:51:20','2017-10-17 07:51:20','aditest',0,'\0','2017-10-17 00:00:00',342342,'4232342','32424234',155),(155,'aditest','2017-10-17 07:51:42','2017-10-17 07:51:42','aditest',0,'\0','2017-10-17 00:00:00',45345345,'45453453','453453454',156),(156,'aditest','2017-10-17 07:56:50','2017-10-17 07:56:50','aditest',0,'\0','2017-10-17 00:00:00',50,'4/4/4','Goodyear',157),(157,'aditest','2017-10-17 08:06:33','2017-10-17 08:06:33','aditest',0,'\0','2017-10-17 00:00:00',309342,'5/5/5','3-09230',158),(158,'aditest','2017-10-17 08:07:10','2017-10-17 08:07:10','aditest',0,'\0','2017-10-17 00:00:00',32313,'6/6/6','4090953403',159),(159,'aditest','2017-10-17 08:07:32','2017-10-17 08:07:32','aditest',0,'\0','2017-10-17 00:00:00',100,'4/4/4','Goodyear',157),(160,'aditest','2017-10-17 08:07:41','2017-10-17 08:07:41','aditest',0,'\0','2017-10-17 00:00:00',500,'4/4/4','Goodyear',157),(161,'aditest','2017-10-17 08:08:02','2017-10-17 08:08:02','aditest',0,'\0','2017-09-27 00:00:00',50,'4/4/4','A',157),(162,'aditest','2017-10-17 08:10:20','2017-10-17 08:10:20','aditest',0,'\0','2017-10-17 00:00:00',100,'4/4/4','Goodyear',157),(163,'aditest','2017-10-17 08:10:57','2017-10-17 08:10:57','aditest',0,'\0','2017-10-17 00:00:00',200,'4/4/4','Goodyear',157),(164,'aditest','2017-10-17 08:13:03','2017-10-17 08:13:03','aditest',0,'\0','2017-10-17 00:00:00',130,'4/4/4','Goodyear',157),(165,'aditest','2017-10-17 08:18:04','2017-10-17 08:18:04','aditest',0,'\0','2017-10-17 00:00:00',50,'4/4/4','Goodyear',157),(166,'aditest','2017-10-17 08:18:58','2017-10-17 08:18:58','aditest',0,'\0','2017-10-17 00:00:00',80,'4/4/4','Goodyear',157),(167,'aditest','2017-10-17 08:19:22','2017-10-17 08:19:22','aditest',0,'\0','2017-10-17 00:00:00',80,'4/4/4','Goodyear',157),(168,'aditest','2017-10-17 08:21:03','2017-10-17 08:21:03','aditest',0,'\0','2017-09-30 00:00:00',1000,'4/4/4','Abc',157),(169,'aditest','2017-10-17 08:23:31','2017-10-17 08:23:31','aditest',0,'\0','2017-10-17 00:00:00',1000,'4/4/4','Abc',157),(170,'aditest','2017-10-17 08:24:54','2017-10-17 08:24:54','aditest',0,'\0','2017-10-17 00:00:00',130,'4/4/4','Goodyear',157),(171,'aditest','2017-10-17 08:26:33','2017-10-17 08:26:33','aditest',0,'\0','2017-10-17 00:00:00',500,'4/4/4','Eurolite',157),(172,'aditest','2017-10-17 08:28:17','2017-10-17 08:28:17','aditest',0,'\0','2017-10-17 00:00:00',500,'4/4/4','Giovana',157),(173,'aditest','2017-10-17 08:29:21','2017-10-17 08:29:21','aditest',0,'\0','2017-10-17 00:00:00',1,'4/4/4','Goodyear',120),(174,'aditest','2017-10-17 08:29:58','2017-10-17 08:29:58','aditest',0,'\0','2017-10-17 00:00:00',2,'4/4/4','Goodyear',120),(175,'aditest','2017-10-17 08:30:25','2017-10-17 08:30:25','aditest',0,'\0','2017-10-17 00:00:00',3,'4/4/4','Goodyear',120),(176,'aditest','2017-10-17 08:35:28','2017-10-17 08:35:28','aditest',0,'\0','2017-10-17 00:00:00',4,'4/4/4','Goodyear',120),(177,'aditest','2017-10-17 08:36:39','2017-10-17 08:36:39','aditest',0,'\0','2017-10-17 00:00:00',5,'4/4/4','ABC',120),(178,'aditest','2017-10-17 08:37:24','2017-10-17 08:37:24','aditest',0,'\0','2017-10-17 00:00:00',6,'4/4/4','AFA',120),(179,'aditest','2017-10-17 08:37:56','2017-10-17 08:37:56','aditest',0,'\0','2017-11-04 00:00:00',7,'4/4/4','QAD',120),(180,'aditest','2017-10-17 08:39:08','2017-10-17 08:39:08','aditest',0,'\0','2017-10-17 00:00:00',100,'4/4/4','Goodyear',157),(181,'aditest','2017-10-17 08:40:50','2017-10-17 08:40:50','aditest',0,'\0','2017-10-18 00:00:00',300,'3/3/3','Volkite',89),(182,'aditest','2017-10-17 08:41:58','2017-10-17 08:41:58','aditest',0,'\0','2017-10-18 00:00:00',300,'3/3/3','Volkite',89),(183,'aditest','2017-10-17 08:43:43','2017-10-17 08:43:43','aditest',0,'\0','2017-10-18 00:00:00',600,'3/3/3','AdMech',89),(184,'aditest','2017-10-17 08:45:05','2017-10-17 08:45:05','aditest',0,'\0','2017-10-18 00:00:00',600,'3/3/3','Fusil',89),(185,'aditest','2017-10-17 08:47:29','2017-10-17 08:47:29','aditest',0,'\0','2017-10-18 00:00:00',500,'3/3/3','Praeses',89),(186,'aditest','2017-10-17 08:49:08','2017-10-17 08:49:08','aditest',0,'\0','2017-10-18 00:00:00',700,'3/3/3','Godwin',89),(187,'aditest','2017-10-17 08:49:49','2017-10-17 08:49:49','aditest',0,'\0','2017-10-18 00:00:00',900,'3/3/3','LandSpeeder',89),(188,'aditest','2017-10-17 08:50:43','2017-10-17 08:50:43','aditest',0,'\0','2017-10-18 00:00:00',300,'3/3/3','LandRaider',89),(189,'aditest','2017-10-17 08:52:18','2017-10-17 08:52:18','aditest',0,'\0','2017-10-18 00:00:00',700,'3/3/3','Gsp',89),(190,'Daniel','2017-10-17 10:39:58','2017-10-17 10:39:58','Daniel',0,'\0','2017-10-10 00:00:00',150,'1/1/1','MF1',6),(191,'aditest','2017-10-17 10:47:13','2017-10-17 10:47:13','aditest',0,'\0','2017-10-30 00:00:00',380,'3/3/3','Auto',89),(192,'aditest','2017-10-19 13:14:31','2017-10-19 13:14:31','aditest',0,'\0','2017-10-19 00:00:00',300,'1/1/1','Whatever',160),(193,'aditest','2017-10-19 13:15:29','2017-10-19 13:15:29','aditest',0,'\0','2017-10-19 00:00:00',230,'2/2/2','Wharfrog',161),(194,'aditest','2017-10-19 13:30:43','2017-10-19 13:30:43','aditest',0,'\0','2017-10-19 00:00:00',312312,'32123','22131',162),(195,'Daniel','2017-10-20 10:06:09','2017-10-20 10:06:09','Daniel',0,'\0','2017-10-10 00:00:00',1000,'1/1/1','MF1',6),(196,'aditest','2017-10-23 07:23:20','2017-10-23 07:23:20','aditest',0,'\0','2017-10-24 00:00:00',500,'7/7/7','Goodyear',168),(197,'Daniel','2017-10-23 08:09:42','2017-10-23 08:09:42','Daniel',0,'\0','2017-10-23 00:00:00',432,'43','432',169),(198,'Daniel','2017-10-23 08:16:09','2017-10-23 08:16:09','Daniel',0,'\0','2017-10-13 00:00:00',400,'4/4/4','Detroit',170),(199,'adi','2017-10-23 08:18:31','2017-10-23 08:18:31','adi',0,'\0','2017-09-11 00:00:00',300,'1/1/1','Goodyear',44),(200,'adi','2017-10-23 08:18:48','2017-10-23 08:18:48','adi',0,'\0','2017-10-25 00:00:00',3000,'1/1/1','Goodyear',44),(201,'emiliau','2017-10-30 09:51:17','2017-10-30 09:51:17','emiliau',0,'\0','2016-10-30 00:00:00',100,'14','uzate',171),(202,'emiliau','2017-10-30 09:54:47','2017-10-30 09:54:47','emiliau',0,'\0','2017-09-12 00:00:00',0,'14','uzate',172),(203,'otto','2018-04-14 12:04:31','2018-04-14 12:04:31','otto',0,'\0','2018-04-04 00:00:00',300000,'22.5','',179),(204,'otto','2018-04-15 16:33:36','2018-04-15 16:33:36','otto',0,'\0','2018-04-02 00:00:00',5000,'22.5','',180),(205,'otto','2018-04-16 11:09:00','2018-04-16 11:09:00','otto',0,'\0','2018-04-16 00:00:00',1000,'22.5','',181),(206,'otto','2018-04-16 11:09:39','2018-04-16 11:09:40','otto',0,'\0','2018-04-16 00:00:00',47226,'22.5','',182),(207,'otto','2018-04-16 11:11:53','2018-04-16 11:11:53','otto',0,'\0','2018-04-16 00:00:00',3500,'22.5','',183),(208,'otto','2018-04-17 12:44:17','2018-04-17 12:44:17','otto',0,'\0','2018-04-16 00:00:00',3500,'22.5','',184),(209,'otto','2018-04-18 08:08:26','2018-04-18 08:08:26','otto',0,'\0','2018-04-18 00:00:00',4600,'22.5','Continental',185),(210,'otto','2018-04-19 08:31:40','2018-04-19 08:31:40','otto',0,'\0','2018-04-19 00:00:00',6000,'295/60R 22.5','Michelin ',186),(211,'otto','2018-04-19 08:33:30','2018-04-19 08:33:31','otto',0,'\0','2018-04-19 00:00:00',690000,'295/80 R22.5','Continental',187),(212,'otto','2018-04-19 08:35:33','2018-04-19 08:35:33','otto',0,'\0','2018-04-18 00:00:00',470000,'22.5','Continental',188),(213,'otto','2018-05-16 06:22:03','2018-05-16 06:22:03','otto',0,'\0','2018-05-16 00:00:00',8500,'22.5','Michelin',189),(214,'otto','2018-05-16 09:14:57','2018-05-16 09:14:57','otto',0,'\0','2018-05-16 00:00:00',6400,'22.5','Michelin',190),(215,'otto','2018-05-21 06:31:39','2018-05-21 06:31:39','otto',0,'\0','2018-04-18 00:00:00',47000,'22.5','Continental',188);
/*!40000 ALTER TABLE `vehicle_tires` ENABLE KEYS */;
UNLOCK TABLES;

--
-- Table structure for table `vehicle_vignettes`
--

DROP TABLE IF EXISTS `vehicle_vignettes`;
/*!40101 SET @saved_cs_client     = @@character_set_client */;
/*!40101 SET character_set_client = utf8 */;
CREATE TABLE `vehicle_vignettes` (
  `id` bigint(20) NOT NULL AUTO_INCREMENT,
  `created_by` varchar(255) DEFAULT NULL,
  `created_date` datetime DEFAULT NULL,
  `last_update_date` datetime DEFAULT NULL,
  `updated_by` varchar(255) DEFAULT NULL,
  `version` int(11) NOT NULL,
  `deleted` bit(1) NOT NULL,
  `vignette_enddate` datetime DEFAULT NULL,
  `vignette_startdate` datetime DEFAULT NULL,
  `country_id` bigint(20) DEFAULT NULL,
  `vehicle_id` bigint(20) DEFAULT NULL,
  PRIMARY KEY (`id`),
  KEY `FKfoltiiomshtyhtr7te5kqw5xw` (`country_id`),
  KEY `FKkswkbgmhdq1kfe491ceuqqu0e` (`vehicle_id`),
  CONSTRAINT `FKfoltiiomshtyhtr7te5kqw5xw` FOREIGN KEY (`country_id`) REFERENCES `countries` (`id`),
  CONSTRAINT `FKkswkbgmhdq1kfe491ceuqqu0e` FOREIGN KEY (`vehicle_id`) REFERENCES `vehicles` (`id`)
) ENGINE=InnoDB AUTO_INCREMENT=19 DEFAULT CHARSET=latin1;
/*!40101 SET character_set_client = @saved_cs_client */;

--
-- Dumping data for table `vehicle_vignettes`
--

LOCK TABLES `vehicle_vignettes` WRITE;
/*!40000 ALTER TABLE `vehicle_vignettes` DISABLE KEYS */;
INSERT INTO `vehicle_vignettes` VALUES (1,'aditest','2017-10-16 12:12:08','2017-10-16 12:12:08','aditest',0,'\0','2017-11-27 00:00:00','2017-02-01 00:00:00',2,86),(2,'aditest','2017-10-16 12:12:28','2017-10-16 12:12:28','aditest',0,'\0','2017-11-26 00:00:00','2017-02-01 00:00:00',1,92),(3,'aditest','2017-10-16 12:13:04','2017-10-16 12:13:04','aditest',0,'\0','2017-11-28 00:00:00','2017-02-01 00:00:00',4,85),(4,'Daniel','2017-10-20 10:06:52','2017-10-20 10:06:52','Daniel',0,'\0','2017-10-26 00:00:00','2017-10-19 00:00:00',1,6),(5,'logistix','2018-02-15 12:21:31','2018-02-15 12:21:31','logistix',0,'\0','2018-02-16 00:00:00','2018-02-15 00:00:00',1,44),(6,'logistix','2018-02-15 12:21:40','2018-02-15 12:21:40','logistix',0,'\0','2018-02-17 00:00:00','2018-02-16 00:00:00',2,44),(7,'logistix','2018-03-13 18:59:02','2018-03-13 18:59:06','logistix',0,'','2018-03-22 00:00:00','2018-02-28 00:00:00',1,44),(8,'logistix','2018-03-14 09:48:31','2018-03-14 09:48:31','logistix',0,'\0','2018-03-15 00:00:00','2018-03-14 00:00:00',1,44),(9,'logistix','2018-04-12 09:28:40','2018-04-12 09:28:40','logistix',0,'\0','2018-04-13 00:00:00','2018-04-12 00:00:00',1,44),(10,'otto','2018-04-17 07:03:23','2018-04-17 07:03:23','otto',0,'\0','2018-10-16 00:00:00','2018-04-16 00:00:00',1,179),(11,'otto','2018-04-17 07:04:13','2018-04-17 07:04:13','otto',0,'\0','2018-08-01 00:00:00','2018-01-01 00:00:00',1,180),(12,'otto','2018-04-17 07:04:25','2018-04-17 07:04:25','otto',0,'\0','2018-08-01 00:00:00','2018-01-01 00:00:00',1,181),(13,'otto','2018-04-17 07:04:38','2018-04-17 07:04:38','otto',0,'\0','2018-08-01 00:00:00','2018-01-01 00:00:00',1,182),(14,'otto','2018-04-17 07:05:11','2018-04-17 07:05:11','otto',0,'\0','2018-08-01 00:00:00','2018-01-01 00:00:00',1,183),(15,'otto','2018-04-18 08:08:43','2018-04-18 08:20:18','otto',0,'','2018-10-01 00:00:00','2018-04-01 00:00:00',1,185),(16,'otto','2018-04-18 08:09:10','2018-04-18 08:09:10','otto',0,'\0','2018-10-01 00:00:00','2018-04-01 00:00:00',1,184),(17,'otto','2018-04-18 08:20:26','2018-04-18 08:20:26','otto',0,'\0','2018-10-01 00:00:00','2018-04-01 00:00:00',1,185),(18,'otto','2018-05-10 06:32:19','2018-05-10 06:32:19','otto',0,'\0','2018-06-10 00:00:00','2018-05-10 00:00:00',1,188);
/*!40000 ALTER TABLE `vehicle_vignettes` ENABLE KEYS */;
UNLOCK TABLES;

--
-- Table structure for table `vehicles`
--

DROP TABLE IF EXISTS `vehicles`;
/*!40101 SET @saved_cs_client     = @@character_set_client */;
/*!40101 SET character_set_client = utf8 */;
CREATE TABLE `vehicles` (
  `id` bigint(20) NOT NULL AUTO_INCREMENT,
  `created_by` varchar(255) DEFAULT NULL,
  `created_date` datetime DEFAULT NULL,
  `last_update_date` datetime DEFAULT NULL,
  `updated_by` varchar(255) DEFAULT NULL,
  `version` int(11) NOT NULL,
  `chassis_series` varchar(255) DEFAULT NULL,
  `deleted` bit(1) NOT NULL,
  `mark` varchar(30) NOT NULL,
  `mileage` bigint(20) DEFAULT NULL,
  `model` varchar(30) DEFAULT NULL,
  `reg_nb` varchar(30) NOT NULL,
  `type` varchar(255) NOT NULL,
  `customer_id` bigint(20) DEFAULT NULL,
  PRIMARY KEY (`id`),
  KEY `FKjrosretvs9ih5ybhpsd5qskc3` (`customer_id`),
  CONSTRAINT `FKjrosretvs9ih5ybhpsd5qskc3` FOREIGN KEY (`customer_id`) REFERENCES `customers` (`id`)
) ENGINE=InnoDB AUTO_INCREMENT=191 DEFAULT CHARSET=latin1;
/*!40101 SET character_set_client = @saved_cs_client */;

--
-- Dumping data for table `vehicles`
--

LOCK TABLES `vehicles` WRITE;
/*!40000 ALTER TABLE `vehicles` DISABLE KEYS */;
INSERT INTO `vehicles` VALUES (1,'dan1','2017-10-10 13:09:53','2017-10-10 13:09:53','dan1',0,'','\0','volvo',0,'fh16','BH-01-CAMION','TRUCK',4),(2,'Daniel','2017-10-10 13:13:09','2017-10-10 13:18:16','Daniel',0,'5','','Mack Pinnacle',500,'CHU613','BH-01-CAMION','TRUCK',2),(3,'Daniel','2017-10-10 13:15:16','2017-10-10 13:24:09','Daniel',0,'2','','FREIGHTLINER CASCADIA',200,'DD15','BH-02-CAMION','TRUCK',2),(4,'Daniel','2017-10-10 13:19:45','2017-10-10 13:24:06','Daniel',0,'1','','FREIGHTLINER CASCADIA',100,'125','BH-01-CAMION','TRUCK',2),(5,'Daniel','2017-10-10 13:21:16','2017-10-10 13:24:14','Daniel',0,'3','','INT\'L PROSTAR',300,'DD15','BH-03-CAMION','TRUCK',2),(6,'Daniel','2017-10-10 13:25:45','2017-10-14 16:36:35','Daniel',0,'1','\0','FREIGHTLINER CASCADIA',14000,'DD15','BH-01-CAMION','TRUCK',2),(7,'Daniel','2017-10-10 13:27:31','2017-10-12 12:39:20','Daniel',0,'2','\0','FREIGHTLINER CASCADIA 125',12000,'DD15','BH-02-CAMION','TRUCK',2),(8,'Daniel','2017-10-10 13:29:18','2017-10-13 08:35:18','Daniel',0,'3','\0','Cummins ISX',12000,'Eagle','BH-03-CAMION','TRUCK',2),(9,'Daniel','2017-10-10 13:30:54','2017-10-23 12:37:26','Daniel',0,'4','\0','Western Star',23000,'4900EX','BH-04-CAMION','TRUCK',2),(10,'Daniel','2017-10-10 13:32:38','2017-10-13 08:56:28','Daniel',0,'5','\0','International Prostar',12000,'Cummins ','BH-05-CAMION','TRUCK',2),(11,'Daniel','2017-10-10 13:34:55','2017-10-13 09:11:54','Daniel',0,'6','\0','FREIGHTLINER M2 106',12000,'Cummins,ISB','BH-06-CAMION','TRUCK',2),(12,'Daniel','2017-10-10 13:36:33','2017-10-13 09:12:42','Daniel',0,'7','\0','Mack Granite CTP173',12000,'MP7','BH-07-CAMION','TRUCK',2),(13,'Daniel','2017-10-10 13:38:05','2017-10-13 09:13:50','Daniel',0,'8','\0','VOLVO VNL64T670',12000,'D13','BH-08-CAMION','TRUCK',2),(14,'Daniel','2017-10-10 13:39:24','2017-10-13 09:14:48','Daniel',0,'9','\0','FREIGHTLINER CORONADO 122 SD',12000,'Detroit DD15','BH-09-CAMION','TRUCK',2),(15,'Daniel','2017-10-10 13:40:46','2017-10-16 14:21:33','Daniel',0,'10','\0','WESTERN Star',15000,'Caterpiller','BH-10-CAMION','TRUCK',2),(16,'Daniel','2017-10-10 18:22:56','2017-10-12 12:04:41','Daniel',0,'1','\0','FREIGHT CASCADIA 125',22000,'Detroit 455','BH-01-PRELATA','LUTON_VAN',2),(17,'Daniel','2017-10-10 18:24:33','2017-10-13 08:30:41','Daniel',0,'2','\0','WABASH 53',22000,'T660','BH-02-PRELATA','LUTON_VAN',2),(18,'Daniel','2017-10-10 18:25:33','2017-10-13 08:52:08','Daniel',0,'3','\0','INT\'L PROSTAR',22000,'Navistar 450','BH-03-PRELATA','TRUCK',2),(19,'Daniel','2017-10-10 18:27:57','2017-10-13 08:26:20','Daniel',0,'4','\0','SPRINTER 2500',22000,'CASCADIA','BH-04-BUS','BUS',2),(20,'Daniel','2017-10-10 18:29:20','2017-10-13 08:55:31','Daniel',0,'5','\0','IZUZU NPR',22000,'4HK1-TC','BH-05-BUS','BUS',2),(21,'Daniel','2017-10-10 18:30:29','2017-10-13 09:07:12','Daniel',0,'6','\0','KENWORTH T2000',23000,'Cat Engine','BH-06-BUS','BUS',2),(22,'Daniel','2017-10-10 18:32:16','2017-10-12 12:02:08','Daniel',0,'1','\0','KENWORTH T600',32000,'Cummins ISX','BH-01-MINI','MINI_TRUCK',2),(23,'Daniel','2017-10-10 18:33:36','2017-10-13 09:51:23','Daniel',0,'2','\0','Caterpillar',33000,'Paccar MX','BH-02-MINI','MINI_TRUCK',2),(24,'Daniel','2017-10-10 18:34:38','2017-10-13 08:36:34','Daniel',0,'3','\0','Cummins MX',32000,'455 HP','BH-03-MINI','MINI_TRUCK',2),(25,'Daniel','2017-10-10 18:35:43','2017-10-23 08:11:11','Daniel',0,'4','','Cummins ISX15',32000,'450 HP','BH-04-MINI','MINI_TRUCK',2),(26,'Daniel','2017-10-10 18:37:05','2017-10-13 09:49:21','Daniel',0,'5','\0','KENWORTH T660',33000,'Cummins ISX','BH-05-MINI','MINI_TRUCK',2),(27,'Daniel','2017-10-10 18:44:07','2017-10-10 18:46:17','Daniel',0,'1','','KRONE',0,'SDP27','BH-01-REMORCA','TRAILER',2),(28,'Daniel','2017-10-10 18:45:20','2017-10-10 18:46:24','Daniel',0,'2','','SCHMITZ',0,'SKI 24/8.2','BH-02-REMORCA','TRAILER',2),(29,'Daniel','2017-10-10 18:58:51','2017-10-13 08:22:27','Daniel',0,'1','\0','KRONE',200,'SDP27','BH-01-REMORCA','TRAILER',2),(30,'Daniel','2017-10-10 18:59:59','2017-10-10 18:59:59','Daniel',0,'2','\0','SCHMITZ',0,'SKI 24/8.2','BH-02-REMORCA','TRAILER',2),(31,'Daniel','2017-10-10 19:01:19','2017-10-10 19:01:19','Daniel',0,'3','\0','Other Makes',0,'RICOE','BH-03-REMORCA','TRAILER',2),(32,'Daniel','2017-10-10 19:02:14','2017-10-10 19:02:14','Daniel',0,'4','\0','SCHMITZ',0,'SKO24','BH-04-REMORCA','TRAILER',2),(33,'Daniel','2017-10-10 19:03:23','2017-10-10 19:03:23','Daniel',0,'5','\0','OtherMakes',0,'Faymonville','BH-05-REMORCA','TRAILER',2),(34,'Daniel','2017-10-10 19:04:10','2017-10-10 19:04:10','Daniel',0,'6','\0','KRONE',0,'SDP 27','BH-06-REMORCA','TRAILER',2),(35,'Daniel','2017-10-10 19:05:05','2017-10-10 19:05:05','Daniel',0,'7','\0','OMEPS',0,'CM35','BH-07-REMORCA','TRAILER',2),(36,'Daniel','2017-10-10 19:06:39','2017-10-10 19:06:39','Daniel',0,'8','\0','FLIEGL',0,'DHKA-400','BH-08-REMORCA','TRAILER',2),(37,'Daniel','2017-10-10 19:07:47','2017-10-10 19:07:47','Daniel',0,'9','\0','PANCAR',0,'2-RTA-3.5-955','BH-09-REMORCA','TRAILER',2),(38,'Daniel','2017-10-10 19:08:48','2017-10-10 19:08:48','Daniel',0,'10','\0','PIACENZA',0,'S7R2L37','BH-10-REMORCa','TRAILER',2),(39,'adi','2017-10-11 07:07:53','2017-10-11 07:09:53','adi',0,'1234','','Mercedes',1000,'100S','BH-01-Camion','TRUCK',5),(40,'adi','2017-10-11 07:10:42','2017-10-11 07:19:32','adi',0,'15678','','Mercedes',15000,'100S','BH-01-CAMION','TRUCK',5),(41,'adi','2017-10-11 07:13:26','2017-10-11 07:19:34','adi',0,'673857231','','MAN',25000,'1400Erf','BH-02-CAMION','TRUCK',5),(42,'adi','2017-10-11 07:15:03','2017-10-11 07:19:37','adi',0,'18738572','','Iveco',900,'PowerStar','BH-03-CAMION','TRUCK',5),(43,'adi','2017-10-11 07:17:33','2017-10-11 07:19:40','adi',0,'3858284','','Tatra',30000,'Trakker','BH-04-CAMION','TRUCK',5),(44,'adi','2017-10-11 07:23:03','2018-04-17 12:18:14','logistix',0,'14289492','\0','Mercedes',16200,'345S','BH-01-CAMION','TRUCK',5),(45,'adi','2017-10-11 07:25:08','2017-10-11 11:12:29','adi',0,'48383857382','\0','Iveco',12000,'450Gf','BH-02-CAMION','TRUCK',5),(46,'adi','2017-10-11 07:26:18','2017-10-11 13:30:01','adi',0,'483438283','\0','Tatra',11100,'Trukker','BH-03-CAMION','TRUCK',5),(47,'adi','2017-10-11 07:27:49','2017-10-11 11:05:45','adi',0,'543847372','\0','Iveco',12000,'EuroCargo','BH-04-CAMION','TRUCK',5),(48,'adi','2017-10-11 07:29:07','2017-10-11 13:30:30','adi',0,'589438059834','\0','MAN',12000,'EuroStar','BH-05-CAMION','TRUCK',5),(49,'adi','2017-10-11 07:31:32','2017-10-11 13:30:54','adi',0,'68487573','\0','Iveco',13500,'Sralis','BH-06-CAMION','TRUCK',5),(50,'adi','2017-10-11 07:32:33','2017-10-11 07:32:33','adi',0,'564098303','\0','Renault',10000,'Erf','BH-07-CAMION','TRUCK',5),(51,'adi','2017-10-11 07:34:21','2017-10-11 08:16:37','adi',0,'4938597393','\0','Volvo',10000,'Master','BH-08-CAMION','TRUCK',5),(52,'adi','2017-10-11 07:35:21','2017-10-11 07:35:21','adi',0,'5908495803','\0','Mercedes',10000,'Mercedes Truck S','BH-09-CAMION','TRUCK',5),(53,'adi','2017-10-11 07:36:19','2017-10-11 07:36:19','adi',0,'989038204','\0','DAF',10000,'R 440','BH-10-CAMION','TRUCK',5),(54,'adi','2017-10-11 07:40:39','2017-10-11 07:40:39','adi',0,'55039958490','\0','Krone',0,'Standard','BH-01-REMORCA','TRAILER',5),(55,'adi','2017-10-11 07:41:57','2017-10-11 07:41:57','adi',0,'843794409842093','\0','Schmitz',0,'Cargobull R3','BH-02-REMORCA','TRAILER',5),(56,'adi','2017-10-11 07:45:07','2017-10-11 07:45:07','adi',0,'574870374583','\0','Schmitz',0,'S01','BH-03-REMORCA','TRAILER',5),(57,'adi','2017-10-11 07:46:13','2017-10-11 07:46:13','adi',0,'938508202','\0','Ackerman',0,'Weka','BH-04-REMORCA','TRAILER',5),(58,'adi','2017-10-11 07:47:18','2017-10-11 07:47:18','adi',0,'5993808090','\0','Lagendorf',0,'Bena','BH-05-REMORCA','TRAILER',5),(59,'adi','2017-10-11 07:48:59','2017-10-11 07:48:59','adi',0,'984039802','\0','Kogel',0,'Prelata','BH-06-REMORCA','TRAILER',5),(60,'adi','2017-10-11 07:50:21','2017-10-11 07:50:21','adi',0,'340397490','\0','LAG',0,'Mega','BH-07-REMORCA','TRAILER',5),(61,'adi','2017-10-11 07:51:25','2017-10-11 07:51:25','adi',0,'397402370','\0','Chereau',0,'Carrier','BH-08-REMORCA','TRAILER',5),(62,'adi','2017-10-11 07:52:23','2017-10-11 07:52:23','adi',0,'87329478392','\0','Schmitz',0,'Cargobull','BH-10-REMORCA','TRAILER',5),(63,'adi','2017-10-11 07:53:25','2017-10-11 07:53:25','adi',0,'9403984092','\0','Kaessbohrer',0,'Mega','BH-09-REMORCA','TRAILER',5),(64,'adi','2017-10-11 07:57:56','2017-10-11 07:57:56','adi',0,'48758473084','\0','Ford',20000,'F550','BH-04-BUS','BUS',5),(65,'adi','2017-10-11 07:59:12','2017-10-11 07:59:12','adi',0,'39420390932','\0','Mercedes',20000,'Sprinter','BH-05-BUS','BUS',5),(66,'adi','2017-10-11 08:00:23','2017-10-11 08:05:34','adi',0,'949089320920948','','GMC',20000,'G3500','BH-06-BUS','LUTON_VAN',5),(67,'adi','2017-10-11 08:02:03','2017-10-11 13:22:44','adi',0,'398492384923','\0','Mitsubishi',24100,'Fuso','BH-01-PRELATA','LUTON_VAN',5),(68,'adi','2017-10-11 08:04:21','2017-10-11 08:04:21','adi',0,'9309720','\0','Western Star',20000,'4700','BH-02-PRELATA','LUTON_VAN',5),(69,'adi','2017-10-11 08:07:29','2017-10-11 08:07:29','adi',0,'39849023402','\0','GMC',20000,'3500','BH-03-PRELATA','LUTON_VAN',5),(70,'adi','2017-10-11 08:08:40','2017-10-11 08:08:40','adi',0,'87348374394','\0','Mercedes',20000,'Sprinter 3800','BH-06-BUS','BUS',5),(71,'adi','2017-10-11 08:09:55','2017-10-13 09:52:29','adi',0,'038498322','\0','Honda',35000,'Acty','BH-01-MINI','MINI_TRUCK',5),(72,'adi','2017-10-11 08:11:01','2017-10-13 09:49:29','adi',0,'9429840384','\0','Daihatsu',0,'Hijet','BH-02-MINI','MINI_TRUCK',5),(73,'adi','2017-10-11 08:12:41','2017-10-11 08:12:41','adi',0,'65766858586','\0','Mazda',30000,'Scrum','BH-03-MINi','MINI_TRUCK',5),(74,'adi','2017-10-11 08:14:17','2017-10-11 08:14:17','adi',0,'4832482908','\0','Ford',30000,'F-350','BH-04-MINI','MINI_TRUCK',5),(75,'adi','2017-10-11 08:15:36','2017-10-11 08:15:36','adi',0,'837483482734082','\0','Mazda',30000,'BT_50','BH-05-MINI','MINI_TRUCK',5),(76,'aditest','2017-10-13 14:02:35','2017-10-13 14:23:33','aditest',0,'4r8494','','Skoda',1600,'1900s','BH-01-CAMION','TRUCK',6),(77,'aditest','2017-10-13 14:03:26','2017-10-13 14:23:31','aditest',0,'8483848381','','Mercedes',14100,'1500f','BH-02-CAMION','TRUCK',6),(78,'aditest','2017-10-13 14:04:56','2017-10-13 14:23:28','aditest',0,'49384939499','','Tatra',11100,'Trukker','BH-03-CAMION','TRUCK',6),(79,'aditest','2017-10-13 14:16:34','2017-10-13 14:23:25','aditest',0,'9842398092384','','Iveco',12000,'EuroCargo','BH-04-CAMION','TRUCK',6),(80,'aditest','2017-10-13 14:17:24','2017-10-13 14:23:22','aditest',0,'3984923809','','MAN',12000,'EuroStar','BH-05-CAMION','TRUCK',6),(81,'aditest','2017-10-13 14:18:23','2017-10-13 14:23:19','aditest',0,'984329084092','','Iveco',13500,'Sralis','BH-06-CAMION','TRUCK',6),(82,'aditest','2017-10-13 14:21:24','2017-10-20 13:18:30','aditest',0,'458495834','','Renault',14500,'Erf','BH-07-CAMION','TRUCK',6),(83,'aditest','2017-10-13 14:22:35','2017-10-16 12:20:49','aditest',0,'90948530594309','\0','Volvo',12000,'Master','BH-08-CAMION','TRUCK',6),(84,'aditest','2017-10-13 14:24:35','2017-10-13 14:25:39','aditest',0,'734237','','Mercedes',14100,'345S','BH-01-CAMION','TRUCK',6),(85,'aditest','2017-10-13 14:25:29','2017-10-20 13:03:36','aditest',0,'4040480','','Iveco',10001,'450Gf','BH-02-CAMION','TRUCK',6),(86,'aditest','2017-10-13 14:26:08','2017-10-16 12:33:06','aditest',0,'3940304','\0','Mercedes',10512,'350s','BH-01-CAMION','TRUCK',6),(87,'aditest','2017-10-13 14:27:08','2017-10-13 14:28:03','aditest',0,'98493842','','Tatra',11100,'Trukker','BH-03-CAMION','TRUCK',6),(88,'aditest','2017-10-13 14:27:56','2017-10-13 14:27:56','aditest',0,'4949-043','\0','Iveco',10000,'EuroCargo','BH-04-CAMION','TRUCK',6),(89,'aditest','2017-10-13 14:28:49','2017-10-20 13:04:13','aditest',0,'943-4-3','','EuroTruck',10000,'Trukker','BH-03-CAMION','TRUCK',6),(90,'aditest','2017-10-13 14:30:43','2017-10-16 12:19:45','aditest',0,'94953498593','\0','Mercedes',11500,'Mercedes Truck S','BH-09-CAMION','TRUCK',6),(91,'aditest','2017-10-13 14:32:07','2017-10-13 14:32:07','aditest',0,'309402-39','\0','DAF',10000,'R 440','BH-10-CAMION','TRUCK',6),(92,'aditest','2017-10-13 14:33:16','2017-10-19 13:13:23','aditest',0,'394230-49','','Krone',0,'Standard','BH-01-REMORCA','TRAILER',6),(93,'aditest','2017-10-13 14:34:30','2017-10-19 13:13:38','aditest',0,'938492830942','','Schmitz',0,'Cargobull R3','BH-02-REMORCA','TRAILER',6),(94,'aditest','2017-10-13 14:35:23','2017-10-13 14:35:23','aditest',0,'90390-9-23','\0','Schmitz',0,'S01','BH-03-REMORCA','TRAILER',6),(95,'aditest','2017-10-13 14:38:47','2017-10-13 14:38:47','aditest',0,'204930-29','\0','Weka',0,'Ackerman','BH-04-REMORCA','TRAILER',6),(96,'aditest','2017-10-13 14:39:52','2017-10-13 14:39:52','aditest',0,'23094090234','\0','Lagendorf',0,'Bena','BH-05-REMORCA','TRAILER',6),(97,'aditest','2017-10-13 14:41:00','2017-10-13 14:41:00','aditest',0,'30943294=2','\0','Kogel',0,'Piast','BH-06-REMORCA','TRAILER',6),(98,'aditest','2017-10-13 14:42:29','2017-10-16 12:29:16','aditest',0,'3942340-3','\0','MAN',13000,'EuroStar','BH-05-CAMION','TRUCK',6),(99,'aditest','2017-10-13 14:43:14','2017-10-16 12:27:04','aditest',0,'42409320','\0','Iveco',11001,'Sralis','BH-06-CAMION','TRUCK',6),(100,'aditest','2017-10-13 14:44:07','2017-10-13 14:44:07','aditest',0,'2380392-0','\0','LAG',0,'Mega','BH-07-REMORCA','TRAILER',6),(101,'aditest','2017-10-13 14:45:14','2017-10-13 14:45:14','aditest',0,'3094390239','\0','Chereau',0,'Carrier','BH-08-REMORCA','TRAILER',6),(102,'aditest','2017-10-13 14:46:19','2017-10-13 14:46:19','aditest',0,'938483942','\0','Kaessbohrer',0,'Mega','BH-09-REMORCA','TRAILER',6),(103,'aditest','2017-10-13 14:47:22','2017-10-13 14:47:22','aditest',0,'398492832','\0','Schmitz',0,'Cargobull','BH-10-REMORCA','TRAILER',6),(104,'aditest','2017-10-16 06:45:36','2017-10-16 06:54:04','aditest',0,'39492-342','','Ford',3000,'Focus','BH-04-BUS','BUS',6),(105,'aditest','2017-10-16 06:46:28','2017-10-16 06:46:45','aditest',0,'4-0394293','','Audi',4000,'Stopper','BH-05-BUS','TRUCK',6),(106,'aditest','2017-10-16 06:47:33','2017-10-16 06:54:07','aditest',0,'49405940','','Focus',3000,'Carolins','BH-05-BUS','BUS',6),(107,'aditest','2017-10-16 06:48:15','2017-10-16 06:54:50','aditest',0,'394348398','','Skoda',3000,'Carolina','BH-06-BUS','BUS',6),(108,'aditest','2017-10-16 06:49:19','2017-10-16 06:53:52','aditest',0,'3094039402','','Fiat',4000,'Lancia','BH-01-PRELATA','LUTON_VAN',6),(109,'aditest','2017-10-16 06:50:06','2017-10-16 06:53:56','aditest',0,'e9094039403','','Fiat',10000,'Celica','BH-02-PRELATA','LUTON_VAN',6),(110,'aditest','2017-10-16 06:52:19','2017-10-16 06:53:59','aditest',0,'039840394093','','California',1000,'39238492832','BH-03-PRELATA','LUTON_VAN',6),(111,'aditest','2017-10-16 06:55:36','2017-10-16 06:57:48','aditest',0,'=93=094','','3094-03',93049,'093-049','test2','TRUCK',6),(112,'aditest','2017-10-16 06:55:48','2017-10-16 06:57:44','aditest',0,'930940-39','','0940-394',30493,'0394039','test3','TRUCK',6),(113,'aditest','2017-10-16 06:56:11','2017-10-16 06:57:40','aditest',0,'0930493-4','','040394039',9304930,'03940-93','test4','TRUCK',6),(114,'aditest','2017-10-16 06:56:53','2017-10-16 06:57:37','aditest',0,'0-0249023','','ohfhjfhksdjh',49094,'iuriwueoriw','test5','TRUCK',6),(115,'aditest','2017-10-16 06:57:19','2017-10-16 06:57:33','aditest',0,'ieiruwei','','ieuriweu',32131,'iureiwu','test6','TRUCK',6),(116,'aditest','2017-10-16 06:58:21','2017-10-16 06:58:27','aditest',0,'eiwuqoiu','','hfoeuowi',321321,'ieioewuqi','test2','LUTON_VAN',6),(117,'aditest','2017-10-17 06:53:03','2017-10-17 06:53:03','aditest',0,'93849389283','\0','Mercedes',30000,'SLK','BH-01-MINI','MINI_TRUCK',6),(118,'aditest','2017-10-17 06:53:55','2017-10-17 06:53:55','aditest',0,'30490-239','\0','Ford',30000,'Qubiz','BH-02-MINI','MINI_TRUCK',6),(119,'aditest','2017-10-17 06:55:40','2017-10-17 06:55:40','aditest',0,'909420594','\0','Opel',30000,'Volvo','BH-03-MINI','MINI_TRUCK',6),(120,'aditest','2017-10-17 06:57:19','2017-10-17 06:57:19','aditest',0,'049324342','\0','Opel',30000,'0940594543','BH-04-MINI','MINI_TRUCK',6),(121,'aditest','2017-10-17 06:57:56','2017-10-17 06:57:56','aditest',0,'3040239-0','\0','Skoda',30000,'Ocatvia','BH-05-MINI','MINI_TRUCK',6),(122,'aditest','2017-10-17 06:59:04','2017-10-17 06:59:04','aditest',0,'49820948239','\0','Tatra',20000,'Tour','BH-01-PRELATA','LUTON_VAN',6),(123,'aditest','2017-10-17 06:59:58','2017-10-17 06:59:58','aditest',0,'30-94042392','\0','Toyota',20000,'Hilux','BH-03-PRELATA','LUTON_VAN',6),(124,'aditest','2017-10-17 07:03:18','2017-10-17 07:03:18','aditest',0,'9849342','\0','Ford',20000,'Focus','BH-02-PRELATA','LUTON_VAN',6),(125,'aditest','2017-10-17 07:24:08','2017-10-17 07:54:04','aditest',0,'49382','','Mercedes',20000,'Benz','BH-01-BUS','BUS',6),(126,'Daniel','2017-10-17 07:24:45','2017-10-17 07:25:15','Daniel',0,'7','','Piacenza',20000,'MD 250','BH-07-BUS','BUS',2),(127,'aditest','2017-10-17 07:35:55','2017-10-17 07:56:10','aditest',0,'409302','','Mercedes',20000,'Benz','BH-02-BUS','BUS',6),(128,'aditest','2017-10-17 07:37:01','2017-10-17 07:56:07','aditest',0,'8748974984793','','Ford',400,'Fiesta','BH-03-BUS','BUS',6),(129,'aditest','2017-10-17 07:37:55','2017-10-17 07:54:47','aditest',0,'sdkajal','','dsasdad',321312,'ajdkasaj','test1','TRUCK',6),(130,'aditest','2017-10-17 07:38:17','2017-10-17 07:55:08','aditest',0,'3242342','','dsdadsadasd',23213123,'sdadasdsad','test2','TRUCK',6),(131,'aditest','2017-10-17 07:38:31','2017-10-17 07:55:23','aditest',0,'31313','','sadasdas',31231,'31231231','test3','TRUCK',6),(132,'aditest','2017-10-17 07:38:56','2017-10-17 07:54:26','aditest',0,'424234','','432',3424,'32423','test4','BUS',6),(133,'aditest','2017-10-17 07:39:10','2017-10-17 07:54:30','aditest',0,'432424','','43424',2342323,'4342','test5','BUS',6),(134,'aditest','2017-10-17 07:39:26','2017-10-17 07:54:36','aditest',0,'342','','3432',3242,'32423','test6','BUS',6),(135,'aditest','2017-10-17 07:39:52','2017-10-17 07:54:38','aditest',0,'4324242','','434242',432424,'432424','test7','BUS',6),(136,'aditest','2017-10-17 07:40:18','2017-10-17 07:54:17','aditest',0,'31231','','323213',3131,'131231','test8','BUS',6),(137,'aditest','2017-10-17 07:40:40','2017-10-17 07:54:14','aditest',0,'43242','','3423432',32342,'43423','test9','TRUCK',6),(138,'aditest','2017-10-17 07:41:06','2017-10-17 07:54:50','aditest',0,'4324234','','432423',432423,'342342','test10','TRUCK',6),(139,'aditest','2017-10-17 07:42:15','2017-10-17 07:54:53','aditest',0,'32131231','','323131',3231231,'2323123','test11','BUS',6),(140,'aditest','2017-10-17 07:43:00','2017-10-17 07:54:55','aditest',0,'432423424','','434424342',545345345,'345534534','test12','BUS',6),(141,'aditest','2017-10-17 07:43:41','2017-10-17 07:54:57','aditest',0,'3432424234','','44343242',45656665756,'798674546','test14','MINI_TRUCK',6),(142,'aditest','2017-10-17 07:44:11','2017-10-17 07:55:02','aditest',0,'4534535345','','4543534543',0,'454534534','test16','TRAILER',6),(143,'aditest','2017-10-17 07:44:44','2017-10-17 07:53:58','aditest',0,'0878789985678754','','342342342',67695665,'423436635345','54756764','LUTON_VAN',6),(144,'aditest','2017-10-17 07:45:26','2017-10-17 07:55:04','aditest',0,'342434242','','343434',34342,'34342','test17','MINI_TRUCK',6),(145,'aditest','2017-10-17 07:45:53','2017-10-17 07:55:06','aditest',0,'5672445','','4342342',0,'757645434','test18','TRAILER',6),(146,'aditest','2017-10-17 07:46:20','2017-10-17 07:54:01','aditest',0,'4243452','','56354252',6433545,'4242432','555544211','LUTON_VAN',6),(147,'aditest','2017-10-17 07:46:51','2017-10-17 07:54:59','aditest',0,'453453','','653453453',453453435,'45453534','test156','TRUCK',6),(148,'aditest','2017-10-17 07:47:24','2017-10-17 07:55:11','aditest',0,'635453453453','','4434232423',34342423423,'5634553453','test21','MINI_TRUCK',6),(149,'aditest','2017-10-17 07:47:55','2017-10-17 07:55:14','aditest',0,'5353534','','4545343',453443,'423234','test22','MINI_TRUCK',6),(150,'aditest','2017-10-17 07:48:51','2017-10-17 07:53:54','aditest',0,'','','432423424',0,'','4342342test24','BUS',6),(151,'aditest','2017-10-17 07:49:30','2017-10-17 07:55:17','aditest',0,'34243645','','453453453',34234234,'3434243','test25','MINI_TRUCK',6),(152,'aditest','2017-10-17 07:50:03','2017-10-17 07:55:21','aditest',0,'0897790','','453453453',34355656534,'34342','test26','MINI_TRUCK',6),(153,'aditest','2017-10-17 07:50:29','2017-10-17 07:54:20','aditest',0,'342342342423423','','434242342',344242,'342425445245','test33','BUS',6),(154,'aditest','2017-10-17 07:50:56','2017-10-17 07:54:23','aditest',0,'452434543534533','','35345433453',4645454522434,'423243423424','test34','MINI_TRUCK',6),(155,'aditest','2017-10-17 07:51:20','2017-10-17 07:54:28','aditest',0,'453453455','','244242523243423',2424242,'44545234234','test45','TRUCK',6),(156,'aditest','2017-10-17 07:51:42','2017-10-17 07:54:33','aditest',0,'4534534','','5453453453',3425345,'34234242','test56','LUTON_VAN',6),(157,'aditest','2017-10-17 07:56:50','2017-10-17 08:08:28','aditest',0,'0409349-','\0','Mercedes',20000,'C++','BH-04-BUS','BUS',6),(158,'aditest','2017-10-17 08:06:33','2017-10-17 08:06:33','aditest',0,'0039240923','\0','Mercedes',20000,'Carrier','BH-05-BUS','BUS',6),(159,'aditest','2017-10-17 08:07:10','2017-10-17 08:07:10','aditest',0,'030940-32','\0','Ford',20000,'Fiesta','BH-06-BUS','BUS',6),(160,'aditest','2017-10-19 13:14:31','2017-10-20 13:02:11','aditest',0,'40-92-0492-9','','Erf',0,'94809382','BH=01-REMORCA','TRAILER',6),(161,'aditest','2017-10-19 13:15:29','2017-10-19 13:15:29','aditest',0,'09-049-493','\0','Erf',950530493,'908594853','BH-02-REMORCA','TRAILER',6),(162,'aditest','2017-10-19 13:30:43','2017-10-19 13:30:52','aditest',0,'33123','','test',0,'test','test','TRAILER',6),(163,'Daniel','2017-10-20 09:58:16','2017-10-20 09:58:56','Daniel',0,'r','','tert',423,'ter','rttre','TRUCK',2),(164,'Daniel','2017-10-20 09:58:29','2017-10-20 09:58:38','Daniel',0,'rew','','432',23,'rew','4324','TRUCK',2),(165,'adi','2017-10-20 10:00:48','2017-10-20 10:01:51','adi',0,'dfsfsdsfsfs','','fdfsfs',3423424234,'fdsfdsfds','sarcamobil','TRUCK',5),(166,'adi','2017-10-20 10:01:19','2017-10-20 10:01:54','adi',0,'dadasdad','','adasdas',213213213123,'dasd','sadasdads','TRUCK',5),(167,'Daniel','2017-10-20 10:04:54','2017-10-20 10:13:44','Daniel',0,'rty;lkjhgfd','','whatever',764,'asdjhsa','BH-99-SEBI','TRUCK',2),(168,'aditest','2017-10-23 07:23:20','2017-10-23 07:23:20','aditest',0,'9894853845','\0','Erf',10000,'Asfc','BH-07-CAMION','TRUCK',6),(169,'Daniel','2017-10-23 08:09:42','2017-10-23 08:13:46','Daniel',0,'342','','432',432,'432','test','TRUCK',2),(170,'Daniel','2017-10-23 08:16:09','2017-10-23 08:40:06','Daniel',0,'4','\0','Cummins ISX15',33000,'450 HP','BH-04-MINI','MINI_TRUCK',2),(171,'emiliau','2017-10-30 09:51:17','2017-10-30 09:55:14','emiliau',0,'seriesasiu','\0','Renault',111000,'clio','bh09uuf','TRUCK',8),(172,'emiliau','2017-10-30 09:54:47','2017-10-30 09:54:47','emiliau',0,'serie','\0','renault',260000,'Megane','BH09RBI','TRUCK',8),(173,'iulian','2018-02-03 13:31:41','2018-02-03 13:31:41','iulian',0,'YV2AG20A6EB680556','\0','VOLVO',555627,'FH13','BH41CLR','TRUCK',11),(174,'iulian','2018-02-03 13:35:42','2018-02-03 13:35:42','iulian',0,'YV2ASW0A78B518610','\0','VOLVO',1108272,'FH13','BH48CLR','TRUCK',11),(175,'iulian','2018-02-03 13:38:37','2018-02-03 13:38:37','iulian',0,'YV2AG30A7CB608302','\0','VOLVO',1073400,'FH13','BH43CLR','TRUCK',11),(176,'iulian','2018-02-03 13:39:01','2018-02-03 13:39:01','iulian',0,'','\0','KRONE',0,'MEGA','BH51CLR','TRAILER',11),(177,'iulian','2018-02-03 13:39:20','2018-02-03 13:39:20','iulian',0,'','\0','KRONE',0,'MEGA','BH52CLR','TRAILER',11),(178,'iulian','2018-02-03 13:39:43','2018-02-03 13:39:43','iulian',0,'','\0','KRONE',0,'MEGA','BH21RGS','TRAILER',11),(179,'otto','2018-04-14 12:04:31','2018-05-10 07:13:27','otto',0,'WAULC68e92a140677','\0','Man',643000,'26430','bh01ghb','TRUCK',14),(180,'otto','2018-04-15 16:33:36','2018-04-17 11:48:16','otto',0,'BA39J9KLM','','volvo',52500,'1','bh01tir','TRUCK',14),(181,'otto','2018-04-16 11:09:00','2018-05-08 07:15:01','otto',0,'BH837JO728','\0','Mercedes ',71300,'','BH02TIR','TRUCK',14),(182,'otto','2018-04-16 11:09:40','2018-05-10 07:14:25','otto',0,'BH73TO7R846','\0','Renault',92500,'','BH03TIR','TRUCK',14),(183,'otto','2018-04-16 11:11:53','2018-04-17 11:48:43','otto',0,'BH83BUS3984','','Mercedes',72900,'Travego','BH04BUS','BUS',14),(184,'otto','2018-04-17 12:44:17','2018-05-10 07:15:42','otto',0,'HQ88746M7K848','\0','Mercedes',75200,'Travego','BH04BUS	','BUS',14),(185,'otto','2018-04-18 08:08:26','2018-05-10 07:16:22','otto',0,'HD7895K5KJ008','\0','MAN',166300,'TGA 460','BH05TIR','TRUCK',14),(186,'otto','2018-04-19 08:31:40','2018-05-10 07:17:12','otto',0,'jo9u32ol930','\0','Man',643000,'TGX Mega','CJ98NPP','TRUCK',14),(187,'otto','2018-04-19 08:33:30','2018-05-10 07:16:51','otto',0,'JD043K03755','\0','MAN',693000,'TGA 480','BH83SRG','TRUCK',14),(188,'otto','2018-04-19 08:35:33','2018-05-10 07:11:22','otto',0,'SJD389J0822','\0','Volvo',490000,'FH 13','B103JBM','TRUCK',14),(189,'otto','2018-05-16 06:22:03','2018-05-16 06:22:03','otto',0,'FH3864GB9202','\0','Volvo',280500,'FH16','BH77CAP','TRUCK',14),(190,'otto','2018-05-16 09:14:57','2018-05-16 09:14:57','otto',0,'MN3204J3229','\0','MAN',310500,'V32','BH33TRM','TRUCK',14);
/*!40000 ALTER TABLE `vehicles` ENABLE KEYS */;
UNLOCK TABLES;
/*!40103 SET TIME_ZONE=@OLD_TIME_ZONE */;

/*!40101 SET SQL_MODE=@OLD_SQL_MODE */;
/*!40014 SET FOREIGN_KEY_CHECKS=@OLD_FOREIGN_KEY_CHECKS */;
/*!40014 SET UNIQUE_CHECKS=@OLD_UNIQUE_CHECKS */;
/*!40101 SET CHARACTER_SET_CLIENT=@OLD_CHARACTER_SET_CLIENT */;
/*!40101 SET CHARACTER_SET_RESULTS=@OLD_CHARACTER_SET_RESULTS */;
/*!40101 SET COLLATION_CONNECTION=@OLD_COLLATION_CONNECTION */;
/*!40111 SET SQL_NOTES=@OLD_SQL_NOTES */;

-- Dump completed on 2018-06-25  8:20:43
